cust_id,channel_internet_bank_pct,channel_pos_pct,channel_mobile_bank_pct,channel_e_invoice_pct,channel_atm_pct,channel_standing_payment_order_pct,channel_branch_pct,channel_paperless_service_pct,avg_daily_volume,median_transaction_size,total_monthly_volume,volatility_std,cv_coefficient,negative_day_pct,transaction_frequency,small_txn_pct,large_txn_pct,credit_debit_ratio,weekday_weekend_ratio,business_hours_pct,day_of_week_variance,beginning_end_month_ratio,unique_counterparties,top5_concentration,top10_concentration,counterparty_gini,business_type,cluster
00feb0ff373287a3b1b210369f5aef9bfffd5d02f6bc8fb9b42ef724881f8f90,0.9570552147239264,0.0306748466257668,0.0,0.0,0.0061349693251533,0.0,0.0061349693251533,0.0,-0.390983217549238,699.3778072551626,83871.03828252293,3117.5702657850784,7973.667528724031,0.6199095022624435,2.950226244343892,0.4355828220858895,0.00920245398773,0.5748792270392541,4.344262294725881,0.5552147239263804,0.446459980344069,1.2038834950871902,62,0.7361963190184049,0.7944785276073619,0.7519535163293929,Subscription_SaaS,Subscription_SaaS
015a03199023ec1485bd99e3f6743aac4e0917404e2c153bcb8ddf52aae24748,0.8778409090909091,0.0227272727272727,0.0,0.0,0.0994318181818181,0.0,0.0,0.0,-18.31366046511628,45.234,10612.77781395349,328.76188920071536,17.951730056774895,0.5069767441860465,3.2744186046511627,0.6903409090909091,0.0,0.7339901477651727,9.9999999984375,0.7869318181818182,0.731269337399028,2.102564102429323,34,0.5681818181818182,0.7386363636363636,0.6496672063320741,B2B_Services,B2B_Services_Steady
01964c2a2101c91f297b2b3685320cbd5bf62192a0d28e62ccd80d1f2ba09482,0.7606060606060606,0.0,0.0303030303030303,0.209090909090909,0.0,0.0,0.0,0.0,77.6686186440678,61.294,5281.368813559322,174.5116471596713,2.246874608867934,0.3601694915254237,2.796610169491525,0.9030303030303032,0.0,1.5190839694076683,3.124999999804688,0.4757575757575757,0.1709955595838123,1.6792452828604487,21,0.3727272727272727,0.7333333333333333,0.3414141414141414,B2B_Services,B2B_Services_Steady
01a37f0fbc7245a14b2dee8b1a3146ac52a3f0a8b89d5fe0f7f14041834f6a24,0.9518950437317784,0.0349854227405247,0.0131195335276967,0.0,0.0,0.0,0.0,0.0,6718.3602011348175,22.741748792557622,2542907.21424234,150084.5803555838,22.339466158722654,0.2270916334661354,2.733067729083665,0.7288629737609329,0.0889212827988338,2.8111111110330245,15.73170731515467,0.08600583090379,0.6415405279314598,0.8683127571837795,28,0.8454810495626822,0.8760932944606414,0.8494659546061415,Subscription_SaaS,Subscription_SaaS
02275ff8fd6178d1c5bee68c939abdeae4485a3aeb460ea5fabd4a4dda52ff3e,0.6525096525096525,0.1776061776061776,0.081081081081081,0.0,0.0038610038610038,0.0849420849420849,0.0,0.0,14.430703052650362,94.2090700376,27701.763506099087,2088.9141019908075,144.7548392425417,0.8350515463917526,2.670103092783505,0.5675675675675675,0.0038610038610038,0.1614349775748557,8.249999998526786,0.5984555984555985,0.6212606858027221,2.261538461364497,44,0.6911196911196911,0.8262548262548263,0.7126184626184626,Subscription_SaaS,Subscription_SaaS
0242db9ceae4b20cfa04f73d8c44ef47553b687de2a1c163f94ff7277826590d,0.9957716701902748,0.0,0.0042283298097251,0.0,0.0,0.0,0.0,0.0,19.26233333333336,695.001,258827.61,12962.1007854609,672.9247466765,0.4342105263157895,4.149122807017544,0.1733615221987315,0.175475687103594,0.5714285714190792,14.258064513829344,0.733615221987315,0.7063994497403415,1.6461538460905325,21,0.5031712473572939,0.7568710359408034,0.4240410752038659,B2B_Services,B2B_Services_Seasonal
036404e22158cbfbe3b57dec87c2af420e9119b3aa455d4711d91bfb02211655,0.9961315280464216,0.0,0.0038684719535783,0.0,0.0,0.0,0.0,0.0,68.15092903668867,58.16354851226739,29940.19434062571,2137.4847540295723,31.363985552790187,0.1648,3.3088,0.655705996131528,0.0077369439071566,2.7463768115444496,3.787037036949374,0.8307543520309478,0.5621256011504743,0.923076923063268,92,0.6644100580270793,0.753384912959381,0.8010049617357665,Subscription_SaaS,Subscription_SaaS
044dffb6835cb8ff50d393897996aad21f372a696030daa61519e804e6b2ae06,0.6561679790026247,0.2178477690288714,0.1128608923884514,0.0,0.0131233595800524,0.0,0.0,0.0,-4.521852804476874,53.94690127209111,20599.59588438176,1098.3597730280076,242.90038134624132,0.7869565217391304,3.313043478260869,0.6351706036745407,0.0,0.229032258060822,5.684210525817175,0.5958005249343832,0.5638944374358893,1.5619834710098353,41,0.5826771653543307,0.7454068241469817,0.7176444737420348,B2B_Services,B2B_Services_Seasonal
04bc585317db96de88088dee4de9a57ae59f0a3a6e50c2977bde0b62676eb4da,0.8895705521472392,0.0368098159509202,0.0122699386503067,0.0,0.0613496932515337,0.0,0.0,0.0,40.21964856765194,60.98632903232263,5164.050827978512,287.48454307474043,7.147863127637601,0.2671232876712329,2.232876712328767,0.8834355828220859,0.0,2.880952380609411,7.578947366426592,0.4907975460122699,0.5921763490623999,1.4150943394891422,12,0.8220858895705522,0.9447852760736196,0.5373931623931624,Subscription_SaaS,Subscription_SaaS
04cb0f16cf177d455b1a73327a9ef82f8a4542a90a474965fbe1339e23651bb3,0.8368967623701894,0.0,0.1618814905314599,0.0,0.0,0.0,0.0012217470983506,0.0,-710.2171274523745,719.9826923819687,608919.7560614638,34963.362877697706,49.22911814675995,0.2805755395683453,7.851318944844125,0.2339645693341478,0.1093463653023824,0.5680076628325287,57.46428570402424,0.7251069028711057,0.676332596598494,0.7559523809467563,238,0.2583995113011607,0.3604153940134392,0.6724460095583743,Digital_B2C,Digital_B2C_Steady
04e1d3e843b1a9969233d3896cdca1fec3070efd4920502312a0707000c5dbc8,0.9326923076923076,0.0048076923076923,0.0096153846153846,0.0,0.0,0.0,0.0528846153846153,0.0,-2444.077002467599,505.8325640142073,896083.7894882623,46990.70011175428,19.22635827926824,0.8446601941747572,4.038834951456311,0.3076923076923077,0.2115384615384615,0.1885714285660408,7.666666665069444,0.6826923076923077,0.8187656144672776,2.9999999996341464,36,0.5576923076923077,0.7740384615384616,0.6105717367853291,B2B_Services,B2B_Services_Steady
05178c7df708439424bc1232aa8e17a976d1e7bdd72f1d13de8a64fe70f66c12,0.8243243243243243,0.054054054054054,0.0,0.1216216216216216,0.0,0.0,0.0,0.0,-330.9684432989691,174.46800000000002,51051.86814432989,3352.6804943945967,10.12990985145,0.7731958762886598,3.051546391752577,0.3783783783783784,0.0337837837837837,0.1935483870889698,3.774193547778356,0.4864864864864865,0.7846543050936842,3.888888888168724,28,0.527027027027027,0.7162162162162162,0.5043436293436293,B2B_Services,B2B_Services_Steady
051ddeed8ac2c0fe2a8ad4b94e8e4710c16da24dad25756df2e8f0396667ab29,0.7511415525114156,0.1506849315068493,0.0981735159817351,0.0,0.0,0.0,0.0,0.0,223.424915718716,100.4755133128731,67533.19968312078,1434.4460044854852,6.420259798720027,0.5019011406844106,3.3307984790874525,0.4977168949771689,0.0502283105022831,0.9380530973243794,6.180327868345875,0.5776255707762558,0.7913706000445868,0.8993288590302239,133,0.363013698630137,0.4657534246575342,0.5743535897099357,B2B_Services,B2B_Services_Steady
053c270b181ec9762fff1ea17a6dd91fe292a2dae6a0ef4cce3a5720f55102d3,0.6374133949191686,0.2863741339491917,0.0,0.0423402617397998,0.0300230946882217,0.0,0.0038491147036181,0.0,171.84040688281672,175.43488502129128,271260.278068842,24998.829446241776,145.47701497142333,0.8279352226720648,5.2591093117408905,0.4087759815242494,0.0631254811393379,0.1159793814428007,5.098591549176089,0.5411855273287144,0.5285112158434013,1.3480392156697545,113,0.3687451886066205,0.4572748267898383,0.7141298512373794,B2B_Services,B2B_Services_Seasonal
05402f41cff22fc70cb3a824bb0effb8b831c38bca295b1b06175832f187af66,0.9287598944591028,0.0192235205427817,0.0030154542027892,0.049001130795326,0.0,0.0,0.0,0.0,-13.832627811629642,444.1686371729989,946358.2415954848,67820.14898124193,4902.911424768742,0.8184663536776213,8.303599374021909,0.2434979268752355,0.0972483980399547,0.1371624517785316,9.164750957678836,0.2438748586505842,0.6008315719438477,0.6972147349474519,386,0.1375800980022616,0.2178665661515265,0.6660467271949423,Digital_B2C,Digital_B2C_Seasonal
056bcf99500c5d21848dae2bfa26ef754435c5ee50f0b7ba4a2eeae2006cf717,0.7947052947052947,0.0757575757575757,0.0392940392940392,0.085081585081585,0.0041625041625041,0.0,0.0009990009990009,0.0,-1331.9171840759334,164.43155430619473,411736.0036777352,29498.538023823647,22.14742656396304,0.2566995768688293,16.942172073342736,0.3849483849483849,0.0191475191475191,2.37037037036372,6.124555160106024,0.4766899766899767,0.9444900773360104,1.622350674368586,340,0.175990675990676,0.2241092241092241,0.6380052637577842,Digital_B2C,Digital_B2C_Steady
05acfb20da63f0587952318992b4f135bb1208f549ea6d307959e04e86a3073b,0.8991228070175439,0.0032894736842105,0.0016447368421052,0.0,0.0959429824561403,0.0,0.0,0.0,2.1232188215948886,353.4376995553354,209463.29564343585,5324.146134314546,2507.582381565084,0.3762183235867446,7.111111111111111,0.3168859649122807,0.0422149122807017,0.8203592814330322,8.119999999797,0.8574561403508771,0.6117373521850668,1.1365131578853906,156,0.418859649122807,0.5614035087719298,0.7594096879394429,B2B_Services,B2B_Services_Seasonal
060849649046ee2a70f680d4cb22f95e954ace23967c1f25f6744911ff1c76df,0.8890688259109312,0.0,0.0008097165991902,0.0785425101214574,0.0121457489878542,0.0194331983805668,0.0,0.0,-1.4119143008955473,130.5056912178513,36904.990833053664,2055.269694114902,1455.661776536062,0.32409381663113,5.266524520255864,0.3182186234817813,0.0056680161943319,2.664688427260168,7.758865247951813,0.6850202429149798,0.3510003619615737,0.6738544474302715,81,0.1846153846153846,0.2842105263157894,0.4404197732097759,Mixed,Mixed
06118162ab812cbd7b05f5b2ba5f8ebb54ff18b59c1bd8b9a81ef1e6bb893427,0.981651376146789,0.0,0.0160550458715596,0.0,0.0,0.0,0.0022935779816513,0.0,-0.7769850921182749,87.85012505281077,17342.59148824347,932.3346952577872,1199.9389598539103,0.1814345991561181,3.679324894514768,0.5711009174311926,0.0,1.74213836472509,3.037037036896433,0.6674311926605505,0.4303977201057792,2.736111110921103,28,0.2775229357798165,0.5527522935779816,0.3250327653997378,B2B_Services,B2B_Services_Seasonal
065b2c9bfdb1419a556e8f19bd21b01a9d41eee41db06d72bf338478f43ef549,0.8618421052631579,0.0383771929824561,0.0010964912280701,0.0109649122807017,0.087719298245614,0.0,0.0,0.0,0.6900888994706817,163.69966532012697,73119.33404491273,3142.293160282879,4553.46132528504,0.6895674300254453,4.641221374045801,0.4407894736842105,0.006578947368421,0.2258064516113857,6.663865545938493,0.4013157894736842,0.4518295849347467,1.0965732087056608,141,0.4703947368421052,0.5789473684210527,0.7298127692523125,B2B_Services,B2B_Services_Seasonal
065eeb5d19acf383988976cb407fe69cba09c1616f9618e280a03fea626d6cd5,0.6818181818181818,0.3181818181818182,0.0,0.0,0.0,0.0,0.0,0.0,27.471204161662417,39.8890288248597,17959.253090572987,1253.4520507465793,45.62785245648468,0.6666666666666666,2.75,0.6262626262626263,0.0,0.3846153846019365,3.714285713843538,0.5353535353535354,0.6086944982902841,0.9135802468571864,46,0.5303030303030303,0.6262626262626263,0.634575569358178,B2B_Services,B2B_Services_Steady
069bdbfe92ec3dbe924669809d52d6527c685a667e6f8035f3a5d90bc0427434,1.0,0.0,0.0,0.0,0.0,0.0,0.0,0.0,-314.8529546972377,202.25830894779668,157345.07370185453,6443.211402606385,20.46419227222285,0.6736842105263158,4.126315789473685,0.25,0.0357142857142857,0.2098765432033988,8.333333331349206,0.5255102040816326,0.7091138399992868,4.333333332611111,11,0.6530612244897959,0.9948979591836736,0.2847866419294991,Subscription_SaaS,Subscription_SaaS
06cd3fa35dac6ecd3926d152ff8c29a13a968a708db4e08c6a9b3ada3963bd80,0.9664429530201344,0.0,0.0279642058165548,0.0,0.0,0.0,0.0055928411633109,0.0,-63.62376658132549,185.85866898486887,87241.20852620284,12937.487706953108,203.34363084874343,0.2122641509433962,4.216981132075472,0.1152125279642058,0.0123042505592841,4.58749999985664,5.984374999766235,0.529082774049217,0.5962805790587067,1.3648648648341246,61,0.145413870246085,0.2796420581655481,0.3986666926570632,B2B_Services,B2B_Services_Seasonal
06d7b5f0769eb5e7cc226ccf3afb224643921413000b87efc1b85e1703797e5b,0.7238372093023255,0.2616279069767442,0.002906976744186,0.0,0.0116279069767441,0.0,0.0,0.0,4.134556034482775,117.24825,26446.294784482758,1005.849115321298,243.27862641105588,0.7025862068965517,2.9655172413793105,0.4215116279069767,0.0,0.3815261044100095,6.166666666024306,0.5494186046511628,0.410634866722435,1.8191489360734492,27,0.5145348837209303,0.7325581395348837,0.6085546826287567,B2B_Services,B2B_Services_Seasonal
073227222dba6004a7b2a633c250a84313bad677cd415f14b7ce70677181033e,0.9900662251655628,0.0,0.009933774834437,0.0,0.0,0.0,0.0,0.0,2.3288474417086285,121.02608014136892,17235.557176017945,779.3935563529668,334.6692183642777,0.5645933014354066,2.889952153110048,0.4602649006622517,0.0,0.5811518324455196,5.863636362970042,0.7052980132450332,0.6142418200403232,0.7881355931869434,76,0.6357615894039735,0.7185430463576159,0.683252004182642,Subscription_SaaS,Subscription_SaaS
0766bb3f1b436e28ba51a8e48b4528c60a04f296f94de69c71b793628cacac7f,0.8590336469462606,0.0,0.1184819008132674,0.0173815978312868,0.0,0.0027108914048796,0.0023919630043055,0.0,18.885142151818037,65.12601384212454,5002682.620050685,164262.3097529537,8697.965222896713,0.188821752265861,18.94561933534743,0.5490352415882634,0.07638335193749,4.675113122150791,10.612962962864696,0.5705629086270132,0.7115774485290958,3.3703007518638617,794,0.1666400892999521,0.2179875617923776,0.680820439006837,Digital_B2C,Digital_B2C_Seasonal
077a594f95f91e0ce89566885f1334d9e014b77fe94e23d91d517ce24c3a212f,0.3244837758112094,0.0589970501474926,0.5014749262536873,0.0,0.1150442477876106,0.0,0.0,0.0,6.937335573457003,1273.5678669915949,220726.4477982505,3653.673030563259,526.6680538384113,0.6118421052631579,4.4605263157894735,0.1386430678466076,0.0412979351032448,0.4184100418322508,6.369565216698961,0.3480825958702065,0.5062296925972305,0.8290598290243991,24,0.5811209439528023,0.8053097345132744,0.615983606557377,B2B_Services,B2B_Services_Seasonal
07b39354714e400bb3b3f82fd0548f5bb2c1d8884d747d23c95c7fb77e6ea401,0.9655172413793104,0.0,0.0229885057471264,0.0,0.0,0.0,0.0114942528735632,0.0,0.2111883561787211,6.03010831098013,1257.013993174411,67.38140538252568,319.0583203125082,0.7846153846153846,2.6769230769230767,0.9655172413793104,0.0,0.1917808219046725,4.437499998613281,0.1839080459770115,0.3239644112134114,1.2307692305325444,7,0.7011494252873564,0.7241379310344828,0.6893424036281179,Subscription_SaaS,Subscription_SaaS
07bbbe9adca7fda0a0e7e7a77094098115b38947db5173cd272ad018eb52bd9d,1.0,0.0,0.0,0.0,0.0,0.0,0.0,0.0,43.99806249999999,142.5,16281.230625000002,932.6686199147204,21.197947516501237,0.6875,2.175,0.4712643678160919,0.0,0.4032258064190947,2.954545453873967,0.3908045977011494,0.5125615554100224,2.9523809516780046,9,0.9310344827586208,1.0,0.475095785440613,Subscription_SaaS,Subscription_SaaS
07c257d1ba69f603bc69ac348400ae7a0de01b2f171eb98c8ed52f59f67a014b,0.2328767123287671,0.7075342465753425,0.0513698630136986,0.0,0.0082191780821917,0.0,0.0,0.0,25.43282910638892,1.3962259411729352,39803.41369498977,1424.1536454984998,55.996666315851385,0.6567901234567901,7.209876543209877,0.6924657534246575,0.0,0.1947626841235893,4.593869731712761,0.547945205479452,0.5148653141091222,0.9165120593607003,25,0.2595890410958904,0.3102739726027397,0.7145050505050505,B2B_Services,B2B_Services_Steady
0850742ab7c68fb4d70db3a8cec5a406cbba000df17a8e0416d886a02ee44bc4,0.8183632734530938,0.0,0.1816367265469061,0.0,0.0,0.0,0.0,0.0,-11.6139800957873,197.7569538938259,29601.86031565325,1641.4070776003673,141.33028149259928,0.4493243243243243,3.385135135135135,0.3033932135728543,0.0019960079840319,1.2466367712724968,4.164948453393559,0.3912175648702595,0.3851526879290198,0.8453608246986927,29,0.2834331337325349,0.5229540918163673,0.3182600316608163,B2B_Services,B2B_Services_Seasonal
087cc632aa5440fb89fcbd72e8d36cea1a15f503887a2ee5dcb81868afdef954,0.83994708994709,0.0806878306878306,0.0793650793650793,0.0,0.0,0.0,0.0,0.0,48.57853731343284,157.5,77668.0047761194,3125.026932039572,64.32937474492778,0.7213930348258707,3.7611940298507465,0.3531746031746032,0.0039682539682539,0.2791878172565212,7.307692307290786,0.7195767195767195,0.5428332454876956,0.8923611110956187,52,0.4947089947089947,0.6984126984126984,0.7220018397148442,B2B_Services,B2B_Services_Steady
088787606d415ac7d8fbc8d58389c85c27c940556da10555579ac3e73e0d0da1,0.9921875,0.0052083333333333,0.0026041666666666,0.0,0.0,0.0,0.0,0.0,35.490272727272725,54.894000000000005,11214.297272727274,468.6169291076799,13.204094895994622,0.6277056277056277,3.324675324675325,0.6510416666666666,0.0,0.5118110236119722,7.533333332496297,0.5546875,0.4328991765642582,1.587155963229947,66,0.5182291666666666,0.6822916666666666,0.6685259909802991,B2B_Services,B2B_Services_Steady
09953e8157b4579ba2f1fe5e5df29a15644028ecf71c992eb6f110becf7589aa,0.6176470588235294,0.2785467128027681,0.0121107266435986,0.0415224913494809,0.0501730103806228,0.0,0.0,0.0,-44.343989940797655,227.04585464651905,110538.25361577456,5907.290813307405,133.2151396358763,0.7438271604938271,3.567901234567901,0.370242214532872,0.046712802768166,0.2324093816606353,3.982758620517985,0.3339100346020761,0.5123158462792948,1.139037433124625,91,0.3875432525951557,0.5155709342560554,0.6747573929202322,B2B_Services,B2B_Services_Seasonal
09a88bd6bf2a4135c00e618894eb0c0e63a9160cc6314f9c5c21a221fed05854,1.0,0.0,0.0,0.0,0.0,0.0,0.0,0.0,19.106266775631862,30.05410897903533,3231.635772282209,220.7990744627543,11.556369276116138,0.3736263736263736,2.065934065934066,0.8723404255319149,0.0,1.6857142854734697,7.545454542024793,0.4893617021276595,0.7020340255723619,19.499999975625,13,0.8723404255319149,0.9680851063829788,0.5973813420621932,Subscription_SaaS,Subscription_SaaS
09f5862aeb266d1058a87686407a74843a6a6093755d7b08c8660c9c752214da,0.8504385964912281,0.0074561403508771,0.043859649122807,0.0982456140350877,0.0,0.0,0.0,0.0,-78.70546049895033,128.2698121499455,49729.66066756734,2141.1574493799026,27.204687394420517,0.3250825082508251,7.524752475247524,0.2995614035087719,0.0030701754385964,3.007029876950729,6.261146496715587,0.5912280701754385,0.4477469647224413,0.7860962566792373,160,0.0890350877192982,0.150438596491228,0.4404009856630824,Digital_B2C,Digital_B2C_Steady
0a39bd69329f082f0b564f4cc42e79b1aec36dcd0309adb4e632e30b312597f0,0.674364896073903,0.2702078521939954,0.0138568129330254,0.0092378752886836,0.0323325635103926,0.0,0.0,0.0,-130.8347497448798,103.29325998756262,85218.88105425503,4979.141754442516,38.05672242100045,0.8083333333333333,3.608333333333333,0.4988452655889145,0.0346420323325635,0.1455026455007208,4.481012657944239,0.6096997690531177,0.3436401186956849,1.8207547168952476,57,0.4711316397228637,0.625866050808314,0.697344454031253,B2B_Services,B2B_Services_Steady
0a49cb2d7c330411e4e876501321cbdbca1fcef797c563fe09f940703046cb26,0.5911602209944752,0.0552486187845303,0.3480662983425414,0.0,0.005524861878453,0.0,0.0,0.0,-0.1281295761164662,28.990211355959705,10178.11961938731,260.68419595250026,2034.5355343265185,0.4629629629629629,3.351851851851852,0.7016574585635359,0.0,0.7745098038836025,11.066666662977775,0.5911602209944752,0.7353185775150244,0.3636363636127508,32,0.6353591160220995,0.7734806629834254,0.6613970588235294,Subscription_SaaS,Subscription_SaaS
0a985bb59f18846d9a10eb1b0e36b2adff3e7b75616d1331f6067bc01431aa54,0.7622377622377622,0.2377622377622377,0.0,0.0,0.0,0.0,0.0,0.0,68.58234426433447,40.52136389597994,18004.110552679078,1465.1157276513864,21.36287032987404,0.6785714285714286,2.5535714285714284,0.6433566433566433,0.0069930069930069,0.3883495145442548,5.49999999875,0.5174825174825175,0.8188368628481423,2.3749999996289066,18,0.5804195804195804,0.7832167832167832,0.5573770491803278,B2B_Services,B2B_Services_Steady
0af2174e92e163faec9b757f5038b7219210bbe39bb7191e00cb563c81030565,0.9419953596287703,0.0,0.0023201856148491,0.0556844547563805,0.0,0.0,0.0,0.0,137.33203107089008,185.14217060187048,26396.27726462505,1631.5147538131744,11.880074451474428,0.2055335968379446,3.4071146245059287,0.2529002320185615,0.0,2.0352112675339717,4.1927710840847725,0.505800464037123,0.4510425756575721,1.6788990824917935,26,0.3573085846867749,0.6357308584686775,0.3879171872211315,B2B_Services,B2B_Services_Steady
0b027d130a965d0dd03683055d14868929fe2810ce9459469b2af35a47b326f9,0.3935926773455377,0.3539282990083905,0.003813882532418,0.0366132723112128,0.2120518688024409,0.0,0.0,0.0,43.91453581378751,119.1838122581766,120464.39874831418,7372.188853625075,167.87582324009736,0.7741935483870968,5.638709677419355,0.4523264683447749,0.0259344012204424,0.3202416918412878,5.041474654261717,0.6338672768878718,0.4045540808528302,0.9889867841300772,41,0.5675057208237986,0.6247139588100686,0.8266286558969486,B2B_Services,B2B_Services_Seasonal
0b83f8e6f058b1a72e2f16dc03b1f8df4b683fd256185f480c0bef7f276d0f2d,0.5502958579881657,0.1834319526627219,0.2426035502958579,0.0059171597633136,0.0177514792899408,0.0,0.0,0.0,-2.5005965940897217,49.02966240590161,16279.23583535667,1043.8988616767103,417.4599213521347,0.5470085470085471,2.888888888888889,0.7041420118343196,0.0,0.579439252309372,3.970588234710208,0.4733727810650887,0.6192027247696806,2.906249999545899,30,0.4970414201183432,0.650887573964497,0.591358024691358,B2B_Services,B2B_Services_Seasonal
0bdf7bb7223572c68795e35bd8721d8170c02eb9ea60b00e239a23f1f62a4abb,0.9380987472365512,0.0,0.0036845983787767,0.0,0.0,0.0567428150331613,0.0014738393515106,0.0,-9.688031532215907,403.20277551296016,187890.1686447856,5780.109394308048,596.6237175344687,0.4349775784753363,6.085201793721973,0.3581429624170965,0.0390567428150331,0.8021248339920178,11.336363635848349,0.5202652910832719,0.5843898878624522,1.6382352940935554,223,0.3669859985261606,0.4797347089167281,0.7070783232138842,B2B_Services,B2B_Services_Seasonal
0c36cac5781e150d544db428c481ab8ac64f9bf5e7ca4a5a22a0e565665ff915,0.7535953978907,0.1907957813998082,0.0105465004793863,0.022051773729626,0.012464046021093,0.0105465004793863,0.0,0.0,-79.13054409610908,206.3086393665176,121798.47071969468,4509.374537748683,56.98652257087852,0.7664399092970522,4.73015873015873,0.4295302013422818,0.022051773729626,0.2057803468196198,4.40414507760611,0.6548418024928092,0.7927019863453836,1.2333333333146463,50,0.5714285714285714,0.7305848513902206,0.7607700312174818,B2B_Services,B2B_Services_Steady
0c3df2f1e3acd4ef8d8ea680cccb9ec39bbeb438cea333fd6bda07a0fff0b9e2,0.8461538461538461,0.1384615384615384,0.0153846153846153,0.0,0.0,0.0,0.0,0.0,209.9576315789473,1.05,19766.515263157897,1023.3346033358232,4.874005272355596,0.6491228070175439,2.280701754385965,0.6307692307692307,0.0,0.6666666665811967,3.3333333322222223,0.2769230769230769,0.7899737470500484,4.333333330925925,11,0.7846153846153846,0.9076923076923076,0.5878787878787879,Subscription_SaaS,Subscription_SaaS
0c91a740c9beaccb45f3cd189ce84bb216eb24c6b4258236c4fb1204e86a577a,0.98,0.0,0.02,0.0,0.0,0.0,0.0,0.0,-109.84741305959936,140.76019521767046,20795.698984021405,2062.591756658189,18.776880574796333,0.4523809523809524,2.380952380952381,0.42,0.01,1.1276595743481217,8.9999999955,0.56,1.0603326181321668,1.916666666267361,37,0.56,0.69,0.5243243243243243,B2B_Services,B2B_Services_Steady
0ca41bf3699b261b6fefcbaaa6f86f9b0301448ed6a9d7eddb5eec2db23122ab,0.9634999271455632,0.0,0.036208655107096,0.0,0.0,0.0,0.0002914177473408,0.0,255.9118248175185,654.51225,3555421.183182482,68402.67319803416,267.2900060172552,0.3722627737226277,40.07591240875912,0.1726650152994317,0.1335421827189276,1.4785120982290731,26.785425100943467,0.810359900917966,0.6534179074496149,0.9678852757009008,2017,0.1197726941570741,0.1790033513040944,0.7485494466845903,Digital_B2C,Digital_B2C_Seasonal
0cef7192f6cf40e7c019d3293833a2eb0c7b39b9ff02eb228f641574507251e1,1.0,0.0,0.0,0.0,0.0,0.0,0.0,0.0,8.591351481754753,1.007066838693319,5219.426011579734,372.6702883314974,43.37737650347032,0.7021276595744681,2.127659574468085,0.84,0.0,0.3888888888348766,3.166666665347222,0.24,0.8143595082997426,42.999999785,11,0.86,0.98,0.6,Subscription_SaaS,Subscription_SaaS
0d10a64cd9e31e6c6ef088bcf5ff948d6db1fcb703848a187c97d6f3fe7ce923,0.9528535980148884,0.0446650124069478,0.0024813895781637,0.0,0.0,0.0,0.0,0.0,-5.4815210671961605,95.53263347136487,19831.2319284216,897.9017026893667,163.80520845295194,0.4304932735426009,3.6143497757847536,0.5037220843672456,0.0,1.121052631549446,7.224489795181175,0.4665012406947891,0.5428890257635194,9.12121211983012,40,0.3622828784119106,0.5831265508684863,0.5044871794871795,B2B_Services,B2B_Services_Seasonal
0d47d18c49dac11fb7c9936e9a16ca11494a77d1a210e5f1e410f6353f6915b7,0.9587716804094398,0.0187659937446687,0.0132214955928348,0.0035541654819448,0.0054023315325561,0.0,0.0002843332385555,0.0,11.56968156297594,202.0670756989966,333411.4042323008,9214.57369432374,796.4414263437312,0.3386396526772793,20.3589001447178,0.3473130508956497,0.0112311629229456,1.6573479410622265,16.454094292599827,0.7005970998009667,0.565913007223388,1.0764304013640555,881,0.300966733011089,0.3797270400909866,0.7545324126623786,Digital_B2C,Digital_B2C_Seasonal
0d72948c6b2099aba323eefe0640ef190fbbbfc1aaa77d3722d9dbe5bf875970,0.8714395688991532,0.0,0.0400307929176289,0.0869899923017706,0.0,0.0,0.0015396458814472,0.0,-1.520242678710256,417.7383134209249,273104.07010870514,6578.090612020741,4327.000327560506,0.4228855721393035,6.462686567164179,0.2486528098537336,0.0638953040800615,0.373150105706273,14.841463413729178,0.4126250962278676,0.6486874524251469,0.8027027026918554,85,0.3387220939183987,0.4988452655889145,0.7363789778206364,Mixed,Mixed
0d8255e40090f76c5420d066151c126680490c140765ace18311f53a9c3f317a,0.7460035523978685,0.1962699822380106,0.0,0.0106571936056838,0.0461811722912966,0.0,0.0008880994671403,0.0,358.6608623148029,171.95427404276498,514659.6047883056,25996.77923111365,72.48289947948375,0.8309278350515464,9.28659793814433,0.4103019538188277,0.0732682060390763,0.0548009367680215,11.04278074836784,0.6984902309058615,0.7112860461311633,1.6539162112781975,182,0.4298401420959147,0.5142095914742452,0.7753230943141922,B2B_Services,B2B_Services_Seasonal
0dab1c3598830cc3627621aeea766aaefed8163e51a1b3b26c57a82359d42064,0.7307692307692307,0.2576923076923076,0.0,0.0,0.0115384615384615,0.0,0.0,0.0,15.426912381577033,50.06686293127521,11376.777333365437,547.0876668368169,35.46319917753096,0.7754010695187166,2.7807486631016043,0.6846153846153846,0.0,0.2745098039148404,4.531914893134903,0.6461538461538462,0.4311398873706658,2.253731343115393,27,0.6384615384615384,0.7807692307692308,0.6912487708947886,Subscription_SaaS,Subscription_SaaS
0dbf018ee2769584085e32399b1633bbd695f99160f77c1f27e738c0d052f23c,0.528494301139772,0.3089382123575285,0.1277744451109778,0.0011997600479904,0.0335932813437312,0.0,0.0,0.0,144.49454183988158,298.6871545866322,191844.51923733443,6691.579029602621,46.31025465691737,0.7771317829457365,6.461240310077519,0.3593281343731254,0.0593881223755249,0.1480716253438427,4.708904109508409,0.5116976604679064,0.7060234614485479,1.444672131132739,93,0.295740851829634,0.4289142171565687,0.6984300554557525,Retail,Retail_Steady
0dda2af2db6bfb896be24b0c7ccea4b99bf8088ba15f72fdc575d3c0e962cdcc,0.9849785407725322,0.0,0.0150214592274678,0.0,0.0,0.0,0.0,0.0,45.21621238017949,116.4759256872403,19831.63701300549,1132.0587895304209,25.03656829461223,0.2624113475177305,3.3049645390070923,0.4613733905579399,0.0,1.7904191616230414,4.753086419459685,0.6652360515021459,0.4558895855578704,4.1428571425881255,34,0.3583690987124464,0.6201716738197425,0.482832618025751,B2B_Services,B2B_Services_Steady
0e107ddaa321a73bca0010e4065302d6d4fbf2a4b3040cc4cf1b4cd81e33115d,1.0,0.0,0.0,0.0,0.0,0.0,0.0,0.0,-63.63283333333333,10.165,12108.265,870.6288780640466,13.68206996797606,0.8421052631578947,3.684210526315789,0.780952380952381,0.0,0.0937499999975585,5.774193547455775,0.3428571428571428,0.717334179256966,8.19999999795,24,0.8333333333333334,0.923809523809524,0.7416666666666667,Subscription_SaaS,Subscription_SaaS
0e125a7feaa92e7e6c892c585238d62f23b58b2a6b1597fcec40861fb99b3a62,0.9959758551307848,0.0,0.0040241448692152,0.0,0.0,0.0,0.0,0.0,5.946621323911495,78.80814010066358,13829.318189896654,564.0707026079076,94.8556618850456,0.2851063829787234,4.229787234042553,0.6861167002012073,0.0,1.5228426395552577,5.291139240171447,0.5010060362173038,0.3423907418249817,6.224489795283215,35,0.2716297786720322,0.5130784708249497,0.4050589249784421,B2B_Services,B2B_Services_Seasonal
0e460369d7ce535d3e0f3f8aae5a0d0be25ffb37f027fa41f274fd06f336e956,0.8516949152542372,0.0,0.0330508474576271,0.0822033898305084,0.0127118644067796,0.0203389830508474,0.0,0.0,-92.0186096912572,142.09742775410274,41857.48398172825,2527.518276421678,27.46746864169527,0.3059071729957806,4.9789029535864975,0.1940677966101694,0.009322033898305,3.354243542373538,5.020408163137234,0.6110169491525423,0.3268253368062385,0.4550264550204361,77,0.1406779661016949,0.2423728813559322,0.3721172263371752,B2B_Services,B2B_Services_Steady
0e68d5e57ad307222a9f38365f2cb3d8af7b347883d8a402d4d849aa1f79e724,0.6899628252788104,0.2817843866171003,0.0,0.0,0.0282527881040892,0.0,0.0,0.0,-527.5342919254657,133.3705,206200.89285714284,17667.206275929148,33.490157030569705,0.7971014492753623,5.569358178053831,0.4669144981412639,0.0475836431226765,0.1208333333328298,7.459119496620782,0.4825278810408921,0.6323285515091442,1.3255813953317108,129,0.4148698884758364,0.516728624535316,0.7463311561113145,B2B_Services,B2B_Services_Steady
0e93dec39644e7a0360057a6ec7b9a305457dbcd33a5204e71e3da12561687d0,0.9914065240266572,0.0,0.0063135741844966,0.0003507541213609,0.0,0.0014030164854437,0.0005261311820413,0.0,2844.0293928340266,669.2289177084369,1168555.243157673,28626.329128437137,10.06541254477361,0.3312597200622084,17.73561430793157,0.1271483689933356,0.0713784636969484,2.464155528546585,10.542510121350784,0.6836197825324447,0.5898323130396096,2.914519906306121,545,0.1446860750613819,0.1745001753770606,0.5740074038306776,Digital_B2C,Digital_B2C_Steady
0ee806fa0f2a56dd2545d01a2f45204496d2bcf6307231173493bedfff7d0604,0.7633885102239533,0.0233690360272638,0.0272638753651411,0.1859785783836416,0.0,0.0,0.0,0.0,18.27357843890913,139.24391404453343,56791.74111063816,4052.498309759431,221.76818410744016,0.4437086092715231,4.534216335540839,0.3261927945472249,0.0223953261927945,1.8060109289370765,4.293814432879025,0.4664070107108082,0.2889078978215686,0.4746987951750036,79,0.1499513145082765,0.2667964946445959,0.4443664619626519,B2B_Services,B2B_Services_Seasonal
0ef2e0ee3eb485b76e5b4886104b400944ebf17e608438072fe2cc1b68f0627e,0.7887700534759359,0.1724598930481283,0.0066844919786096,0.0320855614973262,0.0,0.0,0.0,0.0,-235.68345295760864,88.68583024760058,314995.1876444984,19212.1342685511,81.51668700810971,0.8014705882352942,5.5,0.516042780748663,0.1323529411764706,0.1651090342666269,15.62222222048642,0.8328877005347594,0.7008562518039582,2.4705882352133792,49,0.4719251336898395,0.6711229946524064,0.6880552220888355,B2B_Services,B2B_Services_Seasonal
0f318fa315b2b502550d08a85f2144be3c3dc033f2ddaf5cb800c19042d48c84,0.8983050847457628,0.0406779661016949,0.047457627118644,0.0067796610169491,0.0067796610169491,0.0,0.0,0.0,-945.9466115416102,457.6382705690674,511896.7225445882,17297.055129460045,18.28544541333909,0.6964285714285714,3.511904761904762,0.247457627118644,0.288135593220339,0.4824120602893866,7.428571427510205,0.5661016949152542,0.4582007578049966,3.26785714256537,61,0.4644067796610169,0.6169491525423729,0.5905042827159793,B2B_Services,B2B_Services_Steady
0f5cf8462a300db27ab653d7a40103d80d0b428d5da7fb459aa38e3fab728cc3,0.4193548387096774,0.5403225806451613,0.032258064516129,0.0,0.0080645161290322,0.0,0.0,0.0,-24.084663857346168,34.384944084621154,5909.828224743056,392.7364796855188,16.306496193953045,0.8130841121495327,2.317757009345794,0.8064516129032258,0.0,0.215686274499231,4.636363635309917,0.4838709677419355,0.6898566011233441,1.9705882350043251,15,0.7338709677419355,0.7903225806451613,0.7417475728155339,Subscription_SaaS,Subscription_SaaS
0f9bde8661a0b3a00799ee8272b1d57ecb3a64a2da7faf95d28b77fa0883f4c4,0.80625,0.19375,0.0,0.0,0.0,0.0,0.0,0.0,324.37683974128856,69.15349124858352,96249.540331364,6940.976850551167,21.39788048947349,0.6878453038674033,6.187845303867404,0.5919642857142857,0.0223214285714285,0.2108108108096713,11.043010752094462,0.8366071428571429,0.6922578411856495,2.5960784313216454,80,0.3303571428571428,0.4669642857142857,0.6729145342886387,Mixed,Mixed
0fa6cf80db5f806f5d70b8ba34390c429a823faa4f5f5cc4a2bcc1bf1fb718c0,1.0,0.0,0.0,0.0,0.0,0.0,0.0,0.0,331.2711114060121,193.47545132586035,386423.71804146166,816.8662394881868,2.465854133783376,0.4968553459119497,2.616352201257861,0.3269230769230769,0.0673076923076923,0.7333333333027777,9.39999999765,0.5576923076923077,1.639561235194004,4.818181817086777,20,0.5721153846153846,0.903846153846154,0.4927884615384615,B2B_Services,B2B_Services_Steady
10a2c1587278f4b4b9555ca854111066a6416abe5415a68ffa8cc49dbb8e3e20,0.7182320441988951,0.281767955801105,0.0,0.0,0.0,0.0,0.0,0.0,-73.40906200763989,114.86977864007912,8288.326611734143,250.28962340558377,3.409519431612411,0.6291390728476821,2.3973509933774837,0.1519337016574585,0.0,0.5739130434533081,4.027777777218365,0.6187845303867403,0.2679205618661732,2.0888888886567902,32,0.5027624309392266,0.6353591160220995,0.6092672413793103,B2B_Services,B2B_Services_Steady
10fc0fe72e79d3c78272cd1195363c1884b78663fd1ec1bb34d89fa9564af9a1,0.6575180409322134,0.0981899917189163,0.2138885602744587,0.0299302022950431,0.0004732047793682,0.0,0.0,0.0,15.885150075940969,117.24007845786672,622697.3295283733,21301.163573860707,1340.9482100337937,0.4649122807017544,24.716374269005847,0.4728498757837454,0.0445995504554596,1.408262108260102,14.6247689462604,0.6125635868922276,0.6516910329006198,1.1000471920691364,950,0.1346267597302732,0.1640837572459481,0.645567201995535,Digital_B2C,Digital_B2C_Seasonal
11224b5937de3414cf096605e4d2a06ee5f1310c989f9248ffd63de1ef53b14c,0.622093023255814,0.1356589147286821,0.0135658914728682,0.2209302325581395,0.005813953488372,0.0,0.001937984496124,0.0,-23.500734187309195,67.91031760905543,95980.65365867142,6796.87729570748,289.21978516252966,0.6454183266932271,4.111553784860558,0.5775193798449613,0.0251937984496124,0.3983739837344394,3.91428571409932,0.5213178294573644,0.2913797691257118,1.190140845028516,128,0.3720930232558139,0.5348837209302325,0.6426759769539078,B2B_Services,B2B_Services_Seasonal
1130f7aa3f169c51d23c06e5ad6572535d4bec8ee748722b524d43478026a023,0.4468911917098445,0.1541450777202072,0.3937823834196891,0.0,0.005181347150259,0.0,0.0,0.0,-42.50452757236651,130.04281990853056,38693.6491191264,2255.331107246247,53.0609616322826,0.5571428571428572,4.411428571428571,0.4455958549222797,0.0012953367875647,0.4349442379141734,9.293333332713775,0.6709844559585493,0.6327059143392278,1.3048327137303934,189,0.3523316062176165,0.4896373056994819,0.6482059733425853,B2B_Services,B2B_Services_Steady
1159f0c7af41fc71b094e33706277ae7bbf4437bfb79623ed06ba541a30834fd,0.9443037974683544,0.0,0.0556962025316455,0.0,0.0,0.0,0.0,0.0,37.42841962879126,4.841203441444091,7260.562586616166,584.5378122030812,15.617485799407335,0.3287037037037037,3.657407407407408,0.8481012658227848,0.0,1.651006711353993,2.5909090907913224,0.5063291139240507,0.5010698015791395,1.33599999994656,133,0.3493670886075949,0.4632911392405063,0.559132007233273,Mixed,Mixed
116e72d762232c45549b9e4874d962b48b086133e1f540c0bcdda6c0d8fbbe1f,0.6632947976878613,0.3280346820809248,0.0,0.0,0.0086705202312138,0.0,0.0,0.0,-8.054843038501692,103.80059974606584,103260.62718846292,3146.242158344799,390.6025405336782,0.8493150684931506,4.739726027397261,0.4942196531791907,0.0505780346820809,0.1475953565493566,9.176470587560551,0.7875722543352601,0.692111418195232,0.8798449612232588,50,0.4523121387283237,0.6127167630057804,0.7080565371024735,B2B_Services,B2B_Services_Seasonal
11f3cbc0c5ee1c32fc7baf7144a5415cfbb497608fed80f7b7d2cf72172d7597,0.8387096774193549,0.0,0.1612903225806451,0.0,0.0,0.0,0.0,0.0,150.50934967785318,51.88420537339061,9097.098764976185,680.0787584012563,4.518515027881633,0.6578947368421053,2.4473684210526314,0.7311827956989247,0.0,0.4761904761526833,2.874999999401042,0.2150537634408602,0.5390003996285183,3.235294116695502,9,0.8387096774193549,1.0,0.4062126642771804,Subscription_SaaS,Subscription_SaaS
1227b31c8d95af8e6cb0fe0c0bc6952e4c6fb6f39c9df2b5baa02e4cddf0cff0,0.8927392739273927,0.0,0.0511551155115511,0.0561056105610561,0.0,0.0,0.0,0.0,20.22469308211448,610.3377201798737,151600.50136498583,7404.118556606671,366.0929994281845,0.3559322033898305,4.1084745762711865,0.1732673267326732,0.0346534653465346,1.5462184873624745,27.857142850510204,0.7425742574257426,0.7495048447661934,3.052631578813481,125,0.2623762376237624,0.4059405940594059,0.5808925619834711,Mixed,Mixed
122b4cf5b921a0f631c68204ecabed3b3bd7b3d7105028a0fac586a88ef8001d,0.9119673386067876,0.0,0.0880326613932125,0.0,0.0,0.0,0.0,0.0,15.725381576759125,43.93321126201149,48480.47569616577,1249.651149387861,79.46714313375236,0.3251445086705202,11.326589595375722,0.7137024751212044,0.0005103342689461,4.582621082588443,8.846733668230568,0.7649910691502935,0.3894200117126047,1.113076923072642,1131,0.2342434294462873,0.3026282214850727,0.6310475005691062,Digital_B2C,Digital_B2C_Seasonal
138b2b0a16860d60e82dd7e2aa8169f7396c89e04c31e3393883f2e21018c920,0.8482142857142857,0.0,0.0178571428571428,0.1339285714285714,0.0,0.0,0.0,0.0,-16.95593146417447,108.034,29251.37719626169,1514.3653490683612,89.31183470367799,0.3551401869158878,3.4890965732087227,0.4178571428571428,0.0107142857142857,1.7053140096206445,4.185185184991426,0.425,0.7328762621084619,1.124087591199851,41,0.3142857142857143,0.5285714285714286,0.4955574912891986,B2B_Services,B2B_Services_Seasonal
13e7d0b8f4ebcdb75f1bfa57211a0954fb9efafafd98009ec9241e08fde5d6c3,0.8185745140388769,0.0280777537796976,0.1414686825053995,0.0086393088552915,0.0032397408207343,0.0,0.0,0.0,-9.08442495226858,199.49795431916547,41860.63615004477,1292.6597953119872,142.29406931984627,0.4172494172494173,4.317016317016317,0.3347732181425486,0.0,1.231325301189984,8.546391752136783,0.6414686825053996,0.531189981369348,0.8742857142732244,109,0.2159827213822894,0.3617710583153348,0.6402661558624861,Mixed,Mixed
13ede5dacf8cc1983359c9d1057f7b98e43575a3caa03fa6d9495ef8e8d5bf3c,0.7502160760587727,0.1650821089023336,0.0760587726879861,0.0,0.0086430423509075,0.0,0.0,0.0,-135.7458776125333,192.31561208515205,598036.7744007491,26194.047491490182,192.963852385467,0.6905537459283387,7.537459283387622,0.4183232497839239,0.1244598098530682,0.156999999999215,18.28333333180972,0.7372515125324114,0.7677438690767985,1.6445783132282443,93,0.2964563526361279,0.4096802074330164,0.6043089239463151,Retail,Retail_Seasonal
13f029ef3576f037c54fb2230d33937736ace5d0f9f0d9c1fd814170c2366fdb,0.8732394366197183,0.0,0.0,0.0,0.1267605633802817,0.0,0.0,0.0,0.8485235306863507,99.35243871960644,18073.873427745224,267.0154564250534,314.6824379310336,0.4324324324324324,3.8378378378378377,0.5211267605633803,0.0,0.5434782608104916,5.454545452066116,0.5070422535211268,0.9771093349751808,0.79310344813912,3,0.8732394366197183,0.8732394366197183,0.2473118279569892,Subscription_SaaS,Subscription_SaaS
148a399f8b936d0c39a728d27b26b0b54f481fdcc7b963fb8434c356d1bc9f34,0.95125786163522,0.0,0.0487421383647798,0.0,0.0,0.0,0.0,0.0,22.306238975998216,150.7626311194859,30378.636763718507,1231.887498621408,55.22614096417924,0.2676579925650557,4.728624535315985,0.2940251572327044,0.0,1.494117647029527,9.095238094516253,0.5801886792452831,0.568781938410742,1.5028901733669684,44,0.2672955974842767,0.4575471698113207,0.4938930117501546,B2B_Services,B2B_Services_Steady
14a5580815088fd5d1e4eb1ac1859cee1dae754a21805d789b53eae080453d9a,0.8148984198645598,0.0,0.0541760722347629,0.128668171557562,0.0,0.0,0.0022573363431151,0.0,22.785173655910107,87.36812434310079,45196.39340484365,5719.712404123578,251.02781694752187,0.2057761732851985,3.1985559566787005,0.5395033860045146,0.0180586907449209,3.520408163085693,6.26229508145391,0.6027088036117382,0.7720286153195488,8.263157893649586,46,0.3115124153498871,0.5869074492099323,0.5637418847137518,B2B_Services,B2B_Services_Seasonal
14ad255b6e0543e7bff504d48d76790fc02991d68318ee0503745c95552e8ad9,1.0,0.0,0.0,0.0,0.0,0.0,0.0,0.0,-37.36574207694807,23.50939569860514,4624.374860323611,325.49010159480986,8.710922984947333,0.7981651376146789,2.4220183486238533,0.8636363636363636,0.0,0.2110091743022472,1.8085106381054776,0.3787878787878788,0.6732094334191714,3.863636362758264,17,0.7954545454545454,0.946969696969697,0.5864527629233511,Subscription_SaaS,Subscription_SaaS
14cfdd37f94027ca01981f8e7409994bd4673875504b58797fd5578930ac6cac,0.9326599326599326,0.0,0.0202020202020202,0.0,0.0471380471380471,0.0,0.0,0.0,10.876298840685376,60.469643044113454,10691.0343980999,579.6227381149928,53.29227764631233,0.3727272727272727,2.7,0.7070707070707071,0.0,1.5603448275189509,5.9069767434991896,0.5488215488215489,0.360089049144812,1.0121951218895002,65,0.4814814814814814,0.734006734006734,0.6667366762929903,B2B_Services,B2B_Services_Steady
14fa8f1d9f39764fec3bff60697bc34349cbae380465e6662397cac598c28e91,0.8054054054054054,0.1837837837837838,0.0,0.0,0.0108108108108108,0.0,0.0,0.0,-6754.646793893131,132.363,374550.0911450382,66678.25935752818,9.871464991731797,0.9083969465648856,2.8244274809160306,0.4378378378378378,0.0324324324324324,0.0818713450268458,3.5121951215229035,0.5243243243243243,1.277495400131258,2.46153846122288,20,0.5837837837837838,0.8108108108108109,0.5769938650306748,B2B_Services,B2B_Services_Steady
14fb9bcc4552db9de7d6cc83925025363240ae0a0d4e28b4e512f4d41059a409,0.8920454545454546,0.0625,0.0,0.0,0.0454545454545454,0.0,0.0,0.0,-47.48425398642274,30.227364387177342,7177.380568900819,509.47534726069375,10.729353509461795,0.7165354330708661,2.7716535433070866,0.8806818181818182,0.0,0.2571428571336734,4.176470587621108,0.2613636363636363,0.5068732258283931,3.2142857137117344,12,0.875,0.9659090909090908,0.6046511627906976,Subscription_SaaS,Subscription_SaaS
1571d1ab43be4903d4b6b322ed84e34e2f3704886abbf0ce76864088b405b2bf,0.9423532106589296,0.0,0.0473390852867068,0.0091624036038787,0.0,0.0009925937237535,0.0001527067267313,0.0,103.75061374563278,61.39828560950205,304778.88425360044,18404.05670228987,177.38744896138684,0.1227810650887574,38.748520710059175,0.6642742612812095,0.004657555165305,11.87807276297012,9.2641065830358,0.66725204245247,0.6398510895309588,7.460742018949695,964,0.0563487821638543,0.07329922883103,0.4505734739544738,Digital_B2C,Digital_B2C_Seasonal
16926f2b299041614acae43fc3bb7cf2708ebf8e57a209175dbddf16e6b4ae57,0.8381742738589212,0.1576763485477178,0.0041493775933609,0.0,0.0,0.0,0.0,0.0,66.96044936708859,68.39999999999999,26158.118924050632,1929.414742706352,28.814244239025783,0.740506329113924,3.050632911392405,0.5809128630705395,0.0041493775933609,0.3850574712533029,5.513513512768444,0.6846473029045643,0.7650704314316,1.170731707245687,87,0.3609958506224066,0.4937759336099585,0.5290549169859514,B2B_Services,B2B_Services_Steady
171aa77f037e1f9ec7ceaf715171c04465a90bd1ff7d3b22766b68df611b17df,0.6552962298025135,0.1974865350089766,0.118491921005386,0.0,0.0287253141831238,0.0,0.0,0.0,8.098409638554221,110.5545,16826.69656626506,576.2578071944455,71.15691008509586,0.4126506024096386,3.355421686746988,0.4201077199281867,0.0,1.3403361344256233,8.440677965386383,0.5942549371633752,0.413728596194683,1.3068783068437333,268,0.2728904847396768,0.3249551166965889,0.413099396633852,Retail,Retail_Steady
172ae61b83dcb2241bc00169107fb24d0d1803f5f8e57a0e36ed3ccec918aebe,0.8839590443686007,0.0,0.0887372013651877,0.0,0.0,0.0,0.0273037542662116,0.0,362.9686359095791,351.4476599155154,192127.2009888569,1526.3125330436417,4.205081051085135,0.3798882681564245,3.2737430167597767,0.1911262798634812,0.1092150170648464,1.123188405756406,4.425925925516118,0.5699658703071673,0.5961953519134751,1.9333333332044444,96,0.4812286689419795,0.5631399317406144,0.5756186006825939,B2B_Services,B2B_Services_Steady
17d7b14f79c6d21272b2c2fc6cac936437f73e242e952fec98bb7b1d25fe8baa,0.9434447300771208,0.0,0.0565552699228791,0.0,0.0,0.0,0.0,0.0,11.0775,25.200000000000003,4588.311477272727,252.6692901117981,22.809234022451434,0.5795454545454546,4.420454545454546,0.9665809768637532,0.0,2.062992125903032,3.924050632663034,0.4447300771208226,0.3556525753050071,40.7499999490625,24,0.3084832904884318,0.6169665809768637,0.3150171379605826,B2B_Services,B2B_Services_Steady
181985d3ed5d7ae867fcc48b0eeba4664dc0aad7e2a0bc3aad0f49ab8f6ff742,0.8676470588235294,0.0,0.1323529411764706,0.0,0.0,0.0,0.0,0.0,-74.68379703282775,3.5144099139083966,16721.9275038737,1315.9195526333365,17.619880144534115,0.6060606060606061,2.060606060606061,0.5588235294117647,0.0,0.6190476189739229,4.230769229142012,0.3970588235294117,0.7832796616714676,3.833333331736111,24,0.7058823529411765,0.7941176470588235,0.5686274509803921,Subscription_SaaS,Subscription_SaaS
1857b3ebd26df9dea5eb89659dea4e09b4b2f8cb009f9107587e8e2d61870587,0.8028673835125448,0.0,0.1756272401433691,0.021505376344086,0.0,0.0,0.0,0.0,-163.43441026379634,206.75876397978723,157698.34128275205,11080.554482143503,67.79817336863525,0.1365638766519823,2.458149779735683,0.1505376344086021,0.064516129032258,6.1538461530572,4.365384614964867,0.4982078853046595,1.3648434164859131,0.7499999999573863,30,0.4336917562724014,0.7419354838709677,0.5045400238948626,B2B_Services,B2B_Services_Steady
1886202c619e5e77c9d98a0ad99be07fff420782db65e91ac885caa1f207fffa,0.8943661971830986,0.0,0.1056338028169014,0.0,0.0,0.0,0.0,0.0,15.144981853499674,30.375117883630377,4058.593443414608,222.97863392951712,14.722938326318443,0.3846153846153846,2.427350427350427,0.8169014084507042,0.0,1.7843137253152634,4.679999999064,0.4929577464788732,0.4866451999088382,3.4545454537603306,33,0.5633802816901409,0.8309859154929577,0.6009389671361502,B2B_Services,B2B_Services_Steady
18cc56a1f6bb165bab5907b30040e5443d50e1ef41867c6908fb350f8201bea3,0.2282608695652173,0.0326086956521739,0.4782608695652174,0.2391304347826087,0.0,0.0,0.0217391304347826,0.0,-595.6147708333343,355.14325,372204.193125,34301.65499623061,57.59033636399363,0.7291666666666666,3.8333333333333335,0.2065217391304347,0.1195652173913043,0.1794871794756738,6.666666663888889,0.4565217391304347,1.146017517863926,4.222222219876543,44,0.5108695652173914,0.6195652173913043,0.466403162055336,B2B_Services,B2B_Services_Steady
18fb8fc8514288de7e3ec9aace76a72fe6bc54ea864cceb7c810add67012bfb8,0.519455252918288,0.2441634241245136,0.1828793774319066,0.0233463035019455,0.0301556420233463,0.0,0.0,0.0,-2.6733991416308944,207.3225,43456.80244635193,1401.1624107288626,524.1126862309693,0.5278969957081545,4.412017167381975,0.348249027237354,0.0,0.7972027971958288,10.17391304292533,0.6449416342412452,0.5010662587968959,1.0937499999844638,154,0.3754863813229572,0.4776264591439689,0.6897986467314199,B2B_Services,B2B_Services_Seasonal
190be9826eb42de674028890a135ed4cf96f2e61622d3b43e3d32beb60163d42,0.8134715025906736,0.0,0.1865284974093264,0.0,0.0,0.0,0.0,0.0,-18.237630573248406,40.9605,4780.094904458599,605.8784465981571,33.221335624303485,0.3057324840764331,2.4585987261146496,0.927461139896373,0.0,2.2711864404854927,7.041666665199653,0.5077720207253886,0.9463099114119864,3.352941175977509,22,0.5440414507772021,0.844559585492228,0.5028261893546868,B2B_Services,B2B_Services_Steady
1936ddc68ec81706e6c601ff410d0ded891c4d3f647148ab22376efcd71b0e72,0.7819548872180451,0.0,0.1729323308270676,0.0451127819548872,0.0,0.0,0.0,0.0,63.60604180733849,112.87568752799758,13030.66756307339,984.89974640781,15.484374098237538,0.2368421052631578,2.333333333333333,0.4135338345864661,0.0,3.433333332761111,3.586206895933413,0.4962406015037593,0.3276559386099804,1.2222222220864198,12,0.8120300751879699,0.9849624060150376,0.4755639097744361,Subscription_SaaS,Subscription_SaaS
1953b884aafdfae8360ca5d39e455a57bb23f02b7917b9d8d913223791ed0871,0.975438596491228,0.0,0.0245614035087719,0.0,0.0,0.0,0.0,0.0,56.05030128218748,50.801050227420575,31765.59046988922,2232.077907601813,39.82276377010179,0.4225352112676056,4.014084507042254,0.6736842105263158,0.0070175438596491,2.653846153676035,3.453124999730224,0.5894736842105263,0.6703470649021094,1.3962264150284798,205,0.1859649122807017,0.2421052631578947,0.2606418485237484,Digital_B2C,Digital_B2C_Steady
1a33de5b869f922409f62b6ea183eb110987c70b2bdec3cf66fd781a874d3701,0.9017857142857144,0.0,0.0,0.0982142857142857,0.0,0.0,0.0,0.0,57.76718193866578,94.89279828586672,27557.500697662028,1384.3052008656348,23.96352313145176,0.6535947712418301,2.9281045751633985,0.5044642857142857,0.0,0.4358974358834648,3.226415094035244,0.4151785714285714,0.3088885216986149,2.090909090671488,22,0.5580357142857143,0.90625,0.5381493506493507,B2B_Services,B2B_Services_Steady
1a5e466cb1644a91d17284fd97e47a88dcedd756a16ae833fc4734a5afd45108,0.6208955223880597,0.3104477611940298,0.0597014925373134,0.008955223880597,0.0,0.0,0.0,0.0,-125.26913085326328,27.132142214774333,20688.439924666527,962.2196248394808,7.681218973968818,0.8717948717948718,4.294871794871795,0.6716417910447762,0.0,0.1279461279439739,6.444444443728395,0.5164179104477612,0.6010530644201891,1.5185185184482166,34,0.7791044776119403,0.8985074626865671,0.784811237928007,Subscription_SaaS,Subscription_SaaS
1a5fc4f61c650e82a12104c7d68d5651ac1516196f15a3e65a8d909019284480,0.782608695652174,0.0635451505016722,0.1003344481605351,0.0501672240802675,0.0033444816053511,0.0,0.0,0.0,-15.335945000000011,109.668,19785.05055,1263.1028940203782,82.36224720398741,0.655,2.99,0.4882943143812709,0.0033444816053511,0.3529411764626031,7.081081080124179,0.5618729096989966,0.6254256725298879,1.8918918917640613,53,0.4682274247491639,0.6889632107023411,0.6379960962914769,B2B_Services,B2B_Services_Seasonal
1a63f3cb238717ad0800429e13d111cbb00345ba7d1fdb914dd5ca5a7d50f786,0.9584245076586432,0.0,0.0,0.0415754923413566,0.0,0.0,0.0,0.0,6.491923863419066,33.71201060431469,4900.319545050982,227.6387861886172,35.06491921765681,0.3734439834024896,3.79253112033195,0.9277899343544858,0.0,0.9613733905373096,10.146341462177276,0.4792122538293216,0.6110632052604844,1.1532258064051115,28,0.4113785557986871,0.6477024070021882,0.5236618220489189,B2B_Services,B2B_Services_Steady
1a899d0ab95e1bfcb61eb7c4ea46d9cc523c784623237e5acc20b031a21843ad,0.6,0.0,0.16,0.24,0.0,0.0,0.0,0.0,-117.94475032430464,1019.140545169558,406616.188782312,16704.828490790667,141.63265803219062,0.6557377049180327,3.551912568306011,0.1846153846153846,0.1723076923076923,0.4130434782518903,10.206896549964329,0.3876923076923076,0.6646769543812355,0.8581560283383632,46,0.56,0.7507692307692307,0.6656187290969899,B2B_Services,B2B_Services_Seasonal
1aa1d85c5702429874b69c61a14d36b0c55b1a66b1d37a7aa017c978186c308f,0.8877887788778878,0.0231023102310231,0.0049504950495049,0.0742574257425742,0.0099009900990099,0.0,0.0,0.0,-5.588373923983017,274.92880538615464,92749.37239628471,4146.09608005628,741.9145764108204,0.6170212765957447,5.157446808510638,0.3795379537953795,0.0082508250825082,0.2572614107857131,22.30769230340237,0.698019801980198,0.706356072407753,3.804878048548483,95,0.3184818481848185,0.5214521452145214,0.6692557771724804,Mixed,Mixed
1aba6a9eb7596c599ee2880df8181571db03f9ec15d05dc2a360a234f7cc89f6,0.9989785495403471,0.0,0.0,0.0,0.0,0.0,0.0010214504596527,0.0,-120.55997665978435,86.84095798527937,612242.7961638939,54195.19697880295,449.5289272263584,0.6111111111111112,87.02222222222223,0.5743105209397344,0.0012768130745658,46.75609755812462,2.639405204448702,0.4583758937691522,0.8615623079912778,4.50483870964109,2464,0.0349846782431052,0.0485188968335035,0.3091653622169454,Digital_B2C,Digital_B2C_Seasonal
1b2716b8856ee9943ffccb7453eb9db4a572d418f9f23b8a2e064f815febe5f4,0.8858543417366946,0.0448179271708683,0.003501400560224,0.0658263305322128,0.0,0.0,0.0,0.0,61.77807765062645,282.65326347543163,110509.67173680436,4679.166898445987,75.74154256062583,0.7163695299837926,4.628849270664506,0.4145658263305322,0.0259103641456582,0.2526315789462604,5.155172413682,0.3186274509803921,0.6057105622599666,1.2758620689508522,89,0.5749299719887955,0.6715686274509803,0.7764244871846135,B2B_Services,B2B_Services_Seasonal
1b89743da089e5ec62c7244dc06e1f444e32580d49e2998d71d73c62d3da7365,0.9,0.0,0.0142857142857142,0.0857142857142857,0.0,0.0,0.0,0.0,-50.85774551989476,145.46342782350155,43928.78115555544,2968.6164655877046,58.370980362130254,0.650887573964497,3.3136094674556213,0.4357142857142857,0.0035714285714285,0.2962962962894376,4.185185184797668,0.5571428571428572,0.6244691672217874,3.9555555551160495,38,0.5357142857142857,0.8214285714285714,0.656203007518797,B2B_Services,B2B_Services_Steady
1bb63e2b411d4cd7ac3e159428e6dc269617961efaf60a81e29ebecfe7cb1b31,0.9047900650502662,0.0461265523358959,0.0100532229450029,0.0,0.039030159668835,0.0,0.0,0.0,-865.0902254852546,264.053164562395,302124.95552838885,21333.817555983067,24.6608006046649,0.8041044776119403,6.309701492537314,0.2838557066824364,0.0762862211709047,0.1519073569477114,10.743055555182533,0.5286812536960378,0.7368664960350461,1.2196652719537693,196,0.2785334121821407,0.397397989355411,0.7023937154599176,Digital_B2C,Digital_B2C_Steady
1c17e21e21c04f965e0647707e61da883a7e7b8a1e2c7c6a2023189a678e32a0,1.0,0.0,0.0,0.0,0.0,0.0,0.0,0.0,-239.9409066292,71.29221896197032,56118.20890557107,2916.9922098306483,12.15712756398366,0.4666666666666667,2.3466666666666667,0.5454545454545454,0.1136363636363636,1.0465116277852895,3.190476189716553,0.4659090909090909,1.1271019607399504,1.5517241376634958,16,0.8068181818181818,0.9318181818181818,0.6022727272727273,Subscription_SaaS,Subscription_SaaS
1da539eb7b5f3e8d252f04dd289e56bac3e4865b061dd5b4e6b749bf2548d244,1.0,0.0,0.0,0.0,0.0,0.0,0.0,0.0,-106.76985045178924,496.7268279933136,95851.14084200274,1050.571057111555,9.83958535642544,0.6538461538461539,3.923076923076923,0.2941176470588235,0.0,0.7191011235551067,6.285714284217687,0.3856209150326797,0.8355031345163699,15.142857132040817,27,0.7124183006535948,0.8104575163398693,0.6279351246671508,Subscription_SaaS,Subscription_SaaS
1e15d38fafba30ef9d306ac15980823e8f871b3b2d253337f8f81c7f7a6ef87f,0.8182912154031288,0.0709987966305655,0.0012033694344163,0.089049338146811,0.0204572803850782,0.0,0.0,0.0,387.3617260179221,181.2831755695843,194886.62270207523,9646.251803028948,24.90243912826229,0.7896253602305475,4.789625360230548,0.3646209386281588,0.02647412755716,0.155771905423117,6.102564102303309,0.690734055354994,0.6909453438050484,1.4690265486400658,185,0.2141997593261131,0.3513838748495788,0.6096637933994986,Digital_B2C,Digital_B2C_Steady
1e91ce9062f0ea2e8bca5b3a2ecb4944fe0de3c1a26e67339a4dd3162e6ea9ce,0.8003384094754653,0.0,0.0,0.0,0.0,0.0,0.1996615905245347,0.0,-818.4356109785203,4.398499999999999,160186.23343675418,7093.141957789225,8.666707389750561,0.2434367541766109,2.821002386634845,0.6666666666666666,0.0490693739424703,3.345588235171118,4.139130434602646,0.2774957698815566,1.015772009627506,1.1421319796664433,19,0.817258883248731,0.9001692047377327,0.797763639868903,Subscription_SaaS,Subscription_SaaS
1e9caa816d2a43a3e8c2d8e975bec5248989d1f51b7fd48c79df0d0c7dffee5f,0.5700757575757576,0.2575757575757575,0.0,0.168560606060606,0.0037878787878787,0.0,0.0,0.0,-98.82905124644964,89.5631337359232,36124.442614388674,2467.2463971714424,24.96478885312003,0.8689024390243902,3.2195121951219514,0.5946969696969697,0.0056818181818181,0.1257995735594264,4.802197801933945,0.5587121212121212,0.5689422796631579,2.199999999904348,42,0.5549242424242424,0.7537878787878788,0.7266257040450589,B2B_Services,B2B_Services_Steady
1ebeda03bd0231c32c01d13c5035512ce074a2d5496b238c7ef77ddcce658fda,0.5328467153284672,0.145985401459854,0.3211678832116788,0.0,0.0,0.0,0.0,0.0,-0.1805459425309256,149.38409835745702,37211.84393714607,1755.7275699909258,9724.546827989332,0.7137096774193549,3.314516129032258,0.4647201946472019,0.0024330900243309,0.2924528301840809,5.629032257610562,0.559610705596107,0.8269292274810193,1.2894736841539705,29,0.7104622871046229,0.8710462287104623,0.7095823947322821,Subscription_SaaS,Subscription_SaaS
1eef07fe6668a131f7442500e39c5ba0a46f37553e643fbd5886209fc2cbcaf5,0.3204419889502762,0.2430939226519337,0.1777163904235727,0.2357274401473296,0.001841620626151,0.0211786372007366,0.0,0.0,24.17407678229493,201.36216395719237,148307.0079225761,7457.437914436407,308.4890471107189,0.7158590308370044,4.784140969162996,0.3766114180478821,0.0423572744014733,0.2285067873290243,6.239999999792,0.5211786372007366,0.6089278122977988,1.071428571413854,163,0.3195211786372007,0.4475138121546961,0.6953471734189317,Retail,Retail_Seasonal
1f32af12237e20233e3199f71dc447fe395b2784c03b16da360aa773cab23278,0.8235294117647058,0.0,0.1764705882352941,0.0,0.0,0.0,0.0,0.0,-85.52574193548384,44.175,17361.115161290316,849.7255879540758,9.935319690014632,0.6935483870967742,2.193548387096774,0.6617647058823529,0.0,0.4166666666232639,6.55555555191358,0.4705882352941176,1.1254045053690147,5.999999995714285,11,0.8676470588235294,0.9852941176470588,0.553475935828877,Subscription_SaaS,Subscription_SaaS
1f4aeb3a2c94ef9e34947928cd47ad952aba25106bff1df90854713c1faa8c20,0.964698721850274,0.0235849056603773,0.0056299452221545,0.0050213024954351,0.0009129640900791,0.0,0.0001521606816798,0.0,38.43917842945553,215.2619486291832,241419.8613029353,6055.383396826781,157.53155095040455,0.4616438356164383,18.005479452054793,0.2834753499695678,0.0089774802191113,0.6163305459903882,8.415472779309345,0.4782410225197809,0.4105635152512929,1.3986693961069636,599,0.2408703590992087,0.330188679245283,0.7508203460786258,Digital_B2C,Digital_B2C_Seasonal
1f53ebcc58bf761efd5dc3ad520d2c0ef6d76dd72a49198ff501f065c06c0b1f,0.9665271966527196,0.0334728033472803,0.0,0.0,0.0,0.0,0.0,0.0,4.024007246376803,84.67349999999999,18397.90239130435,779.1402319743779,193.6229689297112,0.6956521739130435,3.463768115942029,0.5230125523012552,0.0,0.2447916666602918,6.468749998989258,0.4895397489539749,0.5745501014131387,2.46153846122288,25,0.5648535564853556,0.803347280334728,0.5457021276595745,B2B_Services,B2B_Services_Seasonal
1f5e4b2b3f4ab1ddd5de4d10ba8c3c43681eba22ae6a7f826d58ef8e80a2f11f,0.2957317073170731,0.3902439024390244,0.0701219512195122,0.2439024390243902,0.0,0.0,0.0,0.0,375.4140318871484,37.5174682931881,39012.358881836895,4453.699138284702,11.863432796526036,0.8646288209606987,2.8646288209606987,0.6585365853658537,0.024390243902439,0.1970802919672065,3.7536231881337954,0.4298780487804878,0.4707854168078679,1.2735042734498505,32,0.5152439024390244,0.6829268292682927,0.6546474358974359,B2B_Services,B2B_Services_Steady
2080a359f681ff707d6a57f0db2821daf97b3c43a1d9f26db7b0d2fa1f9e3813,0.7463002114164905,0.1543340380549683,0.0634249471458773,0.0,0.0359408033826638,0.0,0.0,0.0,6.974618205710985,54.90365603170682,18705.779237682294,1866.6914375855708,267.6406621627937,0.3968253968253968,3.003174603174603,0.7103594080338267,0.0021141649048625,1.529411764664989,6.059701492085097,0.627906976744186,0.4447776561604362,1.3270440251155018,123,0.3086680761099366,0.4228329809725158,0.5776323616894705,Retail,Retail_Seasonal
20ae98d0d0bc005cd4cc15aa72cfdea05dcbe9e6775f784af57819da712f0cd1,0.4810126582278481,0.0,0.5189873417721519,0.0,0.0,0.0,0.0,0.0,161.02233568685836,672.655076060777,245375.2755771812,13178.6864238658,81.84384089842092,0.647239263803681,4.846625766871166,0.1860759493670886,0.0848101265822784,0.5768463073794726,15.808510636616116,0.4556962025316455,0.6698299474129569,0.440944881883977,51,0.3113924050632911,0.4759493670886076,0.5167535368577811,B2B_Services,B2B_Services_Seasonal
20d4121393003f660f49d1ea9e7b7fbd7545e6d853afbaa5e8a02601e56ec707,1.0,0.0,0.0,0.0,0.0,0.0,0.0,0.0,497.9860253164556,116.3715,224699.08556962025,37462.97281689112,75.22896409057304,0.8354430379746836,3.316455696202532,0.3129770992366412,0.0229007633587786,0.119658119653006,7.187499997753906,0.2137404580152671,2.071160903461509,0.6025641025254767,17,0.8473282442748091,0.9465648854961832,0.6699595868881904,Subscription_SaaS,Subscription_SaaS
20daa1bb1c43a50adb6c505d7ce60642959c41d65395cb23e22c0d789f36a4e4,0.676450034940601,0.2152341020265548,0.0013976240391334,0.0670859538784067,0.0062893081761006,0.0335429769392033,0.0,0.0,7.0044133333333525,308.57899999999995,258234.8986857143,10030.15095198995,1431.975878684605,0.7238095238095238,5.451428571428571,0.3242487770789657,0.0754716981132075,0.2476024411497489,10.924999999544792,0.6373165618448637,0.6575057564699298,1.2212189616114986,136,0.3256464011180992,0.4248777078965758,0.7053984515154377,Retail,Retail_Seasonal
20e343fec300b59e51b399648d3f339e2eda1f62ba832bf89781cd22e3254c15,0.8900873138161274,0.0,0.017462763225475,0.0924499229583975,0.0,0.0,0.0,0.0,104.0114047174752,144.62724308983505,150656.405963032,3628.718784286809,34.88770095735726,0.2890173410404624,7.502890173410405,0.2378017462763225,0.0190035952747817,3.795566502416311,4.276422764169696,0.5233692860811505,0.3070387119812122,0.7549909255829856,147,0.1155624036979969,0.1859270672829995,0.4727733928702451,Mixed,Mixed
2103637db6f143fafb9c70e11b740c9d7da2a03592a9a78a181bcc6bdebe923f,0.5308056872037915,0.3578199052132701,0.1090047393364928,0.0,0.0023696682464454,0.0,0.0,0.0,91.8230085723917,154.49033357238886,54845.63797892045,3419.3789373761883,37.23880310791625,0.7020408163265306,3.444897959183673,0.4502369668246445,0.0189573459715639,0.3927392739209119,5.918032786400161,0.5947867298578199,0.7787730334077055,1.0516129031918835,70,0.4028436018957346,0.481042654028436,0.6345955249569707,B2B_Services,B2B_Services_Steady
2104ea4d7b8c500f946f5f1213136be8f73f54aec2e912a6e1c897e0dc1c0d32,0.75787728026534,0.2238805970149253,0.0,0.0,0.0165837479270315,0.0,0.0016583747927031,0.0,-45.98551754385967,87.2655,31124.68394736842,1586.9209821619954,34.509146935300755,0.5994152046783626,3.526315789473684,0.5223880597014925,0.0049751243781094,0.5227272727206727,5.281249999724935,0.5373134328358209,0.5764774268891488,0.6545454545305786,65,0.3266998341625207,0.5041459369817579,0.6743867845820124,B2B_Services,B2B_Services_Steady
213954a19b3e9bc7a142e606cf8676f51d526a78189ba6cb9bbb32360c094b71,0.8562628336755647,0.0657084188911704,0.0780287474332648,0.0,0.0,0.0,0.0,0.0,24.44717555089053,130.83785093199117,28724.54538873361,1408.351144927461,57.60792863043355,0.4535714285714285,3.4785714285714286,0.4291581108829568,0.0,0.8446969696809716,3.467889908097803,0.5318275154004107,0.2438187662624419,1.5407407406836762,100,0.3880903490759753,0.5256673511293635,0.6282278481012659,B2B_Services,B2B_Services_Steady
216358d5f1c47432c2a16b15359c8bc0306fb7f140c48662c5934675270ac8a8,0.6729131175468483,0.3219761499148211,0.0,0.0,0.0051107325383304,0.0,0.0,0.0,52.9375137624192,37.71813552963872,9742.897400203272,465.0938063494452,8.785713064442445,0.3895781637717121,2.913151364764268,0.7597955706984668,0.0,1.2404580152435027,3.851239669262345,0.838160136286201,1.3524228873516388,1.2272727272378616,12,0.9045996592844976,0.9250425894378196,0.7432721712538226,Subscription_SaaS,Subscription_SaaS
216f0f2b141543975f88cf601fe066ab0969a66168a34cf76cf710d328fca03b,0.998389694041868,0.0,0.0,0.0,0.0,0.0,0.001610305958132,0.0,-29.76850641268568,233.61055838979536,363848.4284697372,24055.83087687361,808.0966688520652,0.8579710144927536,7.2,0.3051529790660225,0.0611916264090177,0.0507614213195822,5.402061855530874,0.3743961352657005,0.6474384262564384,1.4735376044363018,136,0.214975845410628,0.392914653784219,0.6577087286527514,Mixed,Mixed
220edf8b1417cf25ee34d20a604ec62113d4d0d006c2beed09c7069c176d1143,0.8537529017281403,0.0637090533917977,0.0822801134898117,0.0,0.0002579313902501,0.0,0.0,0.0,66.87113910322566,121.28619806647605,106898.19404064622,6085.443500256863,91.0025398244382,0.303680981595092,11.892638036809815,0.3347949445447511,0.0074800103172556,3.9451530611993295,5.183413078108586,0.6136187774052102,0.4526845333339152,1.949999999987171,678,0.0717049264895537,0.1060098013928295,0.5591141266213707,Digital_B2C,Digital_B2C_Seasonal
226d00ca71d2308cc25d5ff82c893cd24ffda726921a93c48752b5c67f510c25,1.0,0.0,0.0,0.0,0.0,0.0,0.0,0.0,425.9405870373386,611.194979949222,164549.40053896344,20430.285420145607,47.96510602985811,0.1732283464566929,3.874015748031496,0.2032520325203252,0.0121951219512195,8.461538459911242,21.363636353925617,0.3455284552845528,1.883160220901612,1.4729729728734478,5,1.0,1.0,0.7024390243902439,Subscription_SaaS,Subscription_SaaS
22879084925abcd4a1971122b768dc762ebaf69415e7c7d5e0b5db4d465f0c55,0.8803116147308782,0.0768413597733711,0.0010623229461756,0.0265580736543909,0.0152266288951841,0.0,0.0,0.0,-1.3687793845334697,79.3495295381709,105426.80290473862,2151.9631242894493,1572.1767385480828,0.4191522762951334,8.866562009419152,0.5527620396600567,0.0028328611898017,1.2218725413012514,9.26909090892238,0.7903682719546742,0.6073646288172592,1.6599462365479845,238,0.2556657223796034,0.3293201133144476,0.6474008021244416,Digital_B2C,Digital_B2C_Seasonal
22b251308d98954be0e5e78759818a0acc0c2efdd6d798a36a5acccc674458e4,0.9439601494396016,0.0454545454545454,0.0,0.0074719800747198,0.0,0.0,0.0031133250311332,0.0,-2695.711278962741,1310.0558424513836,2181701.299136633,78912.11432380226,29.27320701565393,0.6117216117216118,11.765567765567766,0.1108343711083437,0.2303860523038605,0.4063047285446309,16.26881720342641,0.8536737235367372,0.6448782510568811,1.33199999998668,420,0.1656288916562889,0.2316313823163138,0.5995803571428572,Digital_B2C,Digital_B2C_Steady
22e869eae83e9318041e73d9f729234ffd79447a99232ada2e0331392cb90482,1.0,0.0,0.0,0.0,0.0,0.0,0.0,0.0,11.256403846153848,51.3,7885.242980769231,326.3813258636475,28.99516844229213,0.4134615384615384,2.6634615384615383,0.6209386281588448,0.0,1.6893203882675087,5.0217391298889416,0.407942238267148,0.4887420548575135,0.5813953488034073,22,0.4440433212996389,0.8303249097472925,0.4333770922218575,B2B_Services,B2B_Services_Steady
22f54eddc27946e5802ba3fa67d4942d43b3f5370eecb58a7d81904884eff229,0.4516129032258064,0.5483870967741935,0.0,0.0,0.0,0.0,0.0,0.0,-4.355222222222225,14.155,3556.002,414.8776940913315,95.25982188046528,0.9333333333333332,2.7555555555555555,0.9516129032258064,0.0,0.068965517235434,2.263157894141274,0.1935483870967742,1.2184395166739466,2.2352941169896194,6,0.9838709677419356,1.0,0.7419354838709677,Subscription_SaaS,Subscription_SaaS
23303340796ff432b8475f8bebf978ac42f99de73bb4ab3182e046b68cf2a8d0,0.8415492957746479,0.0,0.0739436619718309,0.0845070422535211,0.0,0.0,0.0,0.0,16.404352311705715,56.679691393488106,7379.403482804307,380.1377666505129,23.17298234002977,0.4943181818181818,3.227272727272727,0.7992957746478874,0.0,1.2903225805931322,5.04255319095292,0.3767605633802817,0.4580243599123396,0.841584158374179,18,0.4225352112676056,0.8204225352112676,0.3067292644757433,B2B_Services,B2B_Services_Steady
23695dd151db2d2639e427a42561166d171f9c163771f679aee2245e27f359a5,0.9230769230769232,0.0102564102564102,0.0,0.0666666666666666,0.0,0.0,0.0,0.0,23.97442953020134,43.5765,6572.933959731544,516.1457765605835,21.52901180380907,0.3288590604026846,2.61744966442953,0.6717948717948717,0.0,1.2159090908400052,2.5454545452231407,0.4461538461538462,0.6070292718034987,1.9302325579150892,20,0.6051282051282051,0.882051282051282,0.5082474226804123,B2B_Services,B2B_Services_Steady
2373caccd6826093255268a87ee6a5732ba63d3ad428303781606ff94293ea79,0.8976190476190476,0.0,0.0857142857142857,0.0,0.0,0.0,0.0166666666666666,0.0,-7.315593183665148,146.78344236139867,24817.822007507155,1274.0962293061548,174.1617112347695,0.2197309417040358,3.766816143497758,0.3285714285714285,0.0,2.134328358129316,3.2857142855466472,0.6309523809523809,0.1596513359965746,10.791666664418402,29,0.319047619047619,0.6047619047619047,0.4004926108374384,B2B_Services,B2B_Services_Seasonal
238bbebcad96900e4be946a8b8dc8cee2607b9ab3208f1d2548ee0a28f10209c,0.6479481641468683,0.3153347732181425,0.0,0.0,0.0367170626349892,0.0,0.0,0.0,35.86910809506438,98.58290477315134,39834.25061787584,1931.0701481288716,53.836581118007295,0.7246753246753247,4.810389610389611,0.5172786177105831,0.0021598272138228,0.4246153846121184,7.418181817844628,0.6436285097192225,0.6119731033749983,0.8532934131608788,73,0.4697624190064794,0.5712742980561555,0.7335327769905002,B2B_Services,B2B_Services_Steady
24b0b16d9ed324136a951a4a5f628b7772ddd29efefff170aee5501e7dacb855,0.2488038277511961,0.2822966507177033,0.4688995215311005,0.0,0.0,0.0,0.0,0.0,20.05103879587556,50.28219598031493,15692.791184774367,1079.4775569015828,53.83649033611482,0.8432835820895522,3.1194029850746268,0.5789473684210527,0.0,0.1741573033658944,3.0980392153825456,0.6794258373205742,0.7770610780616644,0.9135802468571864,9,0.784688995215311,0.8899521531100478,0.5639187574671446,Subscription_SaaS,Subscription_SaaS
24c021578bb29ae7c35cd326a2495c0382cdafaa4599867b98a7434ae4d2f48a,0.7777777777777778,0.0,0.0976430976430976,0.1245791245791245,0.0,0.0,0.0,0.0,14.553920705603732,431.613454338712,400125.4675099219,12005.006902677647,824.8641130638212,0.6688741721854304,3.933774834437086,0.2222222222222222,0.1346801346801346,0.3718244803652214,10.207547168848343,0.2979797979797979,0.7399577903137814,0.7882352940944637,63,0.3383838383838384,0.5370370370370371,0.6721030907077419,B2B_Services,B2B_Services_Seasonal
24c35caa34a933a7d69bc76fe5c408e6925431c23988ea2524a95df801197020,0.7581783194355356,0.0269403463758819,0.2129570237331622,0.0,0.0019243104554201,0.0,0.0,0.0,-13.050219490611823,2469.730182994933,1692064.7366509584,46125.07225752211,3534.428846607496,0.665948275862069,6.719827586206897,0.096215522771007,0.3996151379089159,0.2189210320554381,52.758620680558856,0.4913406029506094,0.6857931940151948,1.420131291012909,99,0.3168697883258499,0.4778704297626683,0.655961434895115,B2B_Services,B2B_Services_Seasonal
24d508cf71c6f1e85ccfbba15163418af6c19c4b1fc57195778a9d223e44abee,0.7384105960264901,0.1788079470198675,0.0033112582781456,0.0794701986754966,0.0,0.0,0.0,0.0,-12.38242627989882,144.5644267426839,65728.16368674478,3323.8723865563643,268.43465963273053,0.7435897435897436,3.871794871794872,0.4536423841059602,0.0,0.1570881226023546,3.0810810808729,0.3774834437086092,0.2753113066178577,7.433333332094445,26,0.6887417218543046,0.8211920529801324,0.72790963683157,Subscription_SaaS,Subscription_SaaS
25008ce968e7c2a222499045e8f5842f756df55738a2a900b158ab0c3f66b927,0.9855072463768116,0.0,0.0132850241545893,0.0,0.0,0.0,0.001207729468599,0.0,3.549160558973561,58.85199193789629,41373.11114386376,3531.3760142230235,994.9890813884252,0.1683673469387755,4.224489795918367,0.6690821256038647,0.0144927536231884,4.7902097900423,12.799999998933334,0.7439613526570048,0.7654505433233497,0.8544891640734599,215,0.1582125603864734,0.2632850241545894,0.5321199865183687,Digital_B2C,Digital_B2C_Seasonal
25861dec5c1856841fb3b4c5d4a55cedd81def9a9def877239187eb07c9448fa,0.922043010752688,0.0448028673835125,0.0062724014336917,0.0062724014336917,0.0206093189964157,0.0,0.0,0.0,-53.443957694812816,741.8260412875851,335917.2092665975,11182.633778819829,209.2403755085824,0.6029850746268657,6.66268656716418,0.2096774193548387,0.0627240143369175,0.3160377358471932,8.876106194297517,0.6066308243727598,0.8152426584277355,2.4267241378787343,94,0.3709677419354839,0.517921146953405,0.6980876745885932,B2B_Services,B2B_Services_Seasonal
25d6bbf8d3b0d4f4c65090add716aedea721fafda2ba66f669adaf738f748fdc,0.8823529411764706,0.0294117647058823,0.0,0.0,0.088235294117647,0.0,0.0,0.0,-1719.7691722220322,197.4179277137491,89592.72009590078,11716.88024617139,6.813054004779278,0.4096385542168674,2.4578313253012047,0.4705882352941176,0.0490196078431372,1.3720930230962685,3.63636363553719,0.4509803921568627,1.1950103340463836,2.7391304341871456,20,0.7254901960784313,0.8529411764705882,0.6306122448979592,Subscription_SaaS,Subscription_SaaS
25e4eefbb3f8e8b0f0577bed172a084802edec1ec37c5ee4b5aa183091cf2586,0.7069767441860465,0.0162790697674418,0.1093023255813953,0.1674418604651162,0.0,0.0,0.0,0.0,52.55982859429771,86.9243610802886,11945.271698924384,396.29851383281175,7.539950649694608,0.445414847161572,3.7554585152838422,0.5604651162790698,0.0,1.704402515669673,6.049180327373018,0.4511627906976744,0.4686797800078808,0.6756756756300218,28,0.2930232558139535,0.5720930232558139,0.4204161979752531,B2B_Services,B2B_Services_Steady
262f3eebdb1257d396bd0c9d7eb668fd8901bb8631e75a21498d7a8021451679,0.9078321073128516,0.0653396797922977,0.0164430982258762,0.0,0.0103851146689744,0.0,0.0,0.0,3.6381127450980433,136.353,68550.24544117649,1926.9664763806284,529.6610100059141,0.3366013071895425,7.552287581699346,0.4071830376460407,0.0,2.1271989174416293,9.363228699341631,0.6538295110341843,0.5251242434665112,1.5160771704058194,193,0.3405452185201211,0.4608394634357421,0.7330996095216641,Digital_B2C,Digital_B2C_Seasonal
2636e257eb2f43cb2ab63bc0df6b650dced33cfaac98d06739c6f9507b9b7f4c,0.4014251781472684,0.4869358669833729,0.0878859857482185,0.014251781472684,0.009501187648456,0.0,0.0,0.0,-9.435672055427265,42.75,30552.69505773672,1763.91578029575,186.941191688806,0.8244803695150116,3.889145496535797,0.6983372921615202,0.010688836104513,0.1302013422810053,6.943396226087575,0.5997624703087886,0.4497241284417201,1.0724137930849584,70,0.497624703087886,0.5653206650831354,0.7783846872082166,B2B_Services,B2B_Services_Seasonal
265001516a9eb41f09e20058199fbb0f49c345e447a3844c47573fab132f95cb,0.8,0.2,0.0,0.0,0.0,0.0,0.0,0.0,236.68186107607812,0.9994135073124436,21155.528552213924,2540.1657159764327,10.7324055350934,0.7735849056603774,2.0754716981132075,0.8363636363636363,0.0363636363636363,0.2790697674094105,2.2352941169896194,0.3090909090909091,1.2109236402794483,3.249999998645833,7,0.8909090909090909,0.9272727272727272,0.6162464985994398,Subscription_SaaS,Subscription_SaaS
27b66d6fd5957904676ef0b5c7be27d0642d117c43953e90da58f7ccf12c64d4,0.8461538461538461,0.1538461538461538,0.0,0.0,0.0,0.0,0.0,0.0,35.21286269466684,347.1679629580102,159828.96559405842,9100.652228055793,258.4468154260478,0.6792452830188679,2.943396226415094,0.3653846153846153,0.1217948717948717,0.3448275861920333,7.210526313891966,0.5641025641025641,0.8601232989478561,1.595238095048186,35,0.4230769230769231,0.5641025641025641,0.5267857142857143,B2B_Services,B2B_Services_Seasonal
2855a4a1c9c1b4fbd08068862d4bea39568121e6b792ce0d57367a5e371d6d1e,0.6412213740458015,0.3511450381679389,0.0038167938931297,0.0,0.0038167938931297,0.0,0.0,0.0,18.42013440328913,70.40552300991466,17179.238407481967,985.4041662409136,53.49603559515819,0.7295918367346939,2.673469387755102,0.583969465648855,0.0,0.3232323232241608,10.90909090661157,0.7022900763358778,0.6038735267681449,1.387499999913281,48,0.3893129770992366,0.5343511450381679,0.593452380952381,B2B_Services,B2B_Services_Steady
2880282b01ef49bedf943486a0c88aa425cac704cbff5d187e53815bae669899,0.6690054911531421,0.2931665649786455,0.0260829774252593,0.0036607687614399,0.0068639414276998,0.0,0.0007626601586333,0.0004575960951799,97.15538245772494,67.39079445445594,942288.3532168386,28374.21468258022,292.04984800513904,0.6057553956834533,18.866187050359716,0.5790115924344112,0.0895363026235509,0.2064777327933322,9.37341772144483,0.7165954850518609,0.7918388475803105,1.1478873239409677,189,0.4185478950579622,0.5,0.7742203765889393,B2B_Services,B2B_Services_Seasonal
28bc2bf4833b27e5ebca8d3f7ae39bd0834df1c21eafa1389cc44148d781caf1,0.5356401384083045,0.3813148788927336,0.0,0.0,0.0830449826989619,0.0,0.0,0.0,2.792089269107591,68.35890131104705,19442.34796522054,718.5361437077408,257.3471232042407,0.6033898305084746,4.898305084745763,0.6013840830449827,0.0,0.519453207147637,4.235507246300081,0.7536332179930796,0.3681836399201134,0.9855967078087902,38,0.5211072664359861,0.6214532871972318,0.7399211007408832,B2B_Services,B2B_Services_Seasonal
28e9fb07e4a7c42d57d0c3d06f2a996abffe0ef71290da0c99267a0112ebd23e,0.7566462167689162,0.2331288343558282,0.0,0.0,0.0102249488752556,0.0,0.0,0.0,-33.97574315537401,140.57233775065097,50336.76322618494,2527.8856439473343,74.40265932206599,0.7043189368770764,3.249169435215947,0.4314928425357873,0.0245398773006134,0.3971428571371836,5.519999999632,0.6584867075664622,0.4232619872382538,1.270967741894485,94,0.4437627811860941,0.5644171779141104,0.6739173967459324,B2B_Services,B2B_Services_Seasonal
294fe8edb3068f2f6e3d00ee9554ad36b2086d25e09657cc497b57e47ab68011,1.0,0.0,0.0,0.0,0.0,0.0,0.0,0.0,35.12216982741409,49.52356736289718,6895.118808335883,360.3105635721244,10.258778578887844,0.2857142857142857,3.4135338345864663,0.8942731277533039,0.0,1.1826923076354474,4.536585365300417,0.3700440528634361,0.4469687661893216,12.454545448884296,21,0.5374449339207048,0.8986784140969163,0.5022026431718062,B2B_Services,B2B_Services_Steady
295547bb4cdc44019ac261fc5a3503512e4ab78ea9cff11b16e292e50d2ddd82,0.981132075471698,0.0,0.0188679245283018,0.0,0.0,0.0,0.0,0.0,33.44990471389229,27.67172723549971,268495.06376084127,40563.55501589161,1212.665786366747,0.9,2.12,0.7924528301886793,0.1132075471698113,0.1041666666558159,25.49999993625,0.4150943396226415,1.373924391155811,1.6249999989843749,6,0.5283018867924528,0.5471698113207547,0.5689655172413793,B2B_Services,B2B_Services_Seasonal
2a17f61ea548f69f4051a69df761aa2b0bcb5daf79c3a77bf68a78522b07d3a3,0.6944444444444444,0.0,0.0046296296296296,0.3009259259259259,0.0,0.0,0.0,0.0,79.67244324324324,199.5,19957.394594594592,1132.3756407793885,14.212889608268576,0.427027027027027,2.3351351351351357,0.3055555555555556,0.0,1.297872340356496,2.7241379307996434,0.3055555555555556,0.6476346129277787,1.569230769110059,13,0.5601851851851852,0.9675925925925926,0.2813390313390313,B2B_Services,B2B_Services_Steady
2a8a175d8046ff8b1fb5707d80c6530c5680d5ba0f7d140896f06e769edd2743,1.0,0.0,0.0,0.0,0.0,0.0,0.0,0.0,-5.99418010104285,171.7384568463048,46597.40000048576,1700.532414031224,283.6972500873636,0.4712041884816754,2.858638743455497,0.3882783882783883,0.0109890109890109,0.7727272727021841,13.368421049113572,0.7619047619047619,0.632661705666718,1.466666666585185,20,0.6410256410256411,0.8864468864468864,0.5441391941391941,Subscription_SaaS,Subscription_SaaS
2a999f5788821cf1496c0094e247535d20bdd2a757f9982b9045ebb8e9b97837,0.8432377049180327,0.1557377049180328,0.0010245901639344,0.0,0.0,0.0,0.0,0.0,0.5478450949069231,166.2450088404394,38172.68584676718,847.2647258718599,1546.5406522447745,0.4547283702213279,3.9275653923541247,0.3842213114754098,0.0,1.0123711340101818,7.872727272369421,0.8340163934426229,0.5713785991087516,1.0600600600441432,70,0.6239754098360656,0.742827868852459,0.7943235572374645,B2B_Services,B2B_Services_Seasonal
2b038aec20a7e42c2b0ae61eeab1f9cfbbec3d57e7b977e55f2cd4f7780c212d,0.6392857142857142,0.0107142857142857,0.0,0.35,0.0,0.0,0.0,0.0,-1713.3551534392298,701.7273860751638,67096.28637584561,1950.0821699323524,1.1381657597413808,0.8352272727272727,3.1818181818181817,0.0,0.0,0.1336032388636922,7.749999998789063,0.4821428571428571,0.4863864591207399,0.3947368420922784,12,0.4535714285714285,0.8821428571428571,0.0678571428571428,B2B_Services,B2B_Services_Steady
2b0adbe4937034829d7e1e6ef32ea8e9d65e8b26fafeeeeae1c6aa171763bd74,0.8837209302325582,0.0,0.0,0.1162790697674418,0.0,0.0,0.0,0.0,-2.265959954770364,60.43806869928768,10379.7649267772,556.9686147792645,245.7980826840021,0.4372623574144487,3.596958174904943,0.7019027484143763,0.0,1.4256410256044707,4.197802197571549,0.4883720930232558,0.4899814600524363,0.7142857142573696,33,0.3678646934460888,0.6215644820295984,0.5414616755793227,B2B_Services,B2B_Services_Seasonal
2b2189a331d9728f04e16d7567af472437f05d9414bb003f37526983d69adff3,0.6911764705882353,0.2320261437908496,0.0016339869281045,0.0,0.0751633986928104,0.0,0.0,0.0,-0.8543387424457786,62.19655977235014,40243.096143496754,2550.79590705442,2985.6961301966794,0.7843137254901961,4.8,0.5866013071895425,0.0065359477124183,0.1375464684002086,4.18644067778871,0.4052287581699346,0.7245716135434428,1.603448275815993,75,0.5816993464052288,0.6633986928104575,0.765223880597015,B2B_Services,B2B_Services_Seasonal
2b53ecbcc4f4b5e256295347dcc29780507d8b802fc38121d13b5754e4a77002,0.9577981651376148,0.0,0.0422018348623853,0.0,0.0,0.0,0.0,0.0,76.10170562279497,44.7571398023536,15315.787476984557,1217.9946809318767,16.00482762908009,0.2894736842105263,4.097744360902255,0.6825688073394496,0.0,2.6333333332455555,5.646341463070344,0.6055045871559633,0.4446659951651803,1.4080459769710332,279,0.1229357798165137,0.181651376146789,0.3693268882969978,Digital_B2C,Digital_B2C_Steady
2ba0b14417376252c9b96c94886bc3416d2480b1c1c1d957163e0cf8186dc0c8,0.6289752650176679,0.0265017667844522,0.1554770318021201,0.1731448763250883,0.0159010600706713,0.0,0.0,0.0,0.2651694915254764,116.97,77899.28110169493,3095.256572279828,11672.747259670992,0.6864406779661016,4.796610169491525,0.4222614840989399,0.0035335689045936,0.48556430445557,4.053571428390465,0.6325088339222615,0.4838307892956927,5.01492537276008,32,0.5123674911660777,0.765017667844523,0.6172445255474452,B2B_Services,B2B_Services_Seasonal
2bf9dcfc5e477a2661f1bccd19d453e4f7460e990832eadd40ae7e0e9ab4f80a,0.7818181818181819,0.0,0.0,0.2181818181818181,0.0,0.0,0.0,0.0,1.7326082474226874,16.55325,11204.809793814433,939.9622625062595,542.5128608728236,0.422680412371134,2.268041237113402,0.5272727272727272,0.0,1.075471698011748,3.999999999090909,0.3,0.6717725322483543,3.2857142845408163,10,0.8818181818181818,1.0,0.4636363636363636,Subscription_SaaS,Subscription_SaaS
2c03a404111a0a44f3f473f1f209021e2c17dd72944684f1e62ffde228f98b6d,0.6555716353111433,0.2937771345875543,0.0,0.0,0.0506512301013024,0.0,0.0,0.0,-74.9825172413793,22.572,36414.826724137936,4211.408167246575,56.1652011912031,0.8477011494252874,3.971264367816092,0.7467438494934877,0.0101302460202604,0.1127214170683355,3.2919254657362758,0.4544138929088278,0.5250106080372513,1.461538461505395,61,0.4630969609261939,0.6150506512301013,0.7372151315220836,B2B_Services,B2B_Services_Steady
2c316a2e4d3ee1c02a70cdb755bf69db72b0ae3b2805d9499f17e7f5ebafa933,0.35965848452508,0.4599786552828175,0.0138740661686232,0.0,0.1664887940234792,0.0,0.0,0.0,-1.2206988750508634,100.41809542339576,217745.9956075188,7323.693261165678,5999.590358322085,0.771689497716895,8.557077625570777,0.4951974386339381,0.0352187833511205,0.0647727272723592,5.246666666491778,0.6905016008537886,0.7223123309706243,1.7242990653802734,45,0.6392742796157951,0.7065101387406617,0.8254806986643182,Subscription_SaaS,Subscription_SaaS
2c77ec89d1b6c19c5e218330883e4b787e655c612ee4e7173bd34679fa1978b8,0.6595744680851063,0.0,0.0,0.3404255319148936,0.0,0.0,0.0,0.0,47.43584210526316,43.11300000000001,7751.505789473684,407.5026426807197,8.5906062696334,0.7443609022556391,2.1203007518796992,0.6099290780141844,0.0,0.3177570093309459,3.862068964851368,0.2056737588652482,0.4956013132133256,1.105263157797784,9,0.851063829787234,1.0,0.3230890464933018,Subscription_SaaS,Subscription_SaaS
2ca7a6787f6c18f5de7a58d1e1b221c4572dd33b66d076b446a22a764327cefd,0.864516129032258,0.0,0.1354838709677419,0.0,0.0,0.0,0.0,0.0,-95.38424361396078,142.8297624869769,25059.152232088945,2261.140889505889,23.705601717828,0.2922374429223744,2.8310502283105023,0.3548387096774194,0.0096774193548387,2.522727272583936,5.595744680255772,0.5258064516129032,0.4915364346586881,1.910447761051459,42,0.5290322580645161,0.7677419354838709,0.6572964669738863,B2B_Services,B2B_Services_Steady
2ca8f4577afce77d54e3b17e3d67da3adc0ee23db7191a7992aa8fcb05ad979d,0.7323420074349443,0.174721189591078,0.037174721189591,0.0,0.0557620817843866,0.0,0.0,0.0,10.218431633608798,219.5454286036023,121626.00532258484,8304.230120557528,812.6716907434103,0.6679245283018868,4.060377358490566,0.3754646840148699,0.0427509293680297,0.3090024330862652,13.540540538710738,0.7044609665427509,0.9450073537481372,2.118110236137082,76,0.483271375464684,0.6226765799256505,0.7135410796799279,B2B_Services,B2B_Services_Seasonal
2cbd1149f220ca281fd3e1287c0d3165cf5bb0f9984e4f9419924cdf8bd1007b,0.3384940182969739,0.1857846586910626,0.3828289936664321,0.0,0.0928923293455313,0.0,0.0,0.0,-17.628612160129112,124.92652917525666,136300.34686180012,7115.111747252009,403.61156502769086,0.7523364485981309,6.640186915887851,0.4686840253342716,0.023926812104152,0.1259904912831775,5.372197309296587,0.5116115411681914,0.4319099976561168,1.0553278688416463,116,0.4897959183673469,0.5876143560872625,0.7769378857369345,B2B_Services,B2B_Services_Seasonal
2d0d4fb962a2df7c6e581e4528bc6f4d79773ebfc9f2aba35ee32a692217fa8d,0.3286852589641434,0.5537848605577689,0.0039840637450199,0.0,0.1115537848605577,0.0,0.0019920318725099,0.0,22.040573435019752,48.576262505252494,31412.700514224085,1647.9586249857114,74.76931710041696,0.903010033444816,3.3578595317725752,0.7211155378486056,0.0059760956175298,0.0772532188832912,4.704545454278151,0.649402390438247,0.73402611866043,0.9154228855493676,20,0.5717131474103586,0.6235059760956175,0.7966257668711656,B2B_Services,B2B_Services_Seasonal
2d6cfea625b474941b69984698e04a275858c7f6d4cf517a17333ab614bde0f1,0.7357142857142858,0.2642857142857143,0.0,0.0,0.0,0.0,0.0,0.0,2.805657859132538,27.71281722221378,7666.984218441051,610.4954186066639,217.5943921471148,0.8272727272727273,2.5454545454545454,0.7857142857142857,0.0,0.1570247933819411,2.783783783407597,0.4071428571428571,0.4896217700274269,2.1724137927288942,20,0.7,0.8071428571428572,0.6555555555555556,Subscription_SaaS,Subscription_SaaS
2da10190bfedaeb26e491c87c70ee880701b7d5f81e95c352f0b697922472073,0.9193776520509194,0.0636492220650636,0.0169731258840169,0.0,0.0,0.0,0.0,0.0,91.13422267628124,35.46210941424278,45860.24084870207,8121.165593305575,89.11213980791526,0.6332288401253918,4.432601880877743,0.7213578500707214,0.007072135785007,1.0257879656013498,6.521276595397804,0.5106082036775106,0.7957216567436718,1.1710526315532663,275,0.2489391796322489,0.338048090523338,0.5094742446426195,Digital_B2C,Digital_B2C_Seasonal
2dd85459b0d9a5143e10aa58a0fc0ccc64025d5a8122c1ccba83c227b5177020,0.9590676520750426,0.0280462383930263,0.007959067652075,0.0,0.0049270418798559,0.0,0.0,0.0,16.467125854993153,250.1635,259143.22255813956,5779.413309485531,350.9667295233207,0.3720930232558139,14.437756497948016,0.2717453098351336,0.0100435853704756,0.2630445189082538,2.8378181818078625,0.6729202198218684,0.3388481115590875,0.9745395449594406,166,0.4521508432821679,0.6128482092097783,0.8161146610734435,B2B_Services,B2B_Services_Seasonal
2e62123eab6ce6a315c736ee80906af37c694f2428ed48ed80b6fe469a40ea0b,0.3762057877813505,0.360128617363344,0.0064308681672025,0.0,0.2572347266881029,0.0,0.0,0.0,8.613019599335146,45.56289583249718,41211.39529187956,3457.8773125129287,401.4709671350496,0.8134715025906736,3.22279792746114,0.6655948553054662,0.0289389067524115,0.1561338289933804,2.839506172664228,0.5659163987138264,0.3870314063986619,1.27777777770679,19,0.5241157556270096,0.5916398713826366,0.721106890938687,B2B_Services,B2B_Services_Seasonal
2ec5346341c14e4cc4e846ae3e831b736bbf115e2ef0d9bba79a971557aacd82,1.0,0.0,0.0,0.0,0.0,0.0,0.0,0.0,-490.8936963162353,196.85174688262103,866245.1219158882,9365.185321859706,19.077827627340003,0.6976744186046512,2.7674418604651163,0.4873949579831932,0.1848739495798319,0.3678160919328841,7.499999997321428,0.5630252100840336,1.8111316195575944,2.839999999432,24,0.5966386554621849,0.8487394957983193,0.5507703081232493,B2B_Services,B2B_Services_Steady
2ed96ef5704c014241b449e39d4ee9b1c2eabd706de07c4646d2887b374f9432,0.9825503355704698,0.0,0.0174496644295302,0.0,0.0,0.0,0.0,0.0,-20.200365294603365,177.0911588248878,34700.89358310517,2206.662668904667,109.2387506676328,0.173076923076923,4.093406593406593,0.2805369127516778,0.0040268456375838,2.4490740740173824,5.8981481478750855,0.6335570469798658,0.5315929963733832,1.246231155747582,47,0.2120805369127516,0.3731543624161074,0.3795744680851063,B2B_Services,B2B_Services_Seasonal
2f137185f8deb238dd65ed0f355af54578bf94b738a12829119978db040e6d82,0.7857142857142857,0.0,0.2142857142857142,0.0,0.0,0.0,0.0,0.0,-13.607083694455977,135.5445483747858,34484.11765162788,1411.5710964590205,103.7379593686755,0.5913312693498453,3.9876160990712073,0.4378881987577639,0.0,0.4669703872384172,4.457627118455185,0.5263975155279503,0.4880562838592532,1.1583710406977743,173,0.2779503105590062,0.4099378881987577,0.6100958604100097,Digital_B2C,Digital_B2C_Seasonal
2f53c1bdb4f94c8c064b9c5f2511752d618a38d52268e5274cb06a917d99911c,0.944636678200692,0.0207612456747404,0.0034602076124567,0.0,0.0311418685121107,0.0,0.0,0.0,-31.517990149206994,56.18132342452702,8220.990631683213,1032.093215290544,32.746162114942166,0.3414634146341463,2.819512195121951,0.8546712802768166,0.0069204152249134,1.3306451612366674,3.816666666348612,0.5674740484429066,0.5966821425424091,1.583333333239087,29,0.4498269896193771,0.7889273356401384,0.5553795540392348,B2B_Services,B2B_Services_Steady
2f65632dd79969fcea16f9713fecd55754842f1fc315fc0a88427fe810f4d06a,0.7908163265306123,0.0306122448979591,0.0459183673469387,0.1326530612244898,0.0,0.0,0.0,0.0,2703.3159300494026,116.35029141071944,123755.04553177406,31977.30062811339,11.828917320592536,0.6330935251798561,2.820143884892086,0.4693877551020408,0.0204081632653061,0.4626865671469146,1.8823529410380624,0.2806122448979591,1.9553871571162396,0.8846153845586785,19,0.576530612244898,0.8826530612244898,0.4914127423822714,B2B_Services,B2B_Services_Steady
2f878a500974e878662ddde8524b1da22397702c77745c3884510b3a007d6584,0.978902953586498,0.0,0.0168776371308016,0.0,0.0,0.0,0.0042194092827004,0.0,-0.3127948250057622,186.6786136472743,446085.0633206029,6202.605305335636,19829.628277658016,0.4814814814814814,4.388888888888889,0.4683544303797468,0.3291139240506329,0.4451219512059414,13.812499995683591,0.5485232067510548,0.7511764849757253,0.3725490195895809,7,0.9831223628691984,1.0,0.541289933694997,Subscription_SaaS,Subscription_SaaS
30232068e0608a219363d929da707a236485f2d29f7444b5c6395f8f33a4248e,1.0,0.0,0.0,0.0,0.0,0.0,0.0,0.0,134.26183275454468,83.82526289305578,96753.5376157046,8307.687196148914,61.87675994799002,0.671875,2.53125,0.5432098765432098,0.0617283950617283,0.4210526315420129,10.57142856387755,0.3086419753086419,1.3024924117430183,2.588235293356401,21,0.6419753086419753,0.8518518518518519,0.5338036449147561,Subscription_SaaS,Subscription_SaaS
304247a2f900f2d44b435b203024cb77e788eb32a1d5a76943bfd764ccaaa747,0.7060575968222443,0.1290963257199602,0.125124131082423,0.0,0.0397219463753723,0.0,0.0,0.0,-112.32453960364306,146.36912735058988,194983.0176730712,8375.206381854025,74.56257030442139,0.7663316582914573,5.060301507537688,0.4568023833167825,0.0764647467725918,0.1655092592583014,5.758389261551732,0.634558093346574,0.5243842345965307,1.675862068936623,84,0.3714001986097319,0.5402184707050646,0.6900622208841387,B2B_Services,B2B_Services_Seasonal
30792bbcd78f0eb311a1c08e1a02fccc95f317ec652f330db0ef28415910f4df,0.7526501766784452,0.0565371024734982,0.0494699646643109,0.0,0.1413427561837456,0.0,0.0,0.0,-2.727590641188316,129.67959124301314,25193.91342931292,1191.464167985,436.81927398670354,0.3298969072164948,2.917525773195876,0.3215547703180212,0.0,1.801980197930595,4.6599999995340005,0.6360424028268551,0.3769300311725266,0.6829268292405314,86,0.469964664310954,0.5406360424028268,0.5878455462922334,B2B_Services,B2B_Services_Seasonal
30a28b7d6be97cecb1ed5b1b72a07e81df8f26069ddfc463d03988b97b4fddda,0.8394711992445704,0.0434372049102927,0.0830972615675165,0.0,0.0339943342776204,0.0,0.0,0.0,3.382122844827593,57.0,16156.977995689656,596.0001155566662,176.22071732431135,0.3103448275862069,4.564655172413793,0.6940509915014165,0.0,2.151785714253694,4.140776698928621,0.7091595845136922,0.2707862835942631,1.5035460992641214,273,0.1671388101983003,0.279508970727101,0.6075178102737158,Digital_B2C,Digital_B2C_Seasonal
30b75dcd4d61584063ef82942c4145fea77e86e0a8dc9751003f9098e7698957,0.9793608521970706,0.0,0.0,0.0,0.0,0.0,0.0206391478029294,0.0,8728.829955021289,989.275396274119,5098563.174857923,507649.11445011816,58.15775047347665,0.6424581005586593,16.782122905027933,0.1378162450066578,0.1551264980026631,0.4667968749977207,82.44444442154321,0.7776298268974701,0.9803243752470802,1.183333333316898,24,0.933422103861518,0.9420772303595206,0.9328445065176908,Subscription_SaaS,Subscription_SaaS
31ba57979774e7b2250ca058af3492a8c528adc088b0ef4d6e645578483bf9a9,0.8677494199535963,0.0487238979118329,0.0,0.0,0.0835266821345707,0.0,0.0,0.0,-54.186533088235294,76.95,27204.689669117648,1495.4586797794475,27.598345830103508,0.5404411764705882,3.169117647058824,0.5452436194895591,0.0046403712296983,0.8262711864231722,2.918181818049173,0.5290023201856149,0.5255876905371957,1.7043478260128544,62,0.6774941995359629,0.7795823665893271,0.7537686479731313,Subscription_SaaS,Subscription_SaaS
31c0f12f1ae9e0e1e68b86835417bd10cbfe80900c0284788737988e0ded4db6,0.9349930843706776,0.0345781466113416,0.0304287690179806,0.0,0.0,0.0,0.0,0.0,9.332568783068773,31.388,22589.35484126984,1012.450412656567,108.48571653803464,0.373015873015873,3.8253968253968256,0.6293222683264177,0.0,1.4675767917838298,3.3818181817157025,0.6804979253112033,0.2510455400789159,1.1813725489906526,232,0.4522821576763485,0.5463347164591977,0.6264450153146922,B2B_Services,B2B_Services_Seasonal
320b10457c9c109c2b4f00b0fecac1cc8cb7c2da8ad936fdf0787790517f411b,1.0,0.0,0.0,0.0,0.0,0.0,0.0,0.0,71.15684375635612,79.0904498131552,51787.56220619595,3331.605244559994,46.82058770761865,0.6486486486486487,3.063063063063063,0.5705882352941176,0.0117647058823529,0.6037735848771805,2.777777777469136,0.5823529411764706,0.7005675198354053,0.6436781608825473,20,0.7588235294117647,0.923529411764706,0.6429411764705882,Subscription_SaaS,Subscription_SaaS
320d9df4ce94e83c412379fc591aab25823c4fbd7f85ddb52a189af87f720ec2,0.5943396226415094,0.0518867924528301,0.0613207547169811,0.0,0.2924528301886792,0.0,0.0,0.0,9.970833333333337,47.5,19182.965,992.4946305268,99.53978733286102,0.8421052631578947,3.719298245614035,0.7169811320754716,0.0,0.1459459459420014,6.066666665655555,0.5,0.3615421230763628,1.4827586205618313,29,0.7028301886792453,0.7547169811320755,0.7471264367816092,Subscription_SaaS,Subscription_SaaS
32510a261168dc8a375178afa6f8687c3984a5625074c106af1b66e3a969a3a5,0.984126984126984,0.0119047619047619,0.0,0.0,0.0039682539682539,0.0,0.0,0.0,58.49070444709878,75.33932714371636,39609.89707999215,2241.2817634125618,38.31859753127912,0.6560509554140127,3.210191082802548,0.5277777777777778,0.0,0.362162162152374,2.999999999761905,0.4603174603174603,0.5732474135137815,5.32258064430281,20,0.6031746031746031,0.9087301587301588,0.5447791164658634,B2B_Services,B2B_Services_Steady
328c1364e07ac783293b8af1c77ad276a5b31778399f52b667db8ffcf5e2cea2,0.8396946564885496,0.0,0.0,0.1603053435114503,0.0,0.0,0.0,0.0,-129.02085382654903,31.720491814308755,9831.786026713227,898.3990863689689,6.963208346978637,0.8620689655172413,3.0114942528735638,0.7862595419847328,0.0,0.119658119653006,2.969696969247016,0.3358778625954198,0.9203655630146054,8.45454545070248,13,0.8549618320610687,0.9770992366412212,0.6130358191426893,Subscription_SaaS,Subscription_SaaS
33269ce66000b85c68d4c0c25401b7b0409c6925e0277e98828a5e8637ee5069,0.8622448979591837,0.0,0.0,0.135204081632653,0.0,0.0,0.0025510204081632,0.0,105.275699708897,78.64801321903855,9253.904125168012,464.7526063852172,4.414623770026522,0.2703862660944206,3.3648068669527897,0.6862244897959183,0.0,2.499999999888393,3.404494381831208,0.4285714285714285,0.3301177085578429,6.34482758511296,33,0.3086734693877551,0.6096938775510204,0.4628942486085343,B2B_Services,B2B_Services_Steady
332b1bd74f5725b46c86c5d9af99aebb06a3329f287043c34eb63b914db860e4,0.409873708381171,0.2778415614236509,0.0,0.0,0.3122847301951779,0.0,0.0,0.0,160.4602090989933,186.1399919569955,103220.69410124622,7401.122504027033,46.124347868696766,0.9067599067599068,4.0606060606060606,0.4133180252583238,0.0309988518943742,0.0570388349511102,4.730263157739136,0.5683122847301951,0.956906533709875,1.3019607842881968,30,0.6291618828932262,0.7003444316877153,0.8352880658436214,B2B_Services,B2B_Services_Steady
333f98ffd954b560e3602f8287b43c86b8b3b1d5c4e218b2035dc26aa17283a2,0.3132075471698113,0.6685534591194968,0.0025157232704402,0.0,0.0157232704402515,0.0,0.0,0.0,-30.50931520333781,17.30258767382047,19867.587775641867,1611.575475973252,52.82240734360097,0.8679245283018868,6.0,0.8635220125786164,0.00062893081761,0.0743243243240732,3.937888198696617,0.6295597484276729,0.4535329162297526,0.8407960198935258,53,0.4389937106918239,0.5113207547169811,0.8023613378383508,B2B_Services,B2B_Services_Steady
3399ee6deb69f38a183bf242fecf8079c263b7d5e5867a210372ead1410411fe,0.9795081967213116,0.0,0.0,0.0204918032786885,0.0,0.0,0.0,0.0,41.22437465698592,662.969026836675,73745.02259417897,3209.413397840934,77.85232459599095,0.5348837209302325,2.8372093023255816,0.2418032786885245,0.0122950819672131,0.891472868182501,5.421052630865652,0.6229508196721312,0.466305354758356,2.042553191272069,49,0.4221311475409836,0.610655737704918,0.5672465707594513,B2B_Services,B2B_Services_Seasonal
33e103e5deb169609df3b4560f3e405a66ed5ac29e1689a08c26fc9367e278d2,0.6107960101701545,0.0254253862702914,0.3096029728143947,0.0,0.0537844709563856,0.0,0.0003911597887737,0.0,196.8975254730711,213.9495,408229.8697816594,20949.225844670524,106.39659281280149,0.4395924308588064,14.885007278020378,0.329747701936241,0.0221005280657148,0.5508037609940085,8.928155339719146,0.6495208292587522,0.5486654837962349,1.4912403643956158,613,0.2374339917856444,0.3099941326031684,0.7280910857424524,Digital_B2C,Digital_B2C_Seasonal
348aa83e9bb1db70c463a8c46024dc84e092d2b32577095b3072286e228c197e,0.3802559414990859,0.0457038391224862,0.5502742230347349,0.0,0.0237659963436928,0.0,0.0,0.0,-15.115101857101983,212.0616936345192,85238.59826701059,3480.7849527355083,230.28524606317316,0.7898305084745763,3.7084745762711866,0.3418647166361974,0.0255941499085923,0.2021978021955802,5.360465115967415,0.5301645338208409,0.5940023268358898,1.4972375690194133,76,0.453382084095064,0.6288848263254113,0.6998198919351611,B2B_Services,B2B_Services_Seasonal
352e7f01da5d872038d9bf749d5a670c3b274285e69ec121ec394580c832ef3d,0.595050618672666,0.3295838020247469,0.0438695163104611,0.0269966254218222,0.0044994375703037,0.0,0.0,0.0,-6.982841829754178,128.53690011961908,28104.087533039896,1164.6416292006347,166.78619621171808,0.525,3.7041666666666666,0.4656917885264341,0.0033745781777277,0.6805293005606756,5.089041095716128,0.5849268841394826,0.4197339555534857,1.1650165016309404,49,0.5084364454443194,0.6434195725534309,0.7479270778078674,B2B_Services,B2B_Services_Seasonal
35639dac5ef83d47914bc05438c40511997ad18fa5c7ea6ecc8f26661ab22c91,0.8409912235415591,0.1502323180175529,0.0082601961796592,0.0,0.0005162622612287,0.0,0.0,0.0,-82.80812794734868,145.1630187694269,129725.18893647118,6241.236251093273,75.3698508231933,0.458955223880597,7.227611940298507,0.445018069179143,0.0206504904491481,0.6828844483028546,8.832487309420495,0.6551368094992256,0.5845637309486001,1.4067796610037029,230,0.3464119772844605,0.4130098089829633,0.7369140917486148,Retail,Retail_Seasonal
356bae7a5758946b94e2dd6ac31aa41aa40191a74fdf3754c52a7eb8401a1e71,0.8467583497053045,0.0451866404715127,0.106090373280943,0.0,0.0019646365422396,0.0,0.0,0.0,-24.07732246645496,119.14237071141804,13912.337496585613,570.2641646110147,23.684700205709,0.3841642228739003,2.9853372434017595,0.4243614931237721,0.0,1.859550561745518,3.241666666531597,0.4361493123772102,0.1804417241487224,0.7777777777537723,31,0.275049115913556,0.5108055009823183,0.3442601541073527,B2B_Services,B2B_Services_Steady
363271ae3d77532ab92863eec06854c74798a1ca430fb24d03bc3b94f79a8670,0.8737864077669902,0.0,0.0388349514563106,0.0,0.0776699029126213,0.0,0.0097087378640776,0.0,-2589.6538708412127,322.7870516909117,159880.73647569862,23353.851398923343,9.018136231174012,0.3406593406593406,2.263736263736264,0.3592233009708738,0.0776699029126213,2.3225806447866804,2.3225806447866804,0.3786407766990291,1.3182312794428908,1.8888888885390944,18,0.7475728155339806,0.8640776699029126,0.5996563573883161,Subscription_SaaS,Subscription_SaaS
36f90ea9aae86bb37de4763c270ff0965c644113f74455c92a3f6e8863c272a6,0.4032697547683924,0.3514986376021798,0.0326975476839237,0.0,0.2125340599455041,0.0,0.0,0.0,-24.83653844117941,66.89089939240112,18183.300774241638,980.0300530761548,39.45920463121607,0.7051282051282052,3.1367521367521367,0.6049046321525886,0.0,0.324909747286554,3.828947368169148,0.6294277929155313,0.4206641487876887,1.2622950819154797,43,0.5640326975476839,0.6294277929155313,0.7585623678646934,B2B_Services,B2B_Services_Steady
37429d4c41a513d320377b5c03241924a3c8838117008470946bf6dec1f1bb43,0.8083596214511041,0.0,0.0055205047318611,0.0228706624605678,0.029968454258675,0.1332807570977918,0.0,0.0,-145.95572815580573,31.233018932058805,45394.269945591885,5838.133394760281,39.99934410335825,0.2257336343115124,5.724604966139955,0.6790220820189274,0.0063091482649842,1.4765624999855806,6.372093023070579,0.5654574132492114,0.720331825247154,2.802752293513698,203,0.1805993690851735,0.279179810725552,0.648665862029651,Digital_B2C,Digital_B2C_Steady
377ff51a73d1cbcdfec7db83d57c71d4ae7c451abdc58a9e966a1d91cee6ad6c,0.602125147579693,0.2125147579693034,0.1345926800472255,0.0,0.050767414403778,0.0,0.0,0.0,5.765600017864379,51.94059280281581,11531.700363657348,385.4539669332079,66.85409412209658,0.5282051282051282,4.343589743589743,0.7756788665879575,0.0,0.9076576576474364,5.72222222199515,0.6847697756788665,0.4412745220696633,1.0535117056680017,378,0.3530106257378985,0.4120425029515938,0.4814279287963498,B2B_Services,B2B_Services_Steady
3798e1c9f85c93521dfc5615c37329e66308aa07f8f75ef6d171ed181ccfbc3a,0.7628278221208666,0.1003420752565564,0.0,0.0193842645381984,0.104903078677309,0.0125427594070695,0.0,0.0,-558.3969769586214,234.69865093338487,285407.29461940593,25562.38045822306,45.77814979764748,0.8028846153846154,4.216346153846154,0.4127708095781072,0.0604332953249714,0.1434159061268356,7.045871559309823,0.636259977194983,0.5447148518170042,1.1161290322400623,84,0.4526795895096921,0.61345496009122,0.7422853512434199,B2B_Services,B2B_Services_Steady
37fcc88a61d5969d25489fa07550ecb4f91be10dbfa4664ec5d0978df253cc2d,0.8261099365750528,0.1701902748414376,0.0031712473572938,0.0,0.0005285412262156,0.0,0.0,0.0,64.36476017740496,209.5340077251986,128174.3986907855,7937.983607558554,123.32810041467192,0.3117932148626817,6.113085621970921,0.3578224101479915,0.0137420718816067,0.6074766355114382,7.561085972679614,0.8350951374207188,0.5839749230551697,1.1374795417255523,297,0.5264270613107822,0.5856236786469344,0.7784928082581202,B2B_Services,B2B_Services_Seasonal
3838f7af77f4326fe7ee901687a0d035db2075eec2c80a686318d549b0bebedf,0.7421875,0.0,0.2578125,0.0,0.0,0.0,0.0,0.0,115.88602439206616,164.46383835002297,22195.75867523605,1615.4738837465884,13.940195913026642,0.225,3.2,0.30859375,0.0078125,3.5714285711096942,6.314285713383674,0.59375,0.6387130779216516,2.479999999752,30,0.45703125,0.734375,0.51484375,B2B_Services,B2B_Services_Steady
38744c4bf180ea82a9ce3ef91d916641e3c32b13151f1aec3a1806ac43b4d97e,0.758557457212714,0.1381418092909535,0.0843520782396088,0.0,0.0189486552567237,0.0,0.0,0.0,0.3328441558441546,51.89625,24271.17311688312,839.4750482495639,2522.126371422192,0.411873840445269,6.070500927643785,0.7359413202933985,0.0006112469437652,1.2258503401277154,9.09876543181794,0.7347188264058679,0.5894167844299643,1.085388994297103,576,0.1986552567237164,0.2658924205378973,0.5418036982677393,Mixed,Mixed
3892a80f1e2a40925889f63682522ef928a47c922ce8f4837944abfd83ffc2fb,0.6713091922005571,0.3286908077994429,0.0,0.0,0.0,0.0,0.0,0.0,-79.54132386818098,84.48295362912573,29964.4384990427,2151.7779120157843,27.052327106238167,0.6952380952380952,3.419047619047619,0.5236768802228412,0.011142061281337,0.3198529411705909,10.966666664838888,0.6350974930362117,0.7168380519081046,1.3103448275297265,77,0.520891364902507,0.5905292479108635,0.6651785714285714,B2B_Services,B2B_Services_Steady
38ea5c63ec46f626d510be7ab4246ee08a7dcb13d7344c72a34db328a88b06ca,0.9720044792833148,0.0089585666293393,0.0011198208286674,0.0,0.0179171332586786,0.0,0.0,0.0,-2.4482999044777825,264.1877471969081,571487.351389817,23444.489789108746,9575.824289529251,0.644,7.144,0.3393057110862262,0.0884658454647256,0.248951048949308,67.69230766627219,0.8465845464725644,0.8700306383483906,0.7514124293679179,118,0.3213885778275476,0.4680851063829787,0.6618245149740217,Mixed,Mixed
39ca5d7f80c6a60806a5f8260be637045378e4c809478d14d37b3de916aa085b,0.9029126213592232,0.0970873786407767,0.0,0.0,0.0,0.0,0.0,0.0,-18.080791504840324,35.277793579674864,22585.90524212245,2195.843672341868,121.44621381976374,0.8764705882352941,3.635294117647059,0.6990291262135923,0.0064724919093851,0.0804195804181744,4.942307691832471,0.3592233009708738,0.8564133592735315,0.9099999999545,33,0.5857605177993528,0.7702265372168284,0.6354515050167224,B2B_Services,B2B_Services_Seasonal
39d3c91371ac502638a131cafcb03a00e6096f8ecee14788b7d473387ac160a0,0.6263219741480611,0.336075205640423,0.0340775558166862,0.0,0.0035252643948296,0.0,0.0,0.0,-1.2177355188840928,28.942043581348905,6822.840074409194,251.6116293132711,206.62255748080432,0.4859154929577465,3.995305164319249,0.8249118683901293,0.0,0.9976525821479147,2.7488986783535485,0.6286721504112809,0.2632406080964136,1.0198019801811913,320,0.253819036427732,0.2902467685076381,0.4787388392857143,Retail,Retail_Seasonal
39e10006265724846e556f2f52108b9400348fa9c84be34c551cd31dcf5e7e40,0.1358173076923076,0.8100961538461539,0.0540865384615384,0.0,0.0,0.0,0.0,0.0,9.327565243704496,51.64543595013251,28271.695063221887,2027.214261186493,217.3358433897177,0.9208791208791208,3.657142857142857,0.6935096153846154,0.0036057692307692,0.0585241730276175,5.0729927005447815,0.6009615384615384,0.5339436453308601,1.1584905660158775,26,0.5540865384615384,0.5901442307692307,0.8598793363499246,B2B_Services,B2B_Services_Seasonal
39ecaa265ce92238c7423d077665f0944a80bdab1e6659a3a1d3e32390a7d3ed,0.9588281868566904,0.004750593824228,0.0150435471100554,0.0,0.0213776722090261,0.0,0.0,0.0,24.12863275434243,330.6,193558.06116625312,8149.2487163144815,337.7418354328611,0.6377171215880894,6.267990074441688,0.2850356294536817,0.0277117973079968,0.3894389438922473,19.37096774037331,0.7537608867775138,0.8294999299564915,1.4575342465553762,75,0.4829770387965162,0.6167854315122724,0.7089425657541599,B2B_Services,B2B_Services_Seasonal
3ab3c68f66f2f27ace27943ec2111de5a729be82554fcec699ffcfd8b05cfd33,0.5345911949685535,0.3836477987421384,0.0188679245283018,0.0,0.0628930817610062,0.0,0.0,0.0,0.635074757547019,34.18714194702355,26580.68108214518,1247.94307721908,1965.033317319895,0.7661691542288557,3.164179104477612,0.6886792452830188,0.0,0.2091254752811953,3.608695651912413,0.6981132075471698,0.6466368387258299,0.6220472440699981,27,0.4308176100628931,0.559748427672956,0.6010485371215964,B2B_Services,B2B_Services_Seasonal
3b389a8f446198afa21bc91a994099f562e10ce9f69bdf5eafe87c58015efc8c,0.9492063492063492,0.019047619047619,0.0,0.0,0.0285714285714285,0.0,0.0031746031746031,0.0,-151.0774034645803,160.4958176673298,29562.257840904505,2678.930512836764,17.73217206031417,0.2205882352941176,2.3161764705882355,0.3904761904761905,0.0095238095238095,2.499999999861111,2.1188118810832277,0.8444444444444444,0.3395274060345571,1.114583333275282,18,0.9301587301587302,0.9650793650793652,0.8408119658119658,Subscription_SaaS,Subscription_SaaS
3b3ef2a0a093392a22e2d1d88640f8fb548105b7d6b645dfdcea557d2fe7a786,0.2551546391752577,0.6765463917525774,0.0554123711340206,0.0,0.0128865979381443,0.0,0.0,0.0,-5.743803825540556,23.498777321767705,12640.04081556439,873.6645169734632,152.10556314050055,0.826530612244898,3.959183673469388,0.8208762886597938,0.0,0.1181556195956905,3.619047618939909,0.5025773195876289,0.3065824166208264,0.7475728155218839,78,0.5412371134020618,0.5850515463917526,0.8100275559291953,B2B_Services,B2B_Services_Seasonal
3b40557a08d7106d1421b1731c17a3980b99cc7c975464965091c0a208366d69,1.0,0.0,0.0,0.0,0.0,0.0,0.0,0.0,-20.681008152654616,283.1422512355682,266564.092797808,8917.033814975273,431.17017046961416,0.673469387755102,2.653061224489796,0.4153846153846154,0.2615384615384615,0.4444444443950617,3.642857141556122,0.3230769230769231,0.5963852347337332,1.347826086663516,14,0.8153846153846154,0.9384615384615383,0.5967032967032967,Subscription_SaaS,Subscription_SaaS
3c4f1d8270864d75da0010617b4f3a9b240bfd68a87b7fa0f0c655a7ea0fbbc6,0.8300653594771242,0.1503267973856209,0.0196078431372549,0.0,0.0,0.0,0.0,0.0,217.77935713848296,111.74836470557896,336467.3988815045,26995.97106025186,123.9601926175486,0.5844155844155844,2.6493506493506493,0.457516339869281,0.2058823529411764,0.6813186812999638,5.374999999440105,0.3823529411764705,0.6699754942217823,2.98039215657055,31,0.5686274509803921,0.6862745098039216,0.670866935483871,B2B_Services,B2B_Services_Seasonal
3c9b819a282317efe5a502774c6c1ba6fc62b2dbd49ef8540f560855e5c66818,0.923809523809524,0.0,0.0031746031746031,0.073015873015873,0.0,0.0,0.0,0.0,-2.683319016671105,90.33016937791352,25898.13596865223,1574.8403073659165,586.9001381172501,0.7466666666666667,2.8,0.5142857142857142,0.0126984126984126,0.2804878048723478,3.9218749996936033,0.5301587301587302,0.4154683418223052,1.4255319148177907,63,0.4222222222222222,0.6190476190476191,0.5989417989417989,B2B_Services,B2B_Services_Seasonal
3cbaacf63ba73f94ffc21e7cdf8198e2588e050a29325bf2bfb4e0b2c4acb7a0,0.7642163661581137,0.0,0.0776699029126213,0.1262135922330097,0.0,0.0319001386962552,0.0,0.0,29.040452830188634,162.9075,60817.63924528302,8130.396213325348,279.9679556674756,0.2722371967654987,3.8867924528301887,0.2732316227461858,0.0263522884882108,3.838926174367821,5.008333333124653,0.4895977808599168,0.6296732849347407,0.7094972066840922,51,0.1678224687933426,0.3342579750346741,0.3315656359631231,B2B_Services,B2B_Services_Seasonal
3d1bbb714fb21d7d10189be85016e264aeb4c7c0979eb2b5a3bccb0746dbfff5,1.0,0.0,0.0,0.0,0.0,0.0,0.0,0.0,-210.8757227921888,53.38668594421845,29856.405291717536,3124.395623359148,14.816288863607006,0.2596685082872928,3.767955801104972,0.7155425219941349,0.0205278592375366,1.623076923014497,2.965116278897377,0.501466275659824,0.9870964661185844,3.5789473679501387,25,0.3929618768328445,0.7360703812316716,0.4401173020527859,B2B_Services,B2B_Services_Steady
3d4deb69455a3243fed2a24712bd1945402ff307a7e14588db94898b631a8045,0.7671840354767184,0.2239467849223946,0.0088691796008869,0.0,0.0,0.0,0.0,0.0,32.63705003315411,127.49291467230408,22735.15491985974,1435.2347945536242,43.97562869977204,0.494661921708185,3.209964412811388,0.4390243902439024,0.0044345898004434,0.7548638132148859,4.369047618787556,0.6496674057649667,0.3878596924650503,1.654135338283679,139,0.4745011086474501,0.5853658536585366,0.6310818643663269,B2B_Services,B2B_Services_Steady
3daaea6536573af37f1a92095f8e5e4d4a4baa8b85db00e49976c80ed390b0c3,0.5257361204765115,0.0020229265003371,0.3290627107215104,0.0,0.1431782423016408,0.0,0.0,0.0,5.057480793839279,294.23758403791754,305876.7990608916,4407.247801878407,871.4314443927773,0.4050073637702504,13.104565537555228,0.1564396493594066,0.0143852551135086,1.8211794546549744,10.738786279541705,0.717015059563947,0.6847986414360742,0.911531421595755,187,0.2420768712070128,0.3499662845583277,0.7014799883021391,Digital_B2C,Digital_B2C_Seasonal
3dfd0426b8b61e966424dc460177007158a420afdd941c4926438569a5868f7f,0.9821428571428572,0.0,0.0,0.0,0.0,0.0,0.0178571428571428,0.0,-1559.684673685036,25.03092608947746,66422.46383556325,5191.928194851145,3.328831963547473,0.8297872340425532,2.382978723404255,0.5714285714285714,0.0982142857142857,0.1666666666579861,5.588235292474049,0.3392857142857143,0.7691108963746915,1.2820512818869163,11,0.9285714285714286,0.9910714285714286,0.6428571428571429,Subscription_SaaS,Subscription_SaaS
3e37364d145b979e161df5317eb4461e35b92a6d3e03ec391b312b5c23d6d2b8,0.6712707182320442,0.0,0.1298342541436464,0.1988950276243093,0.0,0.0,0.0,0.0,25.315125477081597,69.35524951317976,7323.473320011634,575.3426284080099,22.72722798477177,0.4261603375527426,3.054852320675105,0.850828729281768,0.0,1.2484472049301725,2.8924731181240606,0.4337016574585635,0.5267846970472023,1.6399999998906665,25,0.425414364640884,0.7541436464088398,0.4718232044198895,B2B_Services,B2B_Services_Steady
3e4e7c4fcb3dc38a369ce059a9b0b1580ecd6d22e96c82c1cfdc88ad0b8909c9,1.0,0.0,0.0,0.0,0.0,0.0,0.0,0.0,5.001923076923071,66.72749999999999,8040.025384615384,207.52488908932935,41.48902041934198,0.4945054945054945,2.681318681318681,0.6229508196721312,0.0,0.9365079364336104,3.2068965511712246,0.5163934426229508,0.3306154286477173,1.5945945943791089,25,0.5983606557377049,0.8360655737704918,0.5613114754098361,B2B_Services,B2B_Services_Steady
3e8145753cf09b7d036a80a639b0145886dced4a406cfe7fa111293013da3001,0.9014423076923076,0.0,0.0985576923076923,0.0,0.0,0.0,0.0,0.0,0.9463343219565123,25.574760070171344,10532.471853525913,1305.8104498021555,1379.8616468900998,0.2755555555555555,3.6977777777777776,0.8822115384615384,0.0048076923076923,4.402597402311519,5.603174602729907,0.5456730769230769,0.6221380136895424,1.40476190470616,150,0.1658653846153846,0.2716346153846153,0.4677564102564102,Mixed,Mixed
3e8cd3bef67c51b82f819318deb7fd6091ede934044ebc86d285eb0abcaa082e,1.0,0.0,0.0,0.0,0.0,0.0,0.0,0.0,-11.120709393099334,7.013749503013443,11632.659367851677,352.6517220880948,31.71126133282567,0.7966101694915254,2.6440677966101696,0.7435897435897436,0.0,0.1999999999846153,3.588235293062284,0.3461538461538461,0.6338987661518773,13.3999999866,9,0.8974358974358975,1.0,0.50997150997151,Subscription_SaaS,Subscription_SaaS
3eb39de32302216f604f42bfea4d36fbd26be370ca105079e7221ac486c82c73,0.8341911764705883,0.000735294117647,0.1463235294117647,0.0,0.0,0.0077205882352941,0.0110294117647058,0.0,160.77582687927037,167.28036474905926,135930.78352116776,4151.920757739906,25.82428489451601,0.2864583333333333,9.444444444444445,0.1941176470588235,0.0113970588235294,4.714285714236194,4.690376568988595,0.580514705882353,0.7116497240514518,0.8085399448980128,189,0.0889705882352941,0.144485294117647,0.4323507180650038,Digital_B2C,Digital_B2C_Steady
3eee02d1e8473b962a1e0bc6bf46f9e7b3a1784353d76f056a82cba55706abcb,0.993006993006993,0.0,0.0069930069930069,0.0,0.0,0.0,0.0,0.0,258.2208769252472,56.5174399612879,188090.3022737068,18857.868432692096,73.02999144186546,0.5229357798165137,2.623853211009174,0.6013986013986014,0.1048951048951049,0.7228915662215125,10.916666662118056,0.7342657342657343,1.0338424334731886,5.095238094024944,36,0.6013986013986014,0.7412587412587412,0.5848873348873349,B2B_Services,B2B_Services_Seasonal
3f32baefea6eacfc6c5ced2feaa728c93090f1ddac34e2e0e1df738b5635fa94,0.4119094488188976,0.0208333333333333,0.5464238845144357,0.0,0.0203412073490813,0.0,0.0004921259842519,0.0,-206.5058469660403,299.2603734155481,535298.7372826306,15290.891418801211,74.04580375186822,0.3205479452054794,16.7013698630137,0.2693569553805774,0.0401902887139107,0.6971046770591632,5.519786096227167,0.5661089238845144,0.2773267337172955,1.177215189870552,601,0.2582020997375328,0.3978018372703412,0.7971407222270152,Digital_B2C,Digital_B2C_Seasonal
3f405095e970e98654326db195c1eb98f5d9f6c396650f0f8db1f0f6ab664447,0.8725778038755138,0.0234879624192601,0.103934233705226,0.0,0.0,0.0,0.0,0.0,3.4789305844149654,189.20062642773297,56785.74592680508,1776.0102015649366,510.50463737796974,0.3425605536332179,5.892733564013841,0.2806811509101585,0.0,2.1831775700730547,13.68103448216892,0.6905460951262478,0.5618442736503307,0.9595959595878822,125,0.2712859659424544,0.4345273047563124,0.6567051816557474,Mixed,Mixed
3f48415c426e16f14fd160272a63b7367290a586aa8f84497238ddb40354427c,0.21875,0.47265625,0.17578125,0.0,0.1328125,0.0,0.0,0.0,0.51983844671906,78.50717827197548,40591.57948203414,2323.949634374687,4470.522725544784,0.8819875776397516,3.1801242236024843,0.55078125,0.01171875,0.1130434782584121,4.818181817634298,0.60546875,0.5834674037609761,0.7757009345431916,28,0.6015625,0.6796875,0.7240896358543417,B2B_Services,B2B_Services_Seasonal
3fd846cf33829547470edee900628b74003e2135873c51afac83940bfe05517a,0.5560747663551402,0.3457943925233644,0.0887850467289719,0.0,0.0046728971962616,0.0,0.0,0.0046728971962616,0.7504723778357936,22.22066502936052,10493.334899319789,389.8791366728946,519.5116342617548,0.6956521739130435,3.7217391304347824,0.6869158878504673,0.0,0.3048780487711927,9.699999997575,0.6682242990654206,0.6417244966380318,0.8686868686429956,18,0.7850467289719626,0.8364485981308412,0.7127153891859774,Subscription_SaaS,Subscription_SaaS
403ca8525d126f0e5b881278f06a168adf3ec79bcc1b560b9f32cce837f82189,0.9483204134366924,0.0,0.0516795865633074,0.0,0.0,0.0,0.0,0.0,4.308099585849763,171.73425000739195,28284.28254241554,1315.185900682179,305.28214852534336,0.2631578947368421,3.8796992481203008,0.2260981912144702,0.0,2.4864864864304845,4.6911764704157655,0.4702842377260982,0.3279855860004858,0.9999999999775784,55,0.189922480620155,0.3449612403100775,0.4433258201853243,B2B_Services,B2B_Services_Seasonal
405d2354d84c39fc15594f8c16f53011a89d06296e69d2ed9d420d7b5a3b2868,0.9341216216216216,0.0,0.0658783783783783,0.0,0.0,0.0,0.0,0.0,-96.7845019230784,317.7830405875524,206936.11538401048,8452.04919200963,87.32853941691818,0.277136258660508,10.937644341801386,0.089527027027027,0.0173141891891891,4.227373068386012,33.31884057729573,0.8606418918918919,0.5687222935533846,5.538461538328402,150,0.1043074324324324,0.1680743243243243,0.400152027027027,Mixed,Mixed
405f8c79efc2572070312c1949c952b08e56245a677fa48973e0c2fdb3657c17,0.8265162200282088,0.1586741889985895,0.002820874471086,0.0119887165021156,0.0,0.0,0.0,0.0,-188.3881764984492,296.440515756858,247707.54634724424,14489.770998957874,76.91443947018624,0.6527777777777778,6.564814814814815,0.3166431593794076,0.0528913963328631,0.2937956204366159,4.933054393202237,0.4964739069111424,0.41127071277944,1.4557640750475098,291,0.2122708039492242,0.3067700987306065,0.640807626171779,Retail,Retail_Seasonal
409797cf41c22bbfcb70b98d9a5bbedaa0727b9c7b95a3401006ca39c58838fc,0.9692307692307692,0.0,0.0307692307692307,0.0,0.0,0.0,0.0,0.0,38.78860416666669,100.8,16466.926875000005,1089.058805765768,28.07677226036641,0.1875,2.708333333333333,0.4974358974358974,0.0,2.8235294114878893,6.222222221069959,0.5948717948717949,0.7330441472548552,2.187499999658203,22,0.5435897435897435,0.7948717948717948,0.4766899766899767,B2B_Services,B2B_Services_Steady
40eeb4ab94a4e977f1369b487c0dec8686c142dbce727a1c7df1d1ada782b0b6,0.8919753086419753,0.0694444444444444,0.0015432098765432,0.037037037037037,0.0,0.0,0.0,0.0,-634.8317031908357,441.00921621562577,666372.4374507894,41265.0148366112,65.00150296299329,0.7490774907749077,4.782287822878229,0.3040123456790123,0.1635802469135802,0.1654676258977925,5.612244897672844,0.345679012345679,0.5623418948420372,1.9999999999375,106,0.2669753086419753,0.4351851851851852,0.6221417971470972,B2B_Services,B2B_Services_Steady
4116d10b04177aaac430c980a11e9e7f3b32e22f751bf1fc540d759d5b97ae93,0.8993288590604027,0.029082774049217,0.0693512304250559,0.0,0.0,0.0,0.0022371364653243,0.0,457.1585526315787,315.0,423296.145,47371.33127139464,103.62122943488863,0.7142857142857143,3.3609022556390977,0.3109619686800894,0.1610738255033557,0.2844827586166022,12.14705882174308,0.5861297539149888,0.7561427342645115,1.31818181813902,63,0.3422818791946309,0.5145413870246085,0.6105383734249714,B2B_Services,B2B_Services_Seasonal
41a3fcea1aab1289d20ead6e17cd66756aa8c08f4e3cacf5ca5442e0ca7174bb,0.5964912280701754,0.0175438596491228,0.0175438596491228,0.0,0.3684210526315789,0.0,0.0,0.0,-451.80432282867736,1.0078658227320674,13560.770990176426,660.2960720818045,1.4614647065198,0.8245614035087719,2.0,0.6140350877192983,0.0,0.2127659574241738,3.0714285703316326,0.3508771929824561,0.6771300519657178,6.142857138469387,3,0.9824561403508772,0.9824561403508772,0.5238095238095238,Subscription_SaaS,Subscription_SaaS
41ba8f8d2c25231d009ca1fa344d2bc5fff7b147f437d8773344e044d2f8a6d6,0.525974025974026,0.1558441558441558,0.0454545454545454,0.0779220779220779,0.0389610389610389,0.1558441558441558,0.0,0.0,7.98226080153069,137.24797729973693,16025.871649057224,716.5965318093585,89.77363039481328,0.7230769230769231,2.3692307692307693,0.3636363636363636,0.0,0.3275862068824316,4.310344826843044,0.4805194805194805,0.5733054058778447,5.214285712423469,11,0.7402597402597403,0.922077922077922,0.4132231404958678,Subscription_SaaS,Subscription_SaaS
41d6219a3cff3dd568cb0d0e062ad5353d2d3969437cb0a47321d355cda5a30d,0.9245283018867924,0.0754716981132075,0.0,0.0,0.0,0.0,0.0,0.0,-36.49503846153851,336.0,76848.18346153846,3459.3770146715365,94.79033752408318,0.782051282051282,4.076923076923077,0.3962264150943396,0.0125786163522012,0.4722222222003601,6.227272725857438,0.2515723270440251,0.6734607174775344,1.9736842102666208,9,0.8679245283018868,0.9748427672955976,0.4659498207885305,Subscription_SaaS,Subscription_SaaS
422616b46e51dbb5c6739c01db7d30bbd96491cdfa7b6a367e8287569d88a8b3,0.5066666666666667,0.0,0.0088888888888888,0.4844444444444444,0.0,0.0,0.0,0.0,-1.53530835162804,116.13458915859576,20316.16973717385,1041.758842880282,678.5339472622957,0.4721189591078067,3.345724907063197,0.3955555555555555,0.0,0.8595041322136466,2.719008264350454,0.2644444444444444,0.2478569309111075,1.463917525697736,36,0.2844444444444444,0.5511111111111111,0.4632098765432099,B2B_Services,B2B_Services_Seasonal
428c11541d707071c188a327752a1d509ef684db8815b452d407417257e2a798,0.13776559287183,0.319396847155586,0.5161069225496916,0.0,0.0267306374228923,0.0,0.0,0.0,0.6306162529030932,51.80807614882521,51151.91149277335,2307.164533713504,3658.587114598479,0.793040293040293,5.344322344322344,0.5921864290610007,0.0054832076764907,0.1301316808670405,5.10460251035346,0.6093214530500343,0.5147002224903504,0.9362101313233002,68,0.6271418779986292,0.7025359835503769,0.8495531768633998,B2B_Services,B2B_Services_Seasonal
42e82f90cbe489da43f8bc7b78948c7fae90ae93d9cfd2f41c8874c4b778a25c,0.9058823529411764,0.0764705882352941,0.0176470588235294,0.0,0.0,0.0,0.0,0.0,-4.209832467872912,190.0215429486452,68660.6511543848,2209.91718422667,524.9418345841798,0.4907975460122699,4.171779141104294,0.363235294117647,0.0088235294117647,0.712846347598075,15.585365851757883,0.6455882352941177,0.7322047782378521,1.6280487804381691,102,0.3470588235294117,0.5044117647058823,0.6494242613585647,Mixed,Mixed
430167fba6c03249389058a5242a303fb057ecd4fd61a0618b423bcae28781e5,0.7371495327102804,0.2570093457943925,0.0,0.0,0.0058411214953271,0.0,0.0,0.0,46.77818877524971,95.40292549100285,219667.80130525524,12569.431185346522,268.70281880836666,0.8495821727019499,4.768802228412256,0.5163551401869159,0.1039719626168224,0.1145833333325873,7.392156862382737,0.7757009345794392,0.6068522180982817,1.5498007967818763,88,0.3072429906542056,0.441588785046729,0.6286327608982827,Retail,Retail_Seasonal
431ee6e2c0f722a28b019ec4d0be529b4e300bb87b096f8d8beb75f273dac37c,0.7830188679245284,0.0094339622641509,0.0,0.0,0.2075471698113207,0.0,0.0,0.0,-5.4563861386138806,11.2575,6484.585247524753,314.46318677275946,57.63213566778892,0.7227722772277227,2.099009900990099,0.5471698113207547,0.0,0.3766233765989205,3.239999999352,0.4245283018867924,0.5306732519326585,1.2608695650803403,8,0.8773584905660378,0.9056603773584906,0.7083333333333334,Subscription_SaaS,Subscription_SaaS
439c8fb50f14809241e4387f8c1722802bdd8380023b1296126dd8c0036ad1c1,0.8403954802259888,0.0282485875706214,0.1059322033898305,0.0,0.0183615819209039,0.0,0.0070621468926553,0.0,-50.371922998771886,622.4747522049963,382000.1535953973,13343.123495106804,264.89208070899343,0.6135593220338983,4.8,0.2217514124293785,0.0706214689265536,0.3062730627278019,7.740740740262916,0.7019774011299436,0.7823639179024526,1.804347826037925,91,0.3502824858757062,0.4788135593220339,0.6341066341066341,B2B_Services,B2B_Services_Seasonal
43e47f1d0d9bfff0a6aa7537d70847332251ee2571b05a940fc2a7fee061d2fb,0.915086049066276,0.0237275723178322,0.0445258147198828,0.0160014646649578,7.323324789454412e-05,0.0,0.0005858659831563,0.0,-284.85120402098755,775.6693147120054,9925351.187459044,38158.64548554804,133.95992344619663,0.3978328173374613,84.55108359133126,0.1482240937385573,0.1132552178689124,0.3672090112639882,69.20565552610276,0.8067008421823508,0.7762068665231039,1.3094352384165768,1318,0.1110216038081289,0.1625778103258879,0.7256324961667957,Digital_B2C,Digital_B2C_Seasonal
4420d7c78c863dc6b1484813c597de4dedbe04b40d3495a6952fade9418b726b,0.8787878787878788,0.0,0.1161616161616161,0.0,0.0,0.0,0.005050505050505,0.0,-62.11087535043353,36.75814640747807,8965.53026714961,958.8758834530256,15.438131855147835,0.3582089552238806,2.955223880597015,0.8787878787878788,0.0,1.78873239424023,5.827586205891795,0.6818181818181818,0.9986306010645812,4.59999999885,17,0.6161616161616161,0.9494949494949496,0.4818775995246583,B2B_Services,B2B_Services_Steady
4438a7e2a5c5ad903c67db8e55358973ced69fb9771206c140d365cda497c230,1.0,0.0,0.0,0.0,0.0,0.0,0.0,0.0,40.3551827956989,47.5,29395.071612903223,2070.322929095462,51.302528824205794,0.7526881720430108,2.3655913978494625,0.6363636363636364,0.0,0.3095238095053855,4.499999998875,0.5727272727272728,0.7180924612351678,1.3888888886959878,17,0.7454545454545455,0.9363636363636364,0.5572192513368984,Subscription_SaaS,Subscription_SaaS
446be2dcdc36e771642dfddc31295316b557a79d669cbf515a83c92810f3717a,0.5753176043557169,0.1597096188747731,0.2595281306715064,0.0,0.0054446460980036,0.0,0.0,0.0,14.298778599619654,51.74466933041199,15541.936725670868,527.8985770867749,36.91913774590688,0.6309963099630996,4.0664206642066425,0.6116152450090744,0.0,0.4424083769575601,6.064102563713839,0.5898366606170599,0.4657027064434371,1.2983425414005982,113,0.4464609800362976,0.5607985480943739,0.6776232616940582,B2B_Services,B2B_Services_Steady
44f3c0ca7e9e2a5227e7a734b443816aac1f4da17ee5bef847f99dd369a9ea2d,0.7532467532467533,0.1948051948051948,0.0051948051948051,0.0,0.0467532467532467,0.0,0.0,0.0,-11.923350422879569,45.93655668065108,11775.849947445526,813.5226129615085,68.22936367936954,0.6485507246376812,2.789855072463768,0.6207792207792208,0.0025974025974025,0.4102564102488964,3.4252873561249837,0.4753246753246753,0.3773904745483217,2.108910890984707,20,0.6909090909090909,0.8285714285714286,0.7037091988130564,Subscription_SaaS,Subscription_SaaS
4576e35ea9643ed3f5465e6197f6173d63864c38c08ab2c0dfa60bc52bf9781f,0.9036918138041734,0.0,0.0947030497592295,0.0,0.0,0.0,0.0016051364365971,0.0,-17.69947378279414,50.14548932283187,8220.943501893122,565.7441033047598,31.963893951191203,0.5471698113207547,3.358490566037736,0.6886035313001605,0.0,0.8486646884147082,4.933333333098412,0.3820224719101123,0.4337171016523998,0.5479452054669419,31,0.3322632423756019,0.5248796147672552,0.4112192069181316,B2B_Services,B2B_Services_Steady
4636134d91e3294695f8064107ff32fabfd5247f1b6b49b7aaa7c8c33979dd87,0.645,0.0,0.0,0.355,0.0,0.0,0.0,0.0,16.419438788804744,31.16078568191232,3165.9521510134177,131.14297020478148,7.987055575512608,0.5705128205128205,2.5641025641025643,0.965,0.0,0.6393442622688793,3.166666666336806,0.305,0.1485180746473499,1.9487179484681127,16,0.6,0.88,0.37625,B2B_Services,B2B_Services_Steady
46a7842028d59b5336fa2fac334981861086c33977268ab3cd99899867ecb1e5,0.432300163132137,0.2300163132137031,0.33115823817292,0.0,0.0065252854812398,0.0,0.0,0.0,-19.2848307276268,146.71537122247608,42249.40739689848,1760.1338848530943,91.27038286205344,0.6666666666666666,3.749235474006116,0.4143556280587275,0.0,0.3268398268362896,8.578124999329834,0.7096247960848288,0.4870108723241435,1.7485714285214693,122,0.3621533442088091,0.497553017944535,0.6459488147187168,B2B_Services,B2B_Services_Seasonal
46adbd076a4106c539c6e9983a159e97f7a401f8bf7c72b0ec33af2febdd6532,0.92992700729927,0.0423357664233576,0.0277372262773722,0.0,0.0,0.0,0.0,0.0,-27.24049872894418,218.85641505081213,65629.55141618912,1788.6218374472096,65.66039243951579,0.5084745762711864,3.870056497175141,0.1693430656934306,0.0116788321167883,1.082066869284467,12.173076921906436,0.6233576642335766,0.4948954668539954,2.381944444361738,56,0.3883211678832117,0.5635036496350365,0.6286301516122144,B2B_Services,B2B_Services_Steady
46d9c65a4a22465faf35326f6dd3ca405a11dd948f229f69a9222ed8bcf1aaf2,0.8191489361702128,0.0,0.1382978723404255,0.0,0.0,0.0,0.0425531914893617,0.0,-14345.333573354006,1038.7546703665769,2005548.6173520852,176922.63464307622,12.333114021940972,0.8840579710144928,2.7246376811594204,0.3723404255319149,0.2978723404255319,0.1190476190405328,12.428571419693878,0.5957446808510638,0.8444695796532283,1.5555555552674898,17,0.7340425531914894,0.851063829787234,0.6220419202163624,Subscription_SaaS,Subscription_SaaS
46f9e78040f93fe4674a7aaf48792c53eb8d1a3c0adf092f3444fd0253e45730,0.9622166246851386,0.0,0.0377833753148614,0.0,0.0,0.0,0.0,0.0,0.7305413537324895,83.15386525766925,15504.994446742894,463.894442041332,635.0009254386332,0.4541666666666666,3.308333333333333,0.5214105793450882,0.0,0.8638497652379378,8.022727271815599,0.6473551637279596,0.5587545278717352,2.2553191488162065,20,0.6423173803526449,0.9319899244332494,0.5981108312342569,Subscription_SaaS,Subscription_SaaS
470a6ef003a5912be3abb21def8cfe3190db6dbc821950f6f41271959fb8289d,0.9754500818330606,0.0188216039279869,0.0057283142389525,0.0,0.0,0.0,0.0,0.0,36.44965221412403,431.65255147966457,124797.84652039334,5032.193094709037,138.05874096594272,0.4224137931034483,5.267241379310345,0.2283142389525368,0.0196399345335515,0.9551999999923584,10.86407766937553,0.7225859247135843,0.5860345977399329,1.4029850746094157,221,0.1939443535188216,0.3306055646481178,0.6577195321154315,Digital_B2C,Digital_B2C_Seasonal
47536741039519c283064635e0358d989206a35fcd8486d0f03f4aaa336abcec,0.7464114832535885,0.069377990430622,0.0933014354066985,0.0,0.0909090909090909,0.0,0.0,0.0,-4.169331186907365,59.13281744448767,14153.211938331811,705.442671733199,169.1980412245654,0.3201438848920863,3.0071942446043165,0.6722488038277512,0.0,2.028985507172863,7.708333332530382,0.5454545454545454,0.5035169558100923,2.3260869563953213,72,0.354066985645933,0.5119617224880383,0.6135107620709715,B2B_Services,B2B_Services_Seasonal
4772b6d842810c2eb713508890ac51a019694766f0e2b3c6339f871bc3dab3ff,0.5375,0.41875,0.00625,0.0,0.0375,0.0,0.0,0.0,-6.11780031110531,62.60912699479263,18244.957665234386,782.9854095849142,127.98479330614232,0.7074235807860262,2.7947598253275108,0.628125,0.003125,0.4222222222128395,5.530612244333612,0.51875,0.6441922555233965,0.9999999999583332,58,0.46875,0.553125,0.680603448275862,B2B_Services,B2B_Services_Seasonal
4787de8e5fbd66545cdc518d41e31de4eac9768c8f67793014722a709ee1678f,0.9223300970873788,0.0,0.0695792880258899,0.0,0.0080906148867313,0.0,0.0,0.0,124.56868681846947,25.053625569866423,23864.91298768793,1765.216883821212,14.17063090864808,0.3644859813084112,11.551401869158878,0.9563106796116504,0.0,2.9113924049711586,2.8148148147279377,0.6051779935275081,0.8229819856407972,1.0058823529115917,524,0.0857605177993527,0.105177993527508,0.1421012193912957,Digital_B2C,Digital_B2C_Steady
479c137991409839e3bb8f199affb6cd68fe3dc0c708dcc117533d787d54132e,0.9859154929577464,0.0,0.0,0.0,0.0,0.0140845070422535,0.0,0.0,66.24707776918463,299.062551175512,50496.55841886261,3518.550894309183,53.112544919147226,0.6785714285714286,2.897959183673469,0.2535211267605634,0.0176056338028169,0.3396226415014239,6.0999999992375,0.7007042253521126,0.4530067734790846,2.5757575755624424,36,0.5246478873239436,0.778169014084507,0.6171752738654147,B2B_Services,B2B_Services_Steady
47a32d9231a0570a6ad079851cfda34352aca49d473a63d3bb61abfea8747683,0.7398508699254349,0.0472245236122618,0.0207125103562551,0.0,0.0,0.192212096106048,0.0,0.0,848.5783460917384,107.17126062799318,435002.5560336053,25588.119480304937,30.154103740513204,0.1293103448275862,5.202586206896552,0.4855012427506214,0.0579950289975145,5.454545454399611,6.888888888663762,0.5550952775476388,1.3068834049449334,0.9652928416381203,314,0.1946975973487986,0.3032311516155758,0.6144887019140476,Mixed,Mixed
47a77c6561f0a2bff8795fe946508f256844147025decee0ec2532eb74bb4ee8,0.919674039580908,0.0803259604190919,0.0,0.0,0.0,0.0,0.0,0.0,-3499.204790084591,294.73516879558304,2952150.8447776977,80173.22820629123,22.911842265774897,0.7905405405405406,5.804054054054054,0.2991850989522701,0.0873108265424912,0.2859281437104347,5.458646616336141,0.7054714784633295,0.4197972815251358,1.633187772890105,96,0.3410942956926659,0.49941792782305,0.6754473415132924,Mixed,Mixed
47cb7fe2c3399b88da7fb94d4c68bb399265c169e2f32b584a5869f9b6e8359f,0.9411764705882352,0.0,0.0,0.0,0.0,0.0588235294117647,0.0,0.0,16.607101136304244,48.03251335718652,7726.514427718638,410.8803354768244,24.741243631689564,0.3666666666666666,4.533333333333333,0.909313725490196,0.0,1.1818181817865825,7.326530611497294,0.6029411764705882,0.5428863529996298,4.666666666111111,26,0.3970588235294117,0.6764705882352942,0.4565820777160983,B2B_Services,B2B_Services_Steady
47e5c8dd60fae9416fc7a91506cf1a4ae0e0b6cb2e70bcce026d3af986b2eb15,0.8545822492049725,0.0005782017924255,0.0101185313674472,0.1300954032957502,0.0040474125469788,0.0,0.0005782017924255,0.0,-149.70060239403486,448.3453421181951,547467.371901962,28563.45225927577,190.8038565014212,0.3657718120805369,11.60738255033557,0.2043943336224342,0.0465452442902573,1.1591760299589289,12.30384615360954,0.4160161896501879,0.5901588990739032,1.8154050464686893,283,0.1257588898525585,0.1971668112171147,0.5790771137339829,Digital_B2C,Digital_B2C_Seasonal
480d674c2a4587af34bca12fef76b65b14993246bca9d88d1a10623f21f427d2,0.4308390022675737,0.5634920634920635,0.0,0.0,0.0022675736961451,0.0,0.0034013605442176,0.0,-1.2731726068316491,83.50634140688902,57372.08631094098,4085.466576429325,3208.886621042953,0.8288888888888889,3.92,0.5702947845804989,0.0136054421768707,0.1410090556265135,7.480769230409578,0.68140589569161,0.6986845827802528,1.1475409835877453,42,0.5068027210884354,0.6201814058956916,0.7906905527484306,B2B_Services,B2B_Services_Seasonal
4882230c849a33f3df1e8be7fa2cb35d032c1560401d79dcdb52e98d459162cf,0.7282471626733922,0.1197982345523329,0.0037831021437578,0.0151324085750315,0.1305170239596469,0.0,0.0025220680958385,0.0,-95.59667807632104,331.2168268643181,381343.8404311128,21732.63829866053,227.33675200551,0.8329466357308585,7.359628770301624,0.2597730138713745,0.0636822194199243,0.0716216216213796,8.790123456518824,0.6317780580075663,0.6191819429316454,1.3813559321887567,161,0.2994955863808323,0.3827238335435057,0.685383726092671,Mixed,Mixed
48b30f2f5d10c4f72f203e2ed82c0c0815aa01a025dd46bd725db4a33a41d988,0.8770250368188512,0.0898379970544919,0.0331369661266568,0.0,0.0,0.0,0.0,0.0,-1.6451016132640168,28.425825115772724,6848.204162845297,322.57712725103613,196.08340462944568,0.2819047619047619,5.173333333333333,0.9212076583210604,0.0,2.2104018912268275,4.029629629555007,0.614138438880707,0.3633184940251226,1.6666666666427203,825,0.1384388807069219,0.195139911634757,0.3423279611153748,Digital_B2C,Digital_B2C_Seasonal
48b5a47b9566311b23aba8161445d28eb7d38f4c298736f6650892a949185781,0.7909407665505227,0.0,0.0,0.2090592334494773,0.0,0.0,0.0,0.0,-80.48582565730251,84.71453004971767,34555.063553370936,4577.690424955895,56.87573416812929,0.4881516587677725,2.720379146919431,0.6132404181184669,0.0174216027874564,0.805031446515565,5.377777777180247,0.4773519163763066,0.9485498579366796,5.653846152758876,33,0.494773519163763,0.7770034843205574,0.5876887340301974,B2B_Services,B2B_Services_Steady
49a9c27d3f74406c52bc1212a67620b858f207455626a5fdb58046618f0427ee,0.7486102532427424,0.2425880172946263,0.0083384805435453,0.0,0.0,0.0,0.0004632489190858,0.0,-1362.7029690857607,499.6382451014412,1704246.4425296867,57694.54036587341,42.33830972288654,0.4651162790697674,20.08062015503876,0.3163990117356393,0.1147313156269302,0.4008219770707323,24.80079681225497,0.8533045089561457,0.7027398284394948,1.4166249374025623,758,0.233940704138357,0.2765596046942557,0.7353562926388034,Retail,Retail_Steady
49de9c460b0822030b3300eda3f6f743dd33754e623fd2715faa03de87f13982,0.4194341943419434,0.3271832718327183,0.2509225092250922,0.0,0.002460024600246,0.0,0.0,0.0,-17.021255127346578,93.93898900375665,161403.15582147695,6421.180102878493,377.2448066294295,0.7423664122137404,6.206106870229007,0.5079950799507995,0.0325953259532595,0.1639226914811599,8.62130177489286,0.5295202952029521,0.7334618970855122,1.2095588235182946,183,0.3437884378843788,0.4286592865928659,0.7163000697341827,Retail,Retail_Seasonal
49eb5ca6a41cbecc60e0d452bbdd1439ba79baf31815fe702ebebf5621867486,0.8704,0.0,0.016,0.0384,0.0752,0.0,0.0,0.0,-7.288023472392155,214.56057508093457,142293.27572484058,8037.91056386949,1102.8930660403414,0.3399558498896247,5.518763796909492,0.3432,0.0384,1.4461839530191176,8.25925925895336,0.6784,0.406407027926092,1.2213114753931515,177,0.1872,0.2928,0.607546073774255,Digital_B2C,Digital_B2C_Seasonal
4a5e5b284619258fde148abb34c5f424006314487be37d0054fc7517474002f0,0.6176470588235294,0.3823529411764705,0.0,0.0,0.0,0.0,0.0,0.0,-125.88523255616532,45.670106001178986,12231.624709987424,982.905907050642,7.807952426302476,0.8633093525179856,2.446043165467626,0.7058823529411765,0.0,0.1409395973107067,7.095238093548753,0.4705882352941176,0.7321301946478636,1.6603773583339267,30,0.5352941176470588,0.6352941176470588,0.6392592592592593,B2B_Services,B2B_Services_Steady
4bb70f09975444715f14837eb44236ebae27246ce3965cd712fbeabd08e9e139,0.5042016806722689,0.1680672268907563,0.0,0.0840336134453781,0.042016806722689,0.2016806722689075,0.0,0.0,-11.790626478060132,36.70407656337805,8797.326554295287,855.4808459419518,72.55601276219384,0.8378378378378378,2.144144144144144,0.7983193277310925,0.0,0.1899999999905,4.666666665555556,0.3529411764705882,0.8371662348506866,4.111111109969135,20,0.7226890756302521,0.8235294117647058,0.6583333333333333,Subscription_SaaS,Subscription_SaaS
4bc5ff0363a4c7f4a92dca9c430a23286d6f5010a31b11bcd1cd6fbc3ef8a3cc,0.5341067285382831,0.3767981438515081,0.0877030162412993,0.0,0.0013921113689095,0.0,0.0,0.0,126.21919923090913,97.43783813996194,95824.4156556709,5604.253907884302,44.40096230675418,0.6147403685092128,7.219430485762144,0.5030162412993039,0.008352668213457,0.4740082079327154,6.724014336797061,0.6993039443155452,0.6205314656512408,1.1771771771683397,215,0.2204176334106728,0.28584686774942,0.6387248497517638,Retail,Retail_Steady
4c13a713fbd3e89ca7e593acf06d09fccdf2b711bd4cfe55ae32a06707f227dd,0.39453125,0.390625,0.171875,0.0,0.04296875,0.0,0.0,0.0,-38.15834105064071,250.29751492359247,115967.38938027518,9088.623123077852,238.18182002813847,0.8369565217391305,3.710144927536232,0.349609375,0.0390625,0.1403118040073462,6.876923076394083,0.525390625,0.702509139098888,1.8984374999258424,47,0.564453125,0.6953125,0.7359030626848583,B2B_Services,B2B_Services_Seasonal
4c422d8e0924c53ba5a2e9588542b068262d856967580bfefd65e17f87f68bd7,0.959866220735786,0.0083612040133779,0.0267558528428093,0.0,0.0050167224080267,0.0,0.0,0.0,25.27519914346529,78.51606263165597,32813.82332246779,1766.7185246843444,69.89929194849185,0.6113074204946997,4.226148409893993,0.5367892976588629,0.0,0.3114035087685153,3.5999999998615384,0.3444816053511705,0.549972106159562,1.4930555555037133,94,0.3093645484949833,0.5066889632107023,0.6452826133677197,Mixed,Mixed
4c6fca567e14b974fad36131ba82ad1d5ecab2e693e2c9ce4f6abb0b6b2ff87d,0.7446808510638298,0.0,0.0,0.2553191489361702,0.0,0.0,0.0,0.0,-21679.658085365856,946.1655,1861651.9130487803,228583.82489945725,10.543700643214931,0.8292682926829268,2.292682926829268,0.4042553191489361,0.2553191489361702,0.2051282051150558,6.230769228372781,0.1595744680851064,1.1329820982547332,4.9999999975,12,0.8404255319148937,0.9787234042553192,0.5425531914893617,Subscription_SaaS,Subscription_SaaS
4cb4ec58fbd7f15142689b36d88640b205aac40fef648d7b30a9f0a894bf20d4,0.6944444444444444,0.0,0.3055555555555556,0.0,0.0,0.0,0.0,0.0,-68.6035800554744,42.55854209558162,24777.94380770329,1597.333093443801,23.28352386157292,0.6470588235294118,2.117647058823529,0.5277777777777778,0.0,0.4999999999479167,4.9999999979166665,0.4027777777777778,0.8896712289670556,2.5263157888088643,13,0.8194444444444444,0.9583333333333334,0.5662393162393162,Subscription_SaaS,Subscription_SaaS
4d201b4b8fd6e62fb2cdf634d28d8ddb0e6fbb6967da57b0d0a334e29487f6f7,0.2968369829683698,0.6861313868613139,0.0097323600973236,0.0,0.0072992700729927,0.0,0.0,0.0,0.0378154981549745,54.883500000000005,11398.703911439114,547.8629584397529,14487.785175185649,0.6752767527675276,3.033210332103321,0.7761557177615572,0.0,0.3215434083549591,7.219999999278,0.8540145985401459,1.335462503142888,0.9256756756444028,11,0.8686131386861314,0.9002433090024331,0.7699093359470718,Subscription_SaaS,Subscription_SaaS
4d4db7627696894b384877043f282ce70b94c72e713f73891555b7988fb1cab9,0.9873417721518988,0.0,0.0126582278481012,0.0,0.0,0.0,0.0,0.0,-0.4650014634941188,34.33113058032784,11435.465886732827,622.0174830822895,1337.6677678208614,0.3661971830985915,2.2253521126760565,0.8607594936708861,0.0,1.5483870965244535,5.076923074970414,0.4936708860759494,1.0924564391506384,4.333333331527777,16,0.7468354430379747,0.9240506329113924,0.5498417721518988,Subscription_SaaS,Subscription_SaaS
4d6b999968b25faf92a84ef108afaef563b5d83d6057f315e781ead39bf67e33,0.9858356940509916,0.0084985835694051,0.0009442870632672,0.0,0.0037771482530689,0.0,0.0009442870632672,0.0,71.20095304481072,97.39435888513776,29922.762732975112,1643.4244414162338,23.08149499278641,0.1914285714285714,6.051428571428572,0.5184135977337111,0.0,2.9077490774371264,3.3580246912889296,0.5939565627950897,0.2973859162846005,5.80357142831234,62,0.1680830972615675,0.28328611898017,0.3571739942707684,B2B_Services,B2B_Services_Steady
4dcb5a2c9ef0aaf3b4f2645fe32aab31aa78c38206729053efce0e51eef46cd3,0.976878612716763,0.0,0.0115606936416184,0.0,0.0,0.0,0.0115606936416184,0.0,340.338456247461,505.4323912798458,134639.81557201632,3301.638989702364,9.701045911792944,0.6528925619834711,2.8595041322314048,0.3930635838150289,0.1156069364161849,0.5043478260650284,5.407407406406036,0.3930635838150289,0.3381754494943616,4.7727272716425615,28,0.5375722543352601,0.6878612716763006,0.5777027027027027,B2B_Services,B2B_Services_Steady
4dd8c62e8d47ee244bbf825e5b2c1eab708faee77269f1a25a4f0babaa3c1056,0.791005291005291,0.0158730158730158,0.1931216931216931,0.0,0.0,0.0,0.0,0.0,35.33110136603811,87.44798400183389,15182.282408199606,1314.48519112821,37.2047612424476,0.1497975708502024,3.0607287449392717,0.5714285714285714,0.0,8.219512194119572,3.499999999791666,0.5264550264550265,0.6133455974123203,0.8275862068489893,23,0.3306878306878307,0.6402116402116402,0.2754782608695652,B2B_Services,B2B_Services_Steady
4e1e904f361c2fa34b64da4f6ff7222e98454fb873fce02ff7877d5f08f3d806,1.0,0.0,0.0,0.0,0.0,0.0,0.0,0.0,-2.836552853081391,33.60192631516601,16226.91604451559,721.5784572210949,254.3856899734395,0.6153846153846154,2.5846153846153848,0.5476190476190477,0.0,0.4237288135234128,9.4999999940625,0.2261904761904762,1.0003078523056874,0.8823529410467129,3,0.5714285714285714,0.5714285714285714,0.25,B2B_Services,B2B_Services_Seasonal
4e4115a79a8aceebf22ff25889d2e69d8a3f4c0d4c3c87aee33fb4663ae27950,0.6680161943319838,0.3157894736842105,0.0161943319838056,0.0,0.0,0.0,0.0,0.0,16.49851548605952,26.31180708062974,2698.133053574394,126.17471062521965,7.647640216803445,0.6197916666666666,2.5729166666666665,0.9433198380566802,0.0,0.691780821894117,4.613636363112087,0.3238866396761133,0.7494447163838349,1.573170731611392,67,0.5506072874493927,0.5910931174089069,0.6484966471987886,B2B_Services,B2B_Services_Steady
4e8249b09d45e9f13a7a1728e867ed36c6d9df65f292c3438f97f719c2a6f49f,0.942189421894219,0.0,0.057810578105781,0.0,0.0,0.0,0.0,0.0,0.0831282960450029,9.6298537156051,2911.5621962789123,28.853444192369384,347.09529840231653,0.2757352941176471,5.977941176470588,0.992619926199262,0.0,1.252077562309528,2.226190476146306,0.6851168511685117,0.3347563774437262,0.7327327327217308,311,0.4686346863468634,0.5055350553505535,0.5828280790846494,B2B_Services,B2B_Services_Seasonal
4e8d13c2f3981ac91951ee00790652a3737c0c474b50a8a20d62fb2b64928079,0.9797297297297296,0.0,0.0202702702702702,0.0,0.0,0.0,0.0,0.0,40.78806023421874,44.52298172437038,9819.490499763991,608.7559184912519,14.92485582413879,0.7967479674796748,2.4065040650406506,0.668918918918919,0.0,0.2231404958585479,3.624999999433594,0.581081081081081,0.6238342980113638,1.9302325579150892,38,0.5675675675675675,0.75,0.5860597439544808,B2B_Services,B2B_Services_Steady
4e925f15b1497704bf8f9e37ad5554fa9297097c6ada30fafc42ba1e7f755379,0.9433962264150944,0.0,0.0566037735849056,0.0,0.0,0.0,0.0,0.0,-79.18342622950819,210.0,27787.05885245902,1466.6222031964417,18.521833076031733,0.5191256830601093,2.8961748633879782,0.2867924528301886,0.0,0.766666666641111,5.022727272156509,0.4981132075471698,0.7363381913948361,1.053097345086146,44,0.5056603773584906,0.7584905660377359,0.6367924528301887,B2B_Services,B2B_Services_Steady
4eed9aa47acec51df56166282153469ed6bc1d5975cd735e924d39e3be45ba4c,0.212058212058212,0.3451143451143451,0.0498960498960499,0.0,0.3929313929313929,0.0,0.0,0.0,23.046724495396056,412.7116245563839,107653.7154113688,2742.182882198432,118.983627437226,0.6595744680851063,6.822695035460993,0.3305613305613306,0.0083160083160083,0.1452380952363662,15.033333330827778,0.6008316008316008,0.5825471431957591,0.9239130434531544,24,0.9272349272349272,0.9625779625779626,0.8673769923769924,Subscription_SaaS,Subscription_SaaS
4f0e388f56c75ce76007124398bb9d34023e7dc58c6d54821272a76b70db60b5,0.6094771241830066,0.2483660130718954,0.0024509803921568,0.082516339869281,0.0571895424836601,0.0,0.0,0.0,32.337041540824295,177.181400950237,107529.73827758008,7577.207315320258,234.3197445385077,0.7924151696606786,4.88622754491018,0.3725490196078431,0.0179738562091503,0.1525423728806377,3.9354838708883975,0.5857843137254902,0.607660560121603,0.9083155650222994,175,0.3235294117647059,0.4248366013071895,0.7013833721408026,Retail,Retail_Seasonal
4f240eca4be3a41fb3795dedef7c78e44619b8387f17c6545eb1a69fc296814d,0.5714285714285714,0.1469681397738951,0.2096608427543679,0.0,0.0719424460431654,0.0,0.0,0.0,1.6543078560591744,167.04339138256347,60946.65205901818,1670.7273483656452,1009.925288178424,0.6339712918660287,4.655502392344498,0.3720452209660843,0.0030832476875642,0.4020172910633861,6.42748091578521,0.6742034943473793,0.5116759212772469,0.965517241365438,180,0.3124357656731757,0.4748201438848921,0.6903940886699508,Mixed,Mixed
4fed18f133b9328872755682329e4cdb62c7cb6459fc9e4980e75c730007e89e,0.9996676794530952,0.0,9.4948727687049e-05,0.0001424230915305,0.0,0.0,9.4948727687049e-05,0.0,-241.89291457286447,28.5095,231153.72693467332,23342.77846347133,96.50046386734851,0.0954773869346733,105.84924623115576,0.96524876566654,0.0006171667299658,52.59796437592114,4.802754820930024,0.5835074060007596,0.6078144618753307,1.4644344205400204,12593,0.0178028864413216,0.0219331560957083,0.3253517636498681,Digital_B2C,Digital_B2C_Seasonal
5086efdf6cb6853d8d349a92bd55b24e3bfc77e1d129e30edb3e069064acc160,0.6607142857142857,0.0491071428571428,0.0044642857142857,0.0,0.0089285714285714,0.2767857142857143,0.0,0.0,675.0454221482531,196.19009092103525,202853.13296394356,19411.080707909183,28.755221605456025,0.7161290322580646,2.890322580645161,0.2946428571428571,0.1071428571428571,0.4177215189741227,5.999999999062501,0.3839285714285714,0.6489785986966364,2.3461538459282547,65,0.4598214285714285,0.6160714285714286,0.582074805928017,B2B_Services,B2B_Services_Steady
51232e263ba8d292c7759c0fe4f944879b76d92fd6b090903a4630460e1cfe8e,0.643603133159269,0.2950391644908616,0.0,0.0300261096605744,0.031331592689295,0.0,0.0,0.0,-7.052316708229425,34.261750000000006,23269.59329177057,1877.2618924632843,266.1908089877443,0.8229426433915212,3.8204488778054864,0.6971279373368147,0.0026109660574412,0.158850226927694,4.039473684077649,0.6135770234986945,0.3508738187445914,1.00799999997984,87,0.3981723237597911,0.5104438642297651,0.7109015508720105,B2B_Services,B2B_Services_Seasonal
51f307316f460d7167e01296ecdc85ec8d752f76212db24f020b2225a319a123,0.4078947368421052,0.5046992481203008,0.0,0.0,0.0864661654135338,0.0,0.0009398496240601,0.0,-102.20736202539102,37.5493926151118,42078.39954722835,4029.781611469876,39.42750826574016,0.8351177730192719,4.556745182012848,0.7133458646616542,0.0159774436090225,0.1223628691976668,7.444444444149029,0.7048872180451128,0.5954813478047324,0.8517587939591488,75,0.4774436090225564,0.5676691729323309,0.7869918699186992,B2B_Services,B2B_Services_Steady
520d689b3bbfad1820eb23232e3645f3caa1b0fdb83c2f8cbafd80549a1b9651,0.6016260162601627,0.1951219512195122,0.1869918699186991,0.0,0.016260162601626,0.0,0.0,0.0,1.493566417185237,48.9618892888544,3535.9416179439977,160.04933430118444,107.15916707019996,0.514018691588785,2.299065420560748,0.926829268292683,0.0,1.0847457626199368,2.967741935005203,0.5853658536585366,0.6313187875554372,1.174999999853125,19,0.6097560975609756,0.7560975609756098,0.51364522417154,B2B_Services,B2B_Services_Seasonal
52bb34bd85d99c4b81344a4868eca80892c13051c395f1d5dc033c44777ae280,0.9541984732824428,0.001696352841391,0.0,0.0424088210347752,0.001696352841391,0.0,0.0,0.0,28.619759612154084,344.5435722891297,74263.50408558664,2933.81006420846,102.50994777529316,0.3248175182481752,4.302919708029197,0.2171331636980492,0.0042408821034775,1.3486055776758108,5.407608695505228,0.7319762510602206,0.452373448379227,1.4034582132362614,84,0.6573367260390162,0.7692960135708228,0.8260407816482583,Subscription_SaaS,Subscription_SaaS
52d98689526bc43609806d7fa0b67bfc63d67813b904b5507814bcc7214c7ad6,0.7995283018867925,0.0023584905660377,0.0,0.0,0.1981132075471698,0.0,0.0,0.0,-2.969239061061824,54.854771762969634,9622.445004248795,394.0746441142157,132.71906865124586,0.3629893238434163,3.01779359430605,0.5943396226415094,0.0,1.3425414364270016,2.889908256748169,0.5754716981132075,0.1520039195648118,1.9499999999025,78,0.3962264150943396,0.5731132075471698,0.6563427800269905,B2B_Services,B2B_Services_Seasonal
5366f4fae5b3bb260dcd918f63349035d84217861251de0bb43fcf1905031c51,0.7894919569494272,0.0,0.2071519500057863,0.0031246383520425,0.0,0.0,0.0002314546927438,0.0,-7.617502854430738,303.66530690173624,874031.4550220054,742.4439515980108,97.46552969015448,0.3505154639175257,25.452135493372605,0.258882073834047,0.0592524013424372,2.3846455150756274,12.672468354330125,0.705821085522509,0.6915604921659194,1.0500342700461789,515,0.3175558384446245,0.3911584307371832,0.7837059590163027,Digital_B2C,Digital_B2C_Seasonal
53a01fdb023d3fa98b2bcdb991842047e9469d4bb7ebff1935ac2d664251a084,0.4803921568627451,0.0490196078431372,0.0,0.4705882352941176,0.0,0.0,0.0,0.0,-25.952092515427744,20.924829453458848,3903.930250285842,321.5638366681869,12.39067086220967,0.7532467532467533,2.6493506493506493,0.9117647058823528,0.0,0.2439024390095181,3.079999999384,0.1666666666666666,0.7630456913347705,8.199999991799999,13,0.8529411764705882,0.9411764705882352,0.5982905982905983,Subscription_SaaS,Subscription_SaaS
53d27e24a084f147f410c92737049b08142a222fe25f9653badebf2c46f6c81a,0.9166666666666666,0.0782657657657657,0.0,0.0011261261261261,0.0016891891891891,0.0,0.0022522522522522,0.0,3.389852077232294,363.3747943284535,373923.77388535393,8692.758067710793,2564.347306023063,0.7192982456140351,7.7894736842105265,0.3170045045045045,0.0855855855855855,0.1450676982587199,6.369294605676986,0.7055180180180181,0.3958318227484789,1.0848765432015055,199,0.2364864864864864,0.3462837837837837,0.6732966753488209,Digital_B2C,Digital_B2C_Seasonal
54c5bbd5b020fe264fe278e6003aea2ab97f480e09f0d7a1d9cadc7b6caf928a,0.9375,0.0,0.0,0.0,0.0625,0.0,0.0,0.0,-1444.9245635688858,70.33494500162081,92812.22809756549,9042.12050300253,6.257849531332211,0.5822784810126582,2.430379746835443,0.5416666666666666,0.0729166666666666,0.7454545453867769,4.64705882216263,0.6041666666666666,0.8338255017053187,4.2857142841836735,25,0.6458333333333334,0.78125,0.5789247311827957,Subscription_SaaS,Subscription_SaaS
55299fb7ab183363dbeb505cb63d936281e1b1c151bfb2e432b6ec156a6ca936,1.0,0.0,0.0,0.0,0.0,0.0,0.0,0.0,-112.35332580003325,1007.2843634129192,82602.72677890676,363.1228156319754,3.231972111319096,0.5616438356164384,4.082191780821918,0.3624161073825503,0.0,0.7738095237634637,3.3823529406790662,0.2483221476510067,0.4510629887035398,1.433962264015664,38,0.5503355704697986,0.6510067114093959,0.5526315789473685,B2B_Services,B2B_Services_Steady
5558d0e6421bee5f829e9551e325a7f101b14a9b304cdebf97ced72a6c386f4f,0.9005319148936171,0.0297872340425531,0.0053191489361702,0.0170212765957446,0.0473404255319148,0.0,0.0,0.0,88.79707083396815,561.067636594563,538493.0258564623,20811.738107474222,234.3741511929381,0.7183673469387755,7.673469387755102,0.2303191489361702,0.126595744680851,0.146341463414188,16.735849055814345,0.6978723404255319,0.754862357092936,1.3896940418567658,200,0.2547872340425532,0.3707446808510638,0.6936891592920355,Digital_B2C,Digital_B2C_Seasonal
556b5d40b355a71021d1ddbdc72b3b26c2a8c76411e952c17557064edb9a2c53,0.44,0.16,0.0,0.0,0.4,0.0,0.0,0.0,1.5883309855196368,50.86390216517059,12014.768603121263,414.8849556445487,261.2081214903291,0.76,3.230769230769231,0.6152380952380953,0.0,0.2411347517701993,4.303030302812978,0.7542857142857143,0.3301644422516825,0.5613207547037424,37,0.4933333333333333,0.6057142857142858,0.7508492098656033,B2B_Services,B2B_Services_Seasonal
55c62a96a5b5a7ce35e9218cd608ebd4674ba35629d6c52635f7557b766d17fb,0.983347750865052,0.0,0.0112456747404844,0.0017301038062283,0.0034602076124567,0.0,0.0002162629757785,0.0,632.0718809383344,208.54704605058996,766843.4008012268,29460.696901454045,46.60972555408166,0.2348484848484848,14.012121212121212,0.3403979238754325,0.0795847750865051,1.4008307372756987,16.515151514838728,0.7244809688581315,0.7231032033878112,1.0287581699312789,396,0.2102076124567474,0.2802768166089965,0.6651874484698579,Digital_B2C,Digital_B2C_Steady
55f7456c6b0edbe15b7ccd220eebde306c77b14f3a2bdfa99a1ba29be93d4a6e,0.4199134199134199,0.0432900432900432,0.5367965367965368,0.0,0.0,0.0,0.0,0.0,0.1139399171530104,50.20341177238856,123026.62554593688,147.9327375533604,1298.3397589389435,0.5434782608695652,5.021739130434782,0.5670995670995671,0.0,0.539999999982,6.218749999028321,0.5584415584415584,1.4464775606133,1.3013698629245636,15,0.8311688311688312,0.974025974025974,0.6406926406926406,Subscription_SaaS,Subscription_SaaS
56a2eb02b59e3e7645a5f27d5a623bf1d94d9aacdfbf275058a4fcb1538c579b,0.7229885057471265,0.0482758620689655,0.0022988505747126,0.2091954022988505,0.0103448275862068,0.0,0.0068965517241379,0.0,-51.6705699991473,188.9016393458536,213955.0433960219,9494.245415562214,183.74570696397265,0.7946127946127947,5.858585858585859,0.3758620689655172,0.0712643678160919,0.0957178841303796,12.38461538366272,0.4735632183908046,0.6265192718253011,0.6327868852355281,89,0.5206896551724138,0.6413793103448275,0.7494133561549292,B2B_Services,B2B_Services_Seasonal
56d8c44eb08e2894c676b8904ad70424d36075b0004eb0e995733f7d9d6e240a,0.9680851063829788,0.0212765957446808,0.0,0.0,0.0,0.0,0.0106382978723404,0.0,-8.787982406064872,0.9700718683378626,18690.238587630334,1264.4842197310147,143.8878868737236,0.6119402985074627,2.8059701492537314,0.6808510638297872,0.0,0.5161290322164412,5.266666664911111,0.4468085106382978,0.8726200824421428,4.923076921183432,27,0.6276595744680851,0.7659574468085106,0.5742731979291119,B2B_Services,B2B_Services_Seasonal
56dd94a33881674df8d91eda06fdfb608f5d315bc7e955b0624105b4e721bd7a,0.7021791767554479,0.2953995157384987,0.0024213075060532,0.0,0.0,0.0,0.0,0.0,801.3462721940317,94.25797754997956,194770.71544816295,13798.023500057658,17.218553300444537,0.7946058091286307,5.141078838174274,0.5246166263115416,0.0597255851493139,0.1493506493499566,4.119834710658681,0.6481033091202583,0.4263751205119946,1.8328530259101892,96,0.3083131557707829,0.4221146085552865,0.6720560244952003,Retail,Retail_Steady
5762aab0bc1fd5c94d5ae56a2670de27916bdb04a1e94401a7bb4f6ff09a237f,0.4345351043643263,0.3719165085388994,0.1897533206831119,0.0,0.0037950664136622,0.0,0.0,0.0,-101.43734826362156,92.64910518137752,52554.97768636391,4248.8413697902215,41.88636081386128,0.8745980707395499,3.3890675241157555,0.5256166982922201,0.0246679316888045,0.1212765957433906,7.499999999395162,0.635673624288425,0.7315855262061307,1.0957446808219216,46,0.6053130929791272,0.7419354838709677,0.7527847646424721,B2B_Services,B2B_Services_Steady
57cdb37491ff259f2b3bfc3d411ef23957fe29472c997288f016b08b016f2802,0.8465608465608465,0.0,0.0899470899470899,0.0,0.0634920634920634,0.0,0.0,0.0,31.84675982859552,45.10918897865359,12527.02029911445,492.57638542298815,15.467080102322628,0.2091503267973856,2.4705882352941178,0.6243386243386243,0.0,4.108108107552959,4.55882352874135,0.6402116402116402,0.382278623990443,2.05714285684898,61,0.3492063492063492,0.492063492063492,0.4856102003642987,B2B_Services,B2B_Services_Steady
57e832f0ed2668ce82267a102af6b1d0f57843d1d91ac416b4542edf218a2ef6,0.5714285714285714,0.4056122448979591,0.0127551020408163,0.0,0.010204081632653,0.0,0.0,0.0,-16.228018126485978,94.1726835508332,19360.982194817723,1012.8898171583868,62.41611320861626,0.75,3.0625,0.5408163265306123,0.0,0.2564102564061473,7.711111110254322,0.8290816326530612,0.627918686263094,1.4491525423114766,66,0.4948979591836734,0.6020408163265306,0.7096615505706415,B2B_Services,B2B_Services_Steady
5819ded7c83b227db01c55ac45c87f671426658ca8fee8092bef36c3c3175cb4,1.0,0.0,0.0,0.0,0.0,0.0,0.0,0.0,-3798.061662505105,343.0148551692302,114024.6172331983,10430.098715613778,2.746163607229823,0.8035714285714286,2.607142857142857,0.4794520547945205,0.0821917808219178,0.1774193548244017,4.214285712780612,0.3287671232876712,1.3619605746292849,13200000000.0,8,0.958904109589041,1.0,0.5051369863013698,Subscription_SaaS,Subscription_SaaS
5844fafadf435e91a8b8acd2ccbfba239b556ac4e17cbbe117bdc51599cf6811,0.8010657193605684,0.0586145648312611,0.1403197158081705,0.0,0.0,0.0,0.0,0.0,-25.66870498503138,125.38275863434988,18239.746074216047,1495.0342548063238,58.2434624222653,0.2797783933518005,3.119113573407202,0.369449378330373,0.0017761989342806,2.5632911391593893,4.072072071888646,0.5452930728241563,0.4080333173900837,2.377952755811892,48,0.2770870337477797,0.4902309058614564,0.5406060606060606,B2B_Services,B2B_Services_Steady
586dc76b478d1222adf6cbc52689c550081088c2fc3b339d1bd797055ae4f2b1,0.8964925190090753,0.0096884964434633,0.0753004660289428,0.0024527839097375,0.0,0.0154525386313465,0.0006131959774343,0.0,-842.442114304423,33.94789501111953,172304.49666150424,20192.61916375944,23.969147340398735,0.2331838565022421,24.37668161434977,0.8235221976943832,0.0047829286239882,11.84094488179653,5.42553191487224,0.6335540838852097,0.5950792909154149,3.5222039473539386,680,0.0835172921265636,0.1077998528329654,0.5209757674371305,Digital_B2C,Digital_B2C_Steady
589cbe529a22b04291bf72fbbc7217176f93df466ab9157ed9ba1f45c609dcfb,0.967479674796748,0.0,0.032520325203252,0.0,0.0,0.0,0.0,0.0,3.9274013382670714,20.505205831876548,2688.049246549454,131.4033122594966,33.458080956629786,0.5531914893617021,2.617021276595745,0.902439024390244,0.0,0.5569620252812049,2.6176470584385814,0.2601626016260163,0.394124952635987,1.243902438872695,30,0.7235772357723578,0.8292682926829268,0.6636856368563686,Subscription_SaaS,Subscription_SaaS
58bb4d6d90d46ed5dd64a225ac40220518c585250292f16522a38ef0146cfdce,0.7598684210526315,0.0,0.0,0.2171052631578947,0.0,0.0,0.0230263157894736,0.0,47.02064311830191,31.227685003070217,2802.8346573995727,136.0303835812898,2.8929928331714496,0.3818181818181818,2.763636363636364,0.9703947368421052,0.0,1.1408450703823645,6.069767441154679,0.5427631578947368,0.5329091148537065,3.4901960780891965,20,0.4078947368421052,0.7796052631578947,0.3391447368421053,B2B_Services,B2B_Services_Steady
58c45fddbdc94b9f9a80442d6b56a6f565d87e525b3450c064978845a5c8a479,0.4695121951219512,0.211890243902439,0.1158536585365853,0.0,0.2027439024390244,0.0,0.0,0.0,2.9080421322760217,295.47834474540946,90786.39158867615,3679.980450525758,1265.449491610726,0.7643312101910829,4.178343949044586,0.4100609756097561,0.010670731707317,0.2591170825311025,7.199999999549999,0.6234756097560976,0.615833126947579,1.1747572815248846,36,0.5076219512195121,0.600609756097561,0.746065808297568,B2B_Services,B2B_Services_Seasonal
58cf2560f38f0ebe54787ea7c92d41f3015193e5bcc840bc4e145f36f5aa2b25,1.0,0.0,0.0,0.0,0.0,0.0,0.0,0.0,-131.47039285496413,152.76206408803233,26187.942553487257,1638.8321079580023,12.46540815954874,0.6,2.769230769230769,0.3888888888888889,0.0,0.4634146341275034,10.999999996333331,0.65,0.7156069993776499,7.933333330688889,26,0.5777777777777777,0.8666666666666667,0.5790598290598291,B2B_Services,B2B_Services_Steady
591da3c0ab2cca469c55d49553112ad951984d02947b1df9d048f4b8aa637ae5,0.8366445916114791,0.0938189845474613,0.0408388520971302,0.0,0.0286975717439293,0.0,0.0,0.0,4.775842213761484,49.03694913879727,13155.711174075152,470.13131592759134,98.43945714716531,0.3636363636363636,4.118181818181818,0.7472406181015453,0.0,1.9704918032463852,3.552763819006212,0.6280353200883002,0.3698147575925741,1.16610169489549,141,0.2373068432671081,0.3355408388520971,0.5808918235917502,Mixed,Mixed
5963d94a3e5f13410d42f6fa28110b0b2e30d68761580829cc88e9041fe3d495,0.4720194647201946,0.1557177615571776,0.1484184914841849,0.0,0.2238442822384428,0.0,0.0,0.0,1.6919649549291285,100.10011565761371,41732.48532852239,546.7809715571589,323.1632940934223,0.6363636363636364,3.736363636363636,0.4549878345498783,0.0048661800486618,0.2803738317713337,4.956521738771266,0.6228710462287105,0.7073076050861444,0.9448275861743164,14,0.7956204379562044,0.8175182481751825,0.7672268907563026,Subscription_SaaS,Subscription_SaaS
5974977df254b454b60571824a1ba8103bcfd0ac5de970c0a8e24d0b03faf20a,0.4506472491909385,0.529126213592233,0.0,0.0048543689320388,0.0153721682847896,0.0,0.0,0.0,-437.16031024888014,18.377842499098087,57804.20626738357,9475.05948503486,21.67410733015507,0.7948717948717948,4.875739644970414,0.7055016181229773,0.0072815533980582,0.1476323119770305,4.942307692188887,0.5169902912621359,1.2412813527961353,0.7571428571351312,92,0.5,0.5703883495145631,0.8132698768197089,B2B_Services,B2B_Services_Steady
59a61e01ddaab2494d0db5d393d53632fd18328b38e7f0e9f66fd639e863d443,0.1053952321204517,0.4466750313676286,0.4291091593475533,0.0,0.0188205771643663,0.0,0.0,0.0,20.95543614442275,123.89339075193836,148007.63684382432,12281.013753967236,586.0538365065365,0.8174386920980926,4.343324250681199,0.4265997490589711,0.0401505646173149,0.1484149855897088,5.75423728789177,0.6060225846925973,0.6856350916832398,0.8819672131002956,73,0.4855708908406524,0.5282308657465495,0.7735278420209927,B2B_Services,B2B_Services_Seasonal
5ab87d69e0db1e87deb2cb6d712b241e15a8b6db3120133418bfd31a2aeca01a,0.7386363636363636,0.2007575757575757,0.0151515151515151,0.0,0.0454545454545454,0.0,0.0,0.0,-45.57434115951311,34.40563765135103,14327.411517286044,952.667466824404,20.903592731729702,0.6973684210526315,3.473684210526316,0.6931818181818182,0.0,0.319999999992,2.069767441740129,0.5151515151515151,0.5803496607239875,1.2432432431592402,64,0.3636363636363636,0.4810606060606061,0.560017523364486,B2B_Services,B2B_Services_Steady
5b29458b81c37ea5bcfddc86e903ebaf13690e2a4a8a8bf5b51fba56b22a0833,0.539454806312769,0.2037302725968436,0.0028694404591104,0.2525107604017216,0.0014347202295552,0.0,0.0,0.0,296.5641602842662,30.250960850911163,89561.4188526682,18200.40710145258,61.37089216509911,0.9519230769230768,4.467948717948718,0.7460545193687231,0.0200860832137733,0.0690184049074461,4.320610686857992,0.2195121951219512,0.747364213385792,1.851851851794696,58,0.6025824964131994,0.6901004304160688,0.80659407138536,B2B_Services,B2B_Services_Steady
5b3948e6f6a1315c7aa3d080488e18c50924cb534c0218e279ddf29ce2bb4995,0.834280303030303,0.1392045454545454,0.0018939393939393,0.0227272727272727,0.0,0.0,0.0018939393939393,0.0,-476.1241060675317,248.5380282637356,283915.8049185484,22736.117471559188,47.75250230211376,0.7284595300261096,5.514360313315927,0.3503787878787879,0.0501893939393939,0.1540983606548956,7.799999999674999,0.5160984848484849,0.70241631396093,2.3636363635852025,148,0.2433712121212121,0.3702651515151515,0.667030892278417,Mixed,Mixed
5c296348921d632d08dacaaa4b724d967b241e8267c5af941e0e2b8af8b44425,0.8579248886059835,0.0,0.1382558879694462,0.0,0.0,0.0031826861871419,0.0006365372374283,0.0,-13.336359331476327,166.78199999999998,377091.991253482,7434.878496220527,557.4893646647564,0.3774373259052925,21.880222841225628,0.3997453851050286,0.022915340547422,13.90512333952652,5.926807760114961,0.6086569064290261,0.5050860889048401,1.549445471345773,739,0.080203691915977,0.1131763208147676,0.5267560585557879,Digital_B2C,Digital_B2C_Seasonal
5c6ca9a836caa99d697d8181a647ea0e1896db1ea072c84252954fc9e6003c6e,0.9525316455696202,0.0453586497890295,0.0,0.0,0.0021097046413502,0.0,0.0,0.0,391.9341685910745,129.2118956049675,298650.5753937478,1767.309306272083,4.509199370343537,0.4390934844192634,5.371104815864022,0.3438818565400844,0.0348101265822784,0.7886792452755785,5.820143884682729,0.620253164556962,0.5742376084316835,4.488549618149292,56,0.3090717299578059,0.4852320675105485,0.557279469164715,B2B_Services,B2B_Services_Steady
5c6d668a866c416034a2267fd3670995512e1ea117974559801a59ad45faf554,0.5309038942479457,0.3840657377634869,0.0778849589138978,0.0,0.006073597713469,0.0,0.0010718113612004,0.0,1.0301592814370395,34.93260509519062,18771.47213990532,458.0822269037839,444.6712568740449,0.5861513687600645,9.014492753623188,0.863522686673812,0.0,0.5985151342073144,5.375854214061778,0.7327617006073598,0.4754882569970561,0.5336505778363915,196,0.2893890675241157,0.3397642015005359,0.709452201933405,Retail,Retail_Seasonal
5ca14f7e028eac30ae9a6466f1763d48609e80e47d1d779e1eb375a8b4d0943c,0.9571428571428572,0.0,0.0428571428571428,0.0,0.0,0.0,0.0,0.0,-181.96961299278527,210.3098518282568,25431.44115049296,1240.0321267767774,6.814501093420455,0.3787878787878788,2.121212121212121,0.2714285714285714,0.0,1.499999999732143,10.666666657777776,0.5571428571428572,0.6526942399592047,2.1874999993164064,25,0.5857142857142857,0.7857142857142857,0.4982857142857143,B2B_Services,B2B_Services_Steady
5cdd01d58cce9983520de2abb59a9eb0799f8340046e76debe10470644924f30,0.9736842105263158,0.0,0.0263157894736842,0.0,0.0,0.0,0.0,0.0,236.07198118159516,20.64501794827705,31185.478527887382,3635.825744560618,15.401343802887798,0.5,2.054054054054054,0.5263157894736842,0.0263157894736842,0.9999999998684213,4.066666665311111,0.4342105263157895,1.116821581165177,3.2666666655777776,20,0.7631578947368421,0.868421052631579,0.6105263157894737,Subscription_SaaS,Subscription_SaaS
5d0a5a4edbf7abbb97007c47301fb70c7c5979827803b6e3110bbce7ee43d42e,0.9821268990169796,0.0142984807864164,0.0035746201966041,0.0,0.0,0.0,0.0,0.0,-22.11048859226116,54.317407330252905,60202.493059142245,3320.02789907932,150.15624298505068,0.5321100917431193,10.26605504587156,0.6572832886505808,0.0044682752457551,0.244716351500988,7.413533834447114,0.6630920464700626,0.7033436466173338,1.2926093514231327,286,0.2305630026809651,0.3315460232350313,0.6946209564830872,Digital_B2C,Digital_B2C_Seasonal
5d4c54bcd1a1f24d0d12e878164fedff3cc361ac82e764a2c4bbc68e13f985ae,0.9137242861529016,0.0521952717224439,0.0,0.0082898372735646,0.0227202947497697,0.0,0.0030703101013202,0.0,-26.124840644022026,484.4066491003046,222127.52176565168,5034.43962888113,192.7069985058859,0.3631361760660248,8.960110041265475,0.2213693583051888,0.0076757752533005,0.4791099000897386,9.405750798571791,0.8996008596868283,0.4465734794324843,1.3957915831593397,140,0.4028246852932146,0.5492784771261897,0.7623202614379085,B2B_Services,B2B_Services_Seasonal
5d4c6638eb7b6e7c39170afc2c0c8ce07854ae5a05843b69388675a4c2c5c8f5,0.9408740359897172,0.0,0.0051413881748071,0.0539845758354755,0.0,0.0,0.0,0.0,-55.505588804023,82.42944128085543,16418.275084327313,1075.1680982250568,19.370447574703054,0.3085714285714285,4.445714285714286,0.7416452442159382,0.0,2.88999999992775,3.471264367716343,0.519280205655527,0.3881101754492491,1.8156424580498425,50,0.2133676092544987,0.3676092544987147,0.4374033149171271,B2B_Services,B2B_Services_Steady
5d55b4e066e58dfa3839e3ceaa6106c4821006fe662a9c6fabdd87840a0a5633,0.1857707509881423,0.3517786561264822,0.0118577075098814,0.0,0.4466403162055335,0.0,0.0039525691699604,0.0,-0.3015392916078923,100.43469459648438,40789.3777371392,2451.6747155200346,8130.5312523011635,0.8023952095808383,3.029940119760479,0.4980237154150198,0.0079051383399209,0.1822429906499476,6.666666665656567,0.7905138339920948,0.684879289601594,0.9574468084597102,21,0.4901185770750988,0.541501976284585,0.7548262548262549,B2B_Services,B2B_Services_Seasonal
5da784d6a5125a9a8d3709f0b883d8e58ad4eb22e911dfca2410937a68212c6e,0.9401767505098572,0.0122365737593473,0.0047586675730795,0.0231135282121006,0.0197144799456152,0.0,0.0,0.0,0.1640745849622834,152.87607505044053,44441.84322764757,1021.625792893682,6226.593417027956,0.4254545454545455,5.349090909090909,0.2868796736913664,0.0,1.5538194444309563,5.77880184318482,0.601631543167913,0.4088520019556958,0.917448405244677,86,0.2916383412644459,0.4466349422161794,0.6146796327692652,Mixed,Mixed
5dc5771257ee0d069de329cd503f58f607c1aeee0e1002b126eb498e0c3d05c6,0.9130434782608696,0.0,0.0,0.0869565217391304,0.0,0.0,0.0,0.0,-979.6072353578016,486.200329016478,402036.10366165487,23275.4415107195,23.75997304877045,0.8018867924528302,2.60377358490566,0.25,0.213768115942029,0.2432432432377647,5.418604650532721,0.4021739130434782,0.6086941735317577,1.9322033896667623,38,0.5181159420289855,0.7934782608695652,0.6207093821510298,B2B_Services,B2B_Services_Steady
5ddc47f9f410b759119743ecec7c45088af32ea9a68a86d8d7780da2e4dc1ee0,0.6859838274932615,0.0215633423180593,0.0,0.0,0.2587601078167116,0.0,0.0336927223719676,0.0,-0.7093902439024427,89.53875,9934.680000000002,277.91914162727494,391.7718633691508,0.3577235772357723,3.016260162601626,0.5215633423180593,0.0,1.5586206896282997,2.6019417475096613,0.8045822102425876,0.1832667544155532,1.0438247011744255,7,0.9299191374663072,0.9326145552560648,0.7233691164327003,Subscription_SaaS,Subscription_SaaS
5e4150866aed330ef38bf7239aa6838f96f72a0b6169ded3351337cbc24167bd,0.89375,0.0,0.10625,0.0,0.0,0.0,0.0,0.0,46.66505597362303,177.60281357005124,18832.381694930016,963.5854856293772,20.648973098147465,0.3428571428571428,3.0476190476190474,0.25,0.003125,1.0915032679381862,8.696969695651974,0.29375,0.5629656645174325,0.244897959177426,13,0.384375,0.590625,0.3725961538461538,B2B_Services,B2B_Services_Steady
5e7f00cb3d169212bb140c52a933046ca73c6e6098c885e933fff8fa89f1d2c7,0.7740492170022372,0.0,0.0671140939597315,0.1588366890380313,0.0,0.0,0.0,0.0,61.06566666666668,142.8,21578.023939393937,1788.4210934385596,29.28685120082246,0.1717171717171717,3.01010101010101,0.1767337807606264,0.0089485458612975,5.671641790621519,4.022471909886378,0.5234899328859061,0.4424116230860361,1.0797101448884163,30,0.3020134228187919,0.5682326621923938,0.3742729306487696,B2B_Services,B2B_Services_Steady
5ea33b1021349c59ca738d2683cb7b744387a6ca0465de560aa0cfbe622f15b7,0.7164345403899721,0.1938718662952646,0.0116991643454039,0.0,0.0763231197771587,0.0,0.0016713091922005,0.0,-4.417022831050234,47.5,89777.07698630137,3695.141516441928,836.5683514471787,0.7146118721461188,8.19634703196347,0.6445682451253482,0.0089136490250696,0.1332070707066502,4.904605263077227,0.6267409470752089,0.5809509099569664,0.9228395061657187,115,0.6323119777158774,0.7036211699164345,0.8354769983429338,Subscription_SaaS,Subscription_SaaS
5eb97dc534b2187e503ba3c9097dc3e383b53c9f7fad7447bf0019c01b0df7f8,0.6666666666666666,0.0,0.3333333333333333,0.0,0.0,0.0,0.0,0.0,-6.411597951959764,35.82198970924411,6095.04583783083,315.11258709977204,49.14727794371171,0.2515723270440251,3.320754716981132,0.8503787878787878,0.0,4.557894736602216,10.99999999875,0.5587121212121212,0.5817044509535596,0.8913043478018667,103,0.4375,0.5643939393939394,0.6497499264489556,B2B_Services,B2B_Services_Steady
5f31a32a1e53abe756997d5c19d047104bc2fbeefe483b300132c4070cbdb1b9,0.6066350710900474,0.0758293838862559,0.2286729857819905,0.0,0.0888625592417061,0.0,0.0,0.0,1.5786551130829571,56.97679188028545,88587.7380495365,2733.6257390035057,1731.6168040965183,0.7124183006535948,5.516339869281046,0.5876777251184834,0.0106635071090047,0.2411764705864619,2.8715596329616613,0.4928909952606635,0.3723500586565711,0.9681528662266218,18,0.7191943127962085,0.8542654028436019,0.6761883340830709,Subscription_SaaS,Subscription_SaaS
5f568d1e39c83514adff30dda89da9e135a8f288c07294f5519caf67139b26b3,0.98582995951417,0.0111336032388663,0.0,0.0,0.0020242914979757,0.0,0.0010121457489878,0.0,240.00239961834797,1133.561101624683,1906628.7057207057,63187.75664195151,263.2796869522969,0.6604774535809018,5.241379310344827,0.3512145748987854,0.3866396761133603,0.2334581772769447,15.196721310229778,0.5981781376518218,0.6851676258657166,1.28846153844089,55,0.4959514170040486,0.6720647773279352,0.6900977318827217,B2B_Services,B2B_Services_Seasonal
5f6aedca7343730aa295106e563192810df21cdfd5d1767b54bf5f11c32f7fad,0.7806324110671937,0.0,0.0770750988142292,0.1205533596837944,0.0,0.0197628458498023,0.0019762845849802,0.0,67.05534690774306,172.55597478594265,22002.82375492232,1214.254738973192,18.10824631871223,0.3694267515923566,3.2229299363057327,0.2924901185770751,0.0019762845849802,1.3644859812765306,4.883720929948621,0.225296442687747,0.4296595714593272,0.558139534870741,29,0.3695652173913043,0.5928853754940712,0.5256518082422204,B2B_Services,B2B_Services_Steady
5fac79e6c3d098472b9c094110534b5c43fdbd5b91cb8ae85ea992c02a81026e,0.8757062146892656,0.1073446327683615,0.0112994350282485,0.0,0.0056497175141242,0.0,0.0,0.0,4.458902985074623,87.39999999999999,17410.35649253731,562.3080865075947,126.10906474725496,0.664179104477612,2.6417910447761197,0.5536723163841808,0.0,0.4508196721126713,5.103448274982164,0.576271186440678,0.5649071858724876,2.4871794868606183,23,0.6892655367231638,0.8135593220338984,0.662778366914104,Subscription_SaaS,Subscription_SaaS
5fb5b0f3477da81075f9f2dde4a766205b0cc5262e6553d9c66a18730371f349,0.6285714285714286,0.0,0.0,0.3714285714285714,0.0,0.0,0.0,0.0,-52.41730282472994,298.94556851687935,13437.706067372905,549.7835487394035,10.488589053749164,0.6875,2.1875,0.4285714285714285,0.0,0.39999999996,4.3846153829289936,0.2,0.9381808067179926,12.999999978333332,4,1.0,1.0,0.2571428571428571,Subscription_SaaS,Subscription_SaaS
5fed8062400ab09b89ac681abbb630e93dda8392616345db9e125eb0426fdd18,0.7744252873563219,0.0,0.1020114942528735,0.1235632183908046,0.0,0.0,0.0,0.0,87.3084676650055,121.44990348525565,24146.69286969918,2406.1479188967005,27.559158727344474,0.1689008042895442,3.731903485254692,0.3017241379310345,0.0057471264367816,4.898305084538207,3.971428571286735,0.5761494252873564,0.5079243615702351,1.138461538432347,51,0.1781609195402299,0.3505747126436782,0.391255352715799,B2B_Services,B2B_Services_Steady
60189ef9e619fb03f0734593ec3759331bd9a191e9b5029214458519f39675ae,0.9487870619946092,0.0,0.0512129380053908,0.0,0.0,0.0,0.0,0.0,-868.4352357137805,1773.0375569580865,823145.197167025,47183.32776184122,54.331429473283855,0.1850533807829181,2.6405693950177938,0.1132075471698113,0.1401617250673854,3.818181817933884,5.183333332901389,0.5849056603773585,1.1667172455872663,1.2063492063013352,60,0.3126684636118598,0.5148247978436657,0.5506289308176101,B2B_Services,B2B_Services_Steady
604f37ff7c864538f5ececa0b4d6ed8a6bed33811b2f0ba81d66f7279fdcd113,0.8428571428571429,0.0,0.0,0.0,0.0,0.1571428571428571,0.0,0.0,11.18079999999999,18.9,4424.568,212.4287757733075,18.999425406349584,0.6476190476190476,2.6666666666666665,0.75,0.0,0.4285714285495626,7.749999997578125,0.2285714285714285,0.790496451592099,3.703703703017833,9,0.5642857142857143,0.6428571428571429,0.4567901234567901,B2B_Services,B2B_Services_Steady
60984bdbf90bce5a530e18d45575eee64356c408dfd52b2ed937addb5d28f6af,0.5064935064935064,0.3766233766233766,0.0,0.0,0.1168831168831168,0.0,0.0,0.0,-32.93686166402169,46.64112022393738,14058.593893852276,993.4117130601476,30.16109193680956,0.7647058823529411,2.264705882352941,0.6103896103896104,0.0,0.3275862068683115,4.133333331955556,0.3896103896103896,0.6075834219738876,3.928571427168367,4,0.7922077922077922,0.7922077922077922,0.5778688524590164,Subscription_SaaS,Subscription_SaaS
60ab29770211c5bc262428683e8421ebd3827da733b1b5a7e47731c8705eabb1,0.8454653937947494,0.1521479713603818,0.0017899761336515,0.0,0.0,0.0,0.0005966587112171,0.0,504.0438956694037,784.0561529270716,520370.3146269951,22610.659680409,44.858513066470046,0.6908396946564885,6.396946564885496,0.2279236276849642,0.1354415274463007,0.1962883654525471,13.701754385363955,0.568019093078759,0.6476139766308807,1.6886993603231482,160,0.2905727923627685,0.4242243436754176,0.698154060248854,Retail,Retail_Steady
60ce540a843c23f720f67e790f3fa6243198cf0895a51932b7e259a7c72ee647,0.7654320987654321,0.074074074074074,0.0024691358024691,0.0246913580246913,0.1333333333333333,0.0,0.0,0.0,-70.78604188481675,69.54,37744.33162303665,1914.7661436683425,27.050052417305025,0.7225130890052356,4.240837696335079,0.5530864197530864,0.0024691358024691,0.1982248520680735,7.437499999225261,0.5259259259259259,0.6204083516797566,2.482758620546968,51,0.5728395061728395,0.7111111111111111,0.7308084877786731,B2B_Services,B2B_Services_Steady
6108018781862e2b59ea7f3a2b4e1447a3262190c6fb0413fe0eac995a5c0db8,0.5,0.25,0.0609243697478991,0.0,0.1890756302521008,0.0,0.0,0.0,8.74318009047041,82.06201044869829,36041.8727578902,1174.2929418637232,134.30959083189222,0.7245762711864406,4.033898305084746,0.5546218487394958,0.0021008403361344,0.1840796019877602,6.677419354300208,0.7037815126050421,0.7336503138768,0.99386503064436,34,0.6470588235294118,0.7394957983193278,0.7666176470588235,Subscription_SaaS,Subscription_SaaS
6149fe92aea1b7b06b0d8c45a539a59616a2f827b555dd17797135759c690bc9,0.991616766467066,0.0,0.0083832335329341,0.0,0.0,0.0,0.0,0.0,-2.563459214501532,441.0,96641.3395468278,1352.8202207315314,527.7322954082055,0.4531722054380664,5.045317220543807,0.1568862275449102,0.0059880239520958,1.1801566579480398,7.267326732313498,0.3748502994011976,0.3418906851772461,0.7661016949022694,98,0.2766467065868263,0.4359281437125748,0.5893559819137236,Mixed,Mixed
6152d4c6f3ea62a44f175a3f6a4f166790644d887af4de72423d36a71a277e62,0.990521327014218,0.0,0.0071090047393364,0.0,0.0,0.0,0.0023696682464454,0.0,14.872858843478186,376.466310441108,456572.23721398605,18773.15869848934,1262.2427795110168,0.55893536121673,6.418250950570342,0.2772511848341232,0.0971563981042654,0.3375594294743458,59.285714264540815,0.8092417061611374,0.7401597593038682,1.0977443608816213,80,0.3933649289099526,0.5710900473933649,0.6796800947867299,B2B_Services,B2B_Services_Seasonal
61811f0916c70bf29c343321214f9c24024a9c2fb659b5bf15412988c57f0346,0.8166047087980174,0.1734820322180917,0.0012391573729863,0.0037174721189591,0.0049566294919454,0.0,0.0,0.0,-532.4774939649989,67.7943214827113,126483.3038642207,10768.390977644596,20.223185204049575,0.8664259927797834,5.826714801444044,0.5526641883519207,0.023543990086741,0.0788770053470663,9.087499999432032,0.6517967781908303,0.8572322571764688,1.3023255813650625,95,0.2602230483271375,0.3977695167286245,0.6230263157894737,Retail,Retail_Steady
6243d84f2efc932205601ea08a06f2ed646375365c6ac0f0267e7cd35b439cb6,0.8655367231638418,0.0836158192090395,0.007909604519774,0.0429378531073446,0.0,0.0,0.0,0.0,-376.32471096574784,235.81045131277347,158410.78661183285,18514.15731952075,49.197293665666,0.6829268292682927,5.396341463414634,0.327683615819209,0.031638418079096,0.2377622377605751,4.939597315270484,0.4700564971751412,0.6477360869371788,1.9454545454103305,115,0.2790960451977401,0.4214689265536723,0.6473659721863206,Mixed,Mixed
62cd5c96a41a514d1eaac2340347ddd4a7f932d5bfafd3d0ebafbdd890298509,0.7346153846153847,0.0,0.0423076923076923,0.1884615384615384,0.0,0.0346153846153846,0.0,0.0,-3.665391530448775,59.02338567408919,28049.543335229948,920.4121092021122,251.1088103535648,0.624113475177305,3.687943262411348,0.6076923076923076,0.0,0.3131313131234057,7.12499999888672,0.3,0.6415551809268414,6.481481480281207,15,0.8269230769230769,0.9807692307692308,0.6364102564102564,Subscription_SaaS,Subscription_SaaS
62f041fe3357b503c62d41f167ab2568d1905e608374009c843bb16db6606ef5,0.771551724137931,0.0,0.0668103448275862,0.1508620689655172,0.0107758620689655,0.0,0.0,0.0,30.928647176035028,130.34552205313437,25195.8608047714,1702.2275365430935,55.03724512437412,0.2449664429530201,3.114093959731544,0.4030172413793103,0.0,2.834710743684516,3.783505154444149,0.5086206896551724,0.4884136717648291,3.730769230410503,38,0.2737068965517241,0.5323275862068966,0.4464609800362976,B2B_Services,B2B_Services_Steady
62fdedc613f8300ea6e52755e233d9f2baeb64c48023a76957a301e311af3ba3,0.9837728194726166,0.0114942528735632,0.0,0.0,0.0047329276538201,0.0,0.0,0.0,10.052481543624165,192.15,70835.76135906039,3686.777586124232,366.752981983345,0.4630872483221476,4.963087248322148,0.3482082488167681,0.0094658553076402,0.555205047315693,2.706766917259314,0.5774171737660582,0.1898508709695192,0.9725490195983084,155,0.4746450304259635,0.5632183908045977,0.7497397834822899,B2B_Services,B2B_Services_Seasonal
637ce08a11136df38bc81a023d3a21992d3ab2d1d58b39b7f83e0090cb2e3887,0.396551724137931,0.4137931034482758,0.1896551724137931,0.0,0.0,0.0,0.0,0.0,-54.009935999592,68.23863769758827,12263.901801330285,1275.1118927694354,23.60883916883329,0.7571428571428571,2.4857142857142858,0.7586206896551724,0.0057471264367816,0.3593749999859619,3.34999999958125,0.5287356321839081,0.9355580007939716,1.4727272725933884,43,0.5402298850574713,0.5977011494252874,0.6380182002022244,B2B_Services,B2B_Services_Steady
63cd43af8ed7e605c04bbeab3a1afb2f704fe7016fc18992e113785508e7fe53,0.8951798010711554,0.0424636572302983,0.0279265493496557,0.021805661820964,0.0126243305279265,0.0,0.0,0.0,-44.91990438281862,401.505319037435,263108.53463933896,10096.148708521196,224.75890910701216,0.5508771929824562,9.171929824561404,0.1683244070390206,0.0459066564651874,0.6185758513912738,9.45599999981088,0.5095638867635807,0.6038981933259195,2.759061833659285,190,0.160673297628156,0.2421576128538638,0.5529057870180896,Digital_B2C,Digital_B2C_Seasonal
64048b309e23979c23dfb79c1ba20d5e72e71c6a4f7e85c0de59004d3b98cb0f,0.990950226244344,0.0,0.0,0.0,0.0,0.0,0.0090497737556561,0.0,2029.454274242673,4578.981172174173,941433.7650695766,122782.4437763356,60.5002267526077,0.1326530612244898,2.2551020408163267,0.171945701357466,0.4570135746606334,5.69696969610652,19.09090908223141,0.8190045248868778,1.1719158998061008,1.3714285713306122,14,0.9366515837104072,0.9819004524886876,0.7391725921137686,Subscription_SaaS,Subscription_SaaS
6415d7f56d7dd1098add7076cab6a41819fa137cc66a74ffc097b8344ea611f9,0.8823529411764706,0.0,0.0792838874680307,0.0383631713554987,0.0,0.0,0.0,0.0,131.49746318242262,160.9719876132828,243375.05810358247,2359.5621173282534,17.943784313735872,0.1764705882352941,3.2857142857142856,0.3248081841432225,0.1790281329923273,3.546511627700784,4.924242423869376,0.4654731457800511,0.6318291999652134,1.4749999999078125,142,0.319693094629156,0.4398976982097187,0.5155613990850474,B2B_Services,B2B_Services_Steady
6474c286089f52b37303c81f67a5bf12f6f0d9a9fa3297dd6082dcddf87e6369,0.8550387596899225,0.0,0.0782945736434108,0.0255813953488372,0.0403100775193798,0.0,0.0007751937984496,0.0,-46.68152705410826,556.5,200193.5773947896,8838.052675972218,189.3265544598578,0.3466933867735471,5.170340681362726,0.1441860465116279,0.0356589147286821,2.350649350618822,10.834862384824088,0.7542635658914729,0.4582458289540199,1.4409448818708537,283,0.3224806201550387,0.4666666666666667,0.6759368147599827,Digital_B2C,Digital_B2C_Seasonal
65210331373abdf7c1653f708447b958b4f380e0c4c206cbbb6e54e21d91204d,0.9553744664338378,0.0,0.0046565774155995,0.0376406674427629,0.0,0.0,0.0023282887077997,0.0,-34.441633676620846,652.623721639688,406962.8846444805,28739.048065966825,834.4275514761879,0.4503311258278146,11.37748344370861,0.1850989522700815,0.0116414435389988,0.2910821643279281,56.26666666041482,0.8835855646100116,0.685504082704151,4.293963254536824,235,0.1160263872720217,0.1734575087310826,0.5460709553216492,Digital_B2C,Digital_B2C_Seasonal
65552e77888567630526db2d6dd9a6c2a8b9a0654aebdf139dc1c45254003791,0.59375,0.34375,0.0625,0.0,0.0,0.0,0.0,0.0,40.49467467124339,50.87556837491243,10227.111013347509,536.1152840996855,13.239155230156896,0.654320987654321,2.3703703703703702,0.6458333333333334,0.0,0.4999999999609374,6.999999997083333,0.65625,0.8009912829538216,0.818181818088843,21,0.5416666666666666,0.6145833333333334,0.5496598639455782,B2B_Services,B2B_Services_Steady
65742d6ec9793a889df5a41806d1196581dcb9d03bfa35b1376b48da0119250a,0.8217299578059072,0.1213080168776371,0.0010548523206751,0.0,0.0559071729957805,0.0,0.0,0.0,9.453960279064916,92.87640567871908,57499.74647190047,2189.312424310463,231.5762238649096,0.3941299790356394,3.9748427672955975,0.5242616033755274,0.020042194092827,1.312195121935217,4.266666666548148,0.7710970464135021,0.4800745821619058,1.1285714285512756,50,0.7109704641350211,0.760548523206751,0.8313358302122347,Subscription_SaaS,Subscription_SaaS
6598b9f46b4255e35937cdfdf0144702a52de6a047766f857b4a3c064529f8f0,0.6424242424242425,0.2606060606060606,0.0969696969696969,0.0,0.0,0.0,0.0,0.0,-76.04916270027066,18.96228788275339,8373.961410529977,460.448140371242,6.054611569169285,0.7555555555555555,2.4444444444444446,0.6484848484848484,0.0,0.2890624999887085,4.892857141983418,0.4848484848484848,0.538362601513466,5.105263156551247,19,0.6424242424242425,0.7878787878787878,0.6330935251798561,Subscription_SaaS,Subscription_SaaS
65b9c8683ae573b18b63e9186468a601886c4e2e45057a8c21e72e3d5ac557d3,0.7833333333333333,0.0,0.2145833333333333,0.0,0.0,0.0,0.0020833333333333,0.0,-47.04007971751681,2908.365226364967,782103.2938926112,28455.49173718884,604.9201426107143,0.437246963562753,3.88663967611336,0.09375,0.25625,0.7081850533681817,8.599999999140001,0.725,0.6823938612158686,1.1624999999636718,22,0.8270833333333333,0.95625,0.7308862685431723,Subscription_SaaS,Subscription_SaaS
66a89434ac8bcbca0287db69a7b0b3f7c699c2767efb9a941fd9b2b6d8297485,0.8597785977859779,0.0959409594095941,0.003690036900369,0.0,0.040590405904059,0.0,0.0,0.0,-17.28463029985263,36.79468539247119,8676.831890088986,411.1142495898615,23.78496052388908,0.6118421052631579,3.5657894736842106,0.7859778597785978,0.0,0.480874316926752,3.672413792786861,0.6346863468634686,0.5309376183670601,1.6999999998785713,39,0.5830258302583026,0.7933579335793358,0.6703434929850024,B2B_Services,B2B_Services_Steady
66e2f067881d000c918b59781237cfff135a379bc6a87fee4e77cbee1886fb98,0.9641599019758004,0.014703629958646,0.0117935365293306,0.0078113034155307,0.0001531628120692,0.0,0.001378465308623,0.0,-54.566595433137095,165.94543518089353,914422.8437587274,26840.82902040716,491.8912166396293,0.2650957290132548,19.23122238586156,0.4028181957420738,0.0715270332363302,1.6411812297701434,17.707736389431123,0.727829682952979,0.7077613277810937,1.368558042682539,1153,0.1629652320416602,0.2400061265124827,0.7211475403298501,Digital_B2C,Digital_B2C_Seasonal
6779fa57c79880f450c327be248fad5c6c27b6b5aca6c9a2cf87d87b1f08c147,0.8695652173913043,0.0,0.1304347826086956,0.0,0.0,0.0,0.0,0.0,-36.31228805765043,43.79593514506748,25777.8914078554,2576.639858232393,70.9577940512057,0.3160919540229885,3.701149425287357,0.8819875776397516,0.0093167701863354,2.4623655912654643,4.649122806609727,0.6739130434782609,0.985601951252044,2.409090908954029,23,0.5372670807453416,0.8509316770186336,0.5260599513907642,B2B_Services,B2B_Services_Steady
67c5bc39014c8c56c160deaca26265fd317cda94e691edef3b98b62f16433c15,1.0,0.0,0.0,0.0,0.0,0.0,0.0,0.0,-1697.3684509682596,0.9572358551177104,126932.1835466889,7976.066515405006,4.69907786421274,0.7169811320754716,3.2452830188679247,0.7093023255813954,0.0930232558139534,0.2647058823334774,4.374999998632813,0.3023255813953488,0.9423719341718813,7.444444440308642,11,0.8837209302325582,0.9883720930232558,0.6448202959830867,Subscription_SaaS,Subscription_SaaS
67c86aabb248d149c1ed51978b5a8d8deca83e8ca12d33f100372b0bbdd90454,0.2479608482871125,0.6101141924959217,0.0342577487765089,0.0,0.1076672104404567,0.0,0.0,0.0,-3.5037507095226648,19.92462504206385,47002.67333435416,3474.772444461029,991.72935594414,0.8919753086419753,3.783950617283951,0.7536704730831973,0.0163132137030995,0.0946428571420121,5.191919191656973,0.4942903752039151,0.7748911318738706,1.1658986174846566,43,0.6035889070146819,0.6508972267536705,0.8360595766919258,B2B_Services,B2B_Services_Seasonal
680a1e828cd3c8d62545ffeabcce52aa83e486463b016c6e2993d92215133166,0.6460176991150443,0.0,0.0575221238938053,0.2146017699115044,0.0,0.081858407079646,0.0,0.0,-76.28614398389746,133.43934794126943,21883.471591265214,1293.9790426403213,16.962176548651268,0.3932203389830508,3.064406779661017,0.3141592920353982,0.0,1.6588235293629758,3.431372548851403,0.415929203539823,0.3940627211380703,1.2264150942817729,26,0.2699115044247787,0.5353982300884956,0.2641252552756977,B2B_Services,B2B_Services_Steady
683b7c2d802963529d555befc3a88d1a32fbacb18fe8e11cd61dd211510b4ce1,0.7015706806282722,0.0418848167539267,0.0,0.2041884816753926,0.0523560209424083,0.0,0.0,0.0,37.85377782357707,102.61734258324095,31989.43841013389,2899.794188417168,76.60514628595382,0.5503355704697986,2.563758389261745,0.4973821989528796,0.0104712041884816,0.8725490195650711,11.73333332942222,0.6544502617801047,0.7700547897556436,2.1315789470879505,33,0.6335078534031413,0.7905759162303665,0.6683787022770074,Subscription_SaaS,Subscription_SaaS
686739420b5a708a34b2ab0eb6da86ed494e3b04fae568860d4152f8eaea72b5,0.668918918918919,0.0,0.0067567567567567,0.3243243243243243,0.0,0.0,0.0,0.0,12.9593862020534,30.60316358810404,3390.73989961697,256.2775245015412,19.775436915614097,0.6106194690265486,2.6194690265486726,0.9662162162162162,0.0,0.8271604937761011,2.894736841724377,0.3108108108108108,0.4701595006227296,3.851851851138546,42,0.581081081081081,0.6621621621621622,0.5427927927927928,B2B_Services,B2B_Services_Steady
68b093c95ea0b8572782599f39a42ed3cc91f10aebd7e182ccaf323ac5868de7,0.444907683144729,0.2036926742108397,0.2525312686122692,0.0,0.098868374032162,0.0,0.0,0.0,-37.06411038602487,337.3682248165484,154080.44662251874,5713.795823925038,154.15979940902193,0.7282608695652174,6.083333333333333,0.3442525312686122,0.026801667659321,0.2096541786735963,5.241635687634914,0.6742108397855867,0.4340580316021104,1.16888045539688,174,0.3817748659916617,0.4663490172721858,0.7463860094492631,B2B_Services,B2B_Services_Seasonal
68d46f6f115b8f7ccfe11b050e52ccac9a8e0411151ab21a51aac89259beb2fe,0.8174603174603174,0.0317460317460317,0.0,0.0,0.1507936507936507,0.0,0.0,0.0,3.6759301405434446,49.46439653738308,6407.879099466323,257.34834726011445,70.00904171752785,0.6666666666666666,3.36,0.75,0.0,0.499999999985119,3.131147540726955,0.5079365079365079,0.4034389513255853,6.965517240178359,22,0.6349206349206349,0.8412698412698413,0.6237154150197628,Subscription_SaaS,Subscription_SaaS
6919f49f82c427b842ff83f67f19a6c95f538f11f891de06209ee393f9f6aa9e,0.9417040358744396,0.0067264573991031,0.0381165919282511,0.0,0.0134529147982062,0.0,0.0,0.0,24.65592330147559,108.86569484986944,40066.8921554714,2202.486553803497,89.32890186182543,0.5140562248995983,3.5823293172690764,0.4798206278026906,0.0067264573991031,1.0938967135893451,8.489361701224537,0.726457399103139,0.599031306670135,1.0533333332982222,202,0.2511210762331838,0.3520179372197309,0.4773278451440649,Digital_B2C,Digital_B2C_Seasonal
691e0bdc5a7b05365d11fb1a2d05ca2e5bfc597ab7278cacac3ba15150531040,0.6829268292682927,0.3170731707317073,0.0,0.0,0.0,0.0,0.0,0.0,-226.90950704225347,21.25625,8418.265774647887,690.6147660708407,3.043569108419083,0.943661971830986,2.309859154929577,0.7926829268292683,0.0,0.1081081081008035,3.099999999225,0.2682926829268293,1.0727584678728836,6.624999995859374,12,0.7439024390243902,0.8902439024390244,0.6077777777777778,Subscription_SaaS,Subscription_SaaS
69a51ca404c5752167db277fbfae0877687f793dc9cecbf00e0904116207aa13,0.9402985074626866,0.0298507462686567,0.0074626865671641,0.0,0.0223880597014925,0.0,0.0,0.0,279.5390796402136,86.27160113778568,110833.47758526057,10362.92527222381,37.07147238658333,0.5921052631578947,3.526315789473684,0.5298507462686567,0.0485074626865671,0.3886010362593626,3.466666666377778,0.5597014925373134,0.7422815743628525,2.047619047375284,28,0.4664179104477612,0.8246268656716418,0.5547435190292334,B2B_Services,B2B_Services_Steady
69be1668948db8fecc465a2dc2bc99f7491898fffc5b2e322d1fce71fdb49b83,0.3645320197044335,0.5344827586206896,0.0985221674876847,0.0,0.0024630541871921,0.0,0.0,0.0,-12.62657792345848,71.13703894239674,18170.05483178869,975.1429263497088,77.22939116906178,0.7068273092369478,3.2610441767068274,0.6083743842364532,0.0,0.3224755700273212,5.246153845750295,0.5689655172413793,0.5868297811495053,1.3442622950268746,49,0.5763546798029556,0.6502463054187192,0.7343337334933974,B2B_Services,B2B_Services_Seasonal
6a6fe45a3efc62812b5a61d9118be9fc252f6fc74876284c27bef75392a49c5e,0.7590361445783133,0.0662650602409638,0.0301204819277108,0.0,0.0,0.144578313253012,0.0,0.0,-229.99598135230323,154.83094620143402,19009.815919100096,1770.596974088897,7.698382222164779,0.5244755244755245,2.3216783216783217,0.3554216867469879,0.0060240963855421,0.8241758241305398,3.742857142322449,0.3674698795180723,0.810680551947227,1.4545454544132232,24,0.608433734939759,0.8192771084337349,0.5682515337423313,B2B_Services,B2B_Services_Steady
6aa6382bf205d4c8645d6f9fcfac3f21dc95c7abc882c913b1128a343ecfafe6,0.9925925925925926,0.0,0.0074074074074074,0.0,0.0,0.0,0.0,0.0,-107.15077142857145,516.914,55226.40428571428,3077.908248957724,28.725021832645048,0.4666666666666667,2.571428571428572,0.2740740740740741,0.0074074074074074,0.9565217390611216,7.999999997333333,0.5925925925925926,0.5000715935439551,4.130434781710775,12,0.6666666666666666,0.9777777777777776,0.3524691358024691,Subscription_SaaS,Subscription_SaaS
6af12dc7300734ea3a7f0bc8359bac366a4bf761079c5cb20015c31c1469d429,0.3368580060422961,0.3731117824773414,0.2794561933534743,0.0,0.0105740181268882,0.0,0.0,0.0,1.629259236457883,100.30571804070604,41591.97586439095,2031.5975461130024,1246.945537077558,0.8260869565217391,3.597826086956522,0.4879154078549849,0.0151057401812688,0.190647482012674,6.2747252743805095,0.6268882175226587,0.543195024320936,1.9302325580834236,58,0.4803625377643504,0.6117824773413897,0.7493471710746569,B2B_Services,B2B_Services_Seasonal
6b31a73094cd515a8b4c87cadea8097bc04a930b3da481c1974a22186c392df1,0.8563092633114515,0.1181619256017505,0.0080233406272793,0.0175054704595186,0.0,0.0,0.0,0.0,-366.8847360506393,154.23096678182267,336101.8152817936,5484.178334597427,14.94795993281932,0.6244897959183674,5.595918367346939,0.4048140043763676,0.0393873085339168,0.471030042915928,12.1826923071066,0.7527352297592997,0.8824687206538624,1.103070175426501,351,0.2231947483588621,0.3194748358862144,0.6293304843304843,Mixed,Mixed
6b38c8523c08c1d4128524bf012dbfc53733db58ce1ba6c6775a15aa09cf522c,0.6769369601650123,0.0341626917622792,0.2758798504576512,0.0114735077994069,0.0007734949078251,0.0,0.0007734949078251,0.0,-168.62620002884785,340.9789813184132,1851964.083602227,87127.63829942782,516.6909903642227,0.2907153729071537,23.61339421613394,0.2882557689828542,0.0874049245842465,1.450868878354738,29.781746031155123,0.708779167203816,0.6919422029725734,1.1971116315355248,581,0.1875725151476086,0.2500966868634781,0.6826898944213077,Digital_B2C,Digital_B2C_Seasonal
6c694c102c81f3abe08e08e5ae729a0cb67dee2f04db5e974d238980b4d351d7,0.8,0.0,0.0,0.0,0.2,0.0,0.0,0.0,-270.92891803278684,12.075,17712.770163934427,1681.9427909146343,6.208059305980069,0.7049180327868853,2.295081967213114,0.7714285714285715,0.0,0.3461538461205621,3.374999998945313,0.5,0.9276002498656228,3.999999998461538,7,0.9571428571428572,0.9857142857142858,0.6169772256728778,Subscription_SaaS,Subscription_SaaS
6cc003574159e91bd74184b6f8e23923c3d60d35fe6204fabbd4ab2aeaea34a9,0.6746987951807228,0.0120481927710843,0.1265060240963855,0.0,0.1867469879518072,0.0,0.0,0.0,1.2662941176470928,277.875,34478.27974789916,1554.4112705213245,1227.5278204200345,0.6974789915966386,2.7899159663865545,0.3915662650602409,0.0,0.3174603174477198,3.256410255992768,0.5421686746987951,0.2223156958103898,3.199999999466667,8,0.7831325301204819,0.933734939759036,0.3427419354838709,Subscription_SaaS,Subscription_SaaS
6d5d13582d11a8ee14e0e026fe2567d466eb91fa151eb5c50c769da71089e6f7,0.5150645624103299,0.3945480631276901,0.0028694404591104,0.0674318507890961,0.0200860832137733,0.0,0.0,0.0,-159.6664004076766,140.64119537741817,317190.59912510536,17713.147137908363,110.9384760448783,0.775974025974026,4.525974025974026,0.4074605451936872,0.0932568149210903,0.1616666666653194,7.935897435388724,0.7604017216642754,0.8402686783396469,1.107142857118144,145,0.4332855093256815,0.5078909612625538,0.6817283800981758,B2B_Services,B2B_Services_Seasonal
6d9d0b7cda637b9b095aa706636065fcb4763232dd22cc359c91ad3aad2949b0,0.918032786885246,0.0765027322404371,0.0,0.0,0.0054644808743169,0.0,0.0,0.0,20.63506980567591,99.98392128997332,9251.196457021735,420.9146167308977,20.398022419635332,0.5234375,2.859375,0.5355191256830601,0.0,0.6486486486194302,4.228571427967347,0.3879781420765027,0.3149029456534668,8.928571425382653,15,0.6885245901639344,0.9289617486338798,0.4903954802259887,Subscription_SaaS,Subscription_SaaS
6f230057064aa791a8b86850a4d0e9cb687035146a43211538592c7ac565a581,0.6109725685785536,0.372402327514547,0.0099750623441396,0.0,0.0066500415627597,0.0,0.0,0.0,-16.61794264070956,19.578856842565592,2934.0071249578373,84.80240839922561,5.103063007357573,0.5197505197505198,5.002079002079002,1.0,0.0,0.7063829787183945,5.365079364937432,0.4937655860349127,0.3701844581198897,1.423780487783174,360,0.3532834580216126,0.4256026600166251,0.5963082437275986,B2B_Services,B2B_Services_Steady
6fb60f499b5bc6f09a17d7729a847a746595932618fad3c4d55c33f3ea44b25d,0.4763799104922924,0.5091994032819492,0.0069617105917454,0.0,0.0074589756340129,0.0,0.0,0.0,-80.06659768863406,12.777584022425003,175886.20537670617,16494.796568268142,206.01345682694776,0.920583468395462,6.518638573743922,0.7389358528095475,0.0472401790154152,0.0392764857880122,5.093939393862213,0.4912978617603182,0.6584812600008466,0.8590686274457165,116,0.5897563401292889,0.6364992541024366,0.8782327586206896,B2B_Services,B2B_Services_Seasonal
6fc7d914d592550b938f6594fd609a1643931494ec261fca1b9c2d19908db19c,0.975609756097561,0.0213414634146341,0.0030487804878048,0.0,0.0,0.0,0.0,0.0,13.30392485549133,83.49600000000001,11350.28028901734,394.2158438275445,29.631544661687748,0.4971098265895953,3.791907514450867,0.5457317073170732,0.0,0.5999999999853658,4.7543859644952295,0.5792682926829268,0.3500118991469881,6.956521737618147,23,0.4420731707317073,0.7987804878048781,0.4578636607622114,B2B_Services,B2B_Services_Steady
7081388f22e1629eb0597355f484ac2304c9da0339e31b7233acc6d427049aa9,0.8300653594771242,0.0130718954248366,0.0,0.0915032679738562,0.065359477124183,0.0,0.0,0.0,-22.661843151846025,18.27495886383264,6171.940522789048,330.0520644159905,14.56421977942524,0.5555555555555556,2.833333333333333,0.7973856209150327,0.0,0.5612244897672845,2.1224489793752603,0.4248366013071895,0.3198510594021385,1.674418604456463,13,0.6928104575163399,0.934640522875817,0.4438669438669438,Subscription_SaaS,Subscription_SaaS
70a064a8178c343b30dd63f08cc5ca2f6eaeb8b03aef59c8f9135b3570347036,0.6866591928251121,0.1028587443946188,0.0120515695067264,0.1642376681614349,0.0,0.0117713004484304,0.0224215246636771,0.0,-281.7632093568164,172.09135420791262,165843.61201683807,11257.852810677345,39.95501341703271,0.3136645962732919,11.080745341614907,0.3884529147982062,0.0114910313901345,1.5687544996343818,13.387096773923648,0.5650224215246636,0.5127709589391117,0.8121363258486611,197,0.5058856502242153,0.5728699551569507,0.7857293932801547,B2B_Services,B2B_Services_Steady
710970022f7d25c95d6fec146301a30939f6a08cac5d15d752031dd4ed610be9,0.8162205353575709,0.0,0.1658010387534958,0.0167798641630043,0.0,0.0,0.0011985617259288,0.0,-1831.4292120870184,49.31243814255184,370394.9765639503,60114.70505242128,32.82393043386531,0.1193771626297577,8.66089965397924,0.6500199760287655,0.0367558929284858,5.569553805701187,9.216326530424157,0.6496204554534558,0.7030618881866693,1.4906474820036646,361,0.1218537754694366,0.2013583699560527,0.6770810061201126,Digital_B2C,Digital_B2C_Steady
7141e3869148cf28ddf65f4ef489acecd37e6ce969d467532f3adc7fa501f29a,0.9589552238805972,0.0,0.0410447761194029,0.0,0.0,0.0,0.0,0.0,1.994847593582908,76.86449999999999,26370.78938502674,1977.235042413447,991.1709740945488,0.1791443850267379,2.8663101604278074,0.5708955223880597,0.001865671641791,3.393442622811744,3.542372881205832,0.6772388059701493,0.521926430394906,1.1717791410683502,295,0.2761194029850746,0.3451492537313433,0.4178977991398938,Digital_B2C,Digital_B2C_Seasonal
71acfcab3f1007d179e1c95a9594797f88237d8e8f06c39abb002ec671b3232e,0.6119016817593791,0.3479948253557567,0.038809831824062,0.0,0.001293661060802,0.0,0.0,0.0,0.3430499999999956,52.5,12165.1965,411.7522295611415,1200.2688166694609,0.5285714285714286,5.521428571428571,0.8266494178525227,0.0,0.5584677419298542,7.052083332966037,0.6015523932729625,0.3022938747918759,1.797029702925816,75,0.6157826649417852,0.6985769728331177,0.7323240371845949,B2B_Services,B2B_Services_Seasonal
71bf0df88bbfc263cf84f70a98adcbad180e42b70cd855d58d28a272c1caacc3,0.7082066869300911,0.2477203647416413,0.0440729483282674,0.0,0.0,0.0,0.0,0.0,-0.3596896551724119,37.05,13747.40473354232,492.29412322666445,1368.663519955989,0.7021943573667712,4.12539184952978,0.7203647416413373,0.0,0.2438563327009087,3.191082802446144,0.5714285714285714,0.4715499092705017,1.466346153810905,71,0.5227963525835866,0.6732522796352584,0.764467506795157,B2B_Services,B2B_Services_Seasonal
726d8c69b840c67874ecc2afe43ffb73a9d18e5fe179e28803d8b93f3294002e,0.735519888346127,0.0076762037683182,0.1960921144452198,0.0,0.0607117934403349,0.0,0.0,0.0,0.1695592922473378,148.38712203780952,49647.85041051438,1095.3265889268248,6459.843691318456,0.4505747126436781,6.588505747126437,0.427076064200977,0.0,0.5147991543313172,4.1732851984806265,0.6936496859734822,0.2901297411000536,1.0266393442517765,118,0.5701325889741801,0.6671318911374738,0.782664202514408,B2B_Services,B2B_Services_Seasonal
729d6ed70ab491b42afe13629b817d7b6725f36d39092c2473f45a8148333843,0.9824561403508772,0.0,0.0,0.0,0.0,0.0,0.0175438596491228,0.0,-28.913586937498312,2.394867236175948,4408.662310743714,477.0234697329814,16.49824598377113,0.8518518518518519,2.111111111111111,0.8947368421052632,0.0,0.1632653061057892,4.181818179917356,0.175438596491228,1.008934153933417,5.666666661944444,11,0.6666666666666666,0.7543859649122807,0.6033057851239669,Subscription_SaaS,Subscription_SaaS
72cd93dafbed39194d082417e7b521daa8c4742df30bba7571bb68bd703b03a7,0.8220064724919094,0.0,0.1650485436893204,0.0,0.0,0.0,0.0129449838187702,0.0,-14746.948117725944,2283.126623614492,7724211.901127308,355481.0691048507,24.105399047096306,0.7261904761904762,3.678571428571429,0.2135922330097087,0.43042071197411,0.2310756972065522,29.89999998505,0.6828478964401294,0.902176020067044,0.7518248174908093,23,0.4789644012944983,0.7572815533980582,0.5003813882532419,B2B_Services,B2B_Services_Steady
72fa9d86eb01f07ca79532e407dc248ea8ed027b058591ab535ceef4e8b66ef4,0.6504854368932039,0.0,0.0,0.0,0.2912621359223301,0.0,0.058252427184466,0.0,-5.558324615020378,60.139493363459934,69550.51479030108,4980.929177631481,896.1205963412439,0.7283950617283951,2.54320987654321,0.5825242718446602,0.0485436893203883,0.3552631578713642,9.29999999535,0.4174757281553398,1.0023743909117382,4.666666665111111,3,0.8349514563106796,0.8349514563106796,0.4108527131782946,Subscription_SaaS,Subscription_SaaS
72ff6a450ad7047758e997bbd72dc05b1c6d35df90507e968e594fc80b568bb8,0.7306519529548424,0.0182953390445767,0.250762305793524,0.0,0.0,0.0,0.0002904022070567,0.0,-99.53856366411608,612.5784922462268,3070016.5503044045,90699.1526607354,911.1961164888772,0.3114992721979621,20.049490538573508,0.1838245970669377,0.16291563815885,3.285625388913237,15.397619047435745,0.7315231595760128,0.7722782809473906,0.8750480584373798,686,0.1591404094671119,0.2395818208218382,0.7565306379467953,Digital_B2C,Digital_B2C_Seasonal
732a6a6594f9a60278e37893d1bed9542d49652830ddf70d7765feac97094347,0.7950963222416813,0.0,0.0070052539404553,0.190893169877408,0.0070052539404553,0.0,0.0,0.0,72.16019070341025,133.28792554468376,22146.99116715776,1313.7659175832673,18.206242314422227,0.305993690851735,3.602523659305993,0.3905429071803853,0.0035026269702276,1.745192307650356,4.59803921546088,0.4588441330998248,0.4935576485085474,1.4503816793339548,46,0.2259194395796847,0.4325744308231173,0.4300068770535646,B2B_Services,B2B_Services_Steady
7338602625fdd28e4a518fc28067269dc4d704baf707d64be256ff26a07bcc46,0.8823034383265208,0.0046886270738158,0.1130079345996633,0.0,0.0,0.0,0.0,0.0,-26.372110888985876,23.546228254307643,34886.53894571736,1562.1422223205243,59.23462965494338,0.2331902718168812,23.799713876967097,0.9641740803077664,0.0003606636210627,9.9160104986226,5.28247734136978,0.5982207261360905,0.4280973318136877,1.0303762512926642,4414,0.0335417167588362,0.0502524645347439,0.3684970106949091,Digital_B2C,Digital_B2C_Steady
733df0fa6b6f2b8fae71c4562697fd83d4966d97cdae723dba396f7216decaf6,0.9175,0.0,0.005,0.06,0.0075,0.0,0.01,0.0,863.8349088041016,1969.3493224259064,396134.4681345935,21080.49523228459,24.403384277702465,0.3157894736842105,3.508771929824561,0.0675,0.2125,1.580645161239334,25.66666665811111,0.7175,0.7364580744737064,0.9367088607298508,168,0.2125,0.32,0.4591129902842749,Digital_B2C,Digital_B2C_Steady
7422febaa9774c2792f462410f1a719a3d0702930c8c83e5eb8de7178320b3fa,0.5928571428571429,0.0642857142857142,0.0,0.3428571428571428,0.0,0.0,0.0,0.0,-65.36479597360699,15.275061979631785,18996.42683999129,1306.6240519126052,19.98972125974809,0.7777777777777778,2.393162393162393,0.6571428571428571,0.0,0.272727272714876,3.999999999285714,0.2928571428571428,0.95588851359143,1.38297872325713,17,0.7928571428571428,0.9214285714285714,0.6081314878892734,Subscription_SaaS,Subscription_SaaS
7540ef079ec3dfc57fb11246e1c844d7d11e3b9eb8bda417ef1f07e1d53e24c1,0.9958333333333332,0.0,0.0,0.0,0.0,0.0,0.0041666666666666,0.0,-168.12829480751338,27441.57072967458,4951231.5969711775,118616.82365721535,705.5137494016827,0.6320754716981132,4.528301886792453,0.0416666666666666,0.8625,0.6326530612029709,118.9999997025,0.9375,0.8487363225442172,0.6764705882021338,18,0.4916666666666666,0.6083333333333333,0.6195499296765119,B2B_Services,B2B_Services_Seasonal
759002b234b08ea0498f7e6cb7eac572c4c9a206ef866db8ab77ea5d770bb1ad,0.9514435695538058,0.0196850393700787,0.0249343832020997,0.0,0.0013123359580052,0.0026246719160104,0.0,0.0,-9.173716621076696,50.07939889393297,13829.509405690083,521.6604188386302,56.86467544369791,0.4097421203438395,4.36676217765043,0.6942257217847769,0.0,0.8405797101347756,4.3286713285199765,0.55249343832021,0.307645475119322,1.450777202034954,159,0.452755905511811,0.594488188976378,0.6979976559533831,B2B_Services,B2B_Services_Steady
75dcb6e3681402fc4288206bd57e31ff848a6140e4d1777d9b7a622fde3ff045,0.4567901234567901,0.1234567901234567,0.1851851851851851,0.2222222222222222,0.0123456790123456,0.0,0.0,0.0,0.7490911404794174,20.77564297418868,2816.944702508431,130.456704001825,174.15331087322664,0.7254901960784313,3.176470588235294,0.925925925925926,0.0,0.265624999979248,3.4999999990277777,0.345679012345679,0.5508879570265809,7.142857137755102,9,0.9382716049382716,1.0,0.6282578875171467,Subscription_SaaS,Subscription_SaaS
75eab1b4ff28355911bebf4993b97f1887a2f8432af403ce42a9f08cdc7e630c,0.9248826291079812,0.0093896713615023,0.0516431924882629,0.0,0.0140845070422535,0.0,0.0,0.0,1110.2613617021275,111.4825,360332.01659574464,49269.3139678323,44.37632044751552,0.7375886524822695,3.021276595744681,0.4929577464788732,0.107981220657277,0.224137931028042,13.1999999956,0.7417840375586855,0.9770084157062032,0.6249999999699519,30,0.4835680751173709,0.755868544600939,0.5333333333333333,B2B_Services,B2B_Services_Steady
7626bc6ddad0d6760735a940c0f4c6978e70779b5deb97302caa4249c1fab255,0.5477594339622641,0.1639150943396226,0.2435141509433962,0.0,0.0436320754716981,0.0011792452830188,0.0,0.0,-52.35511404383365,183.296808059613,325786.4861312784,19595.817747081237,374.28660220149686,0.6680327868852459,6.950819672131147,0.396816037735849,0.0548349056603773,0.2062588904686833,9.03550295831256,0.6155660377358491,0.6428808135342904,0.8352365415918823,222,0.2494103773584905,0.3484669811320754,0.6883083871272848,Retail,Retail_Seasonal
763662f70dd4a9ff4be0a74223832c7642d7102bd35837fb1e8ec5b046014f94,0.9486404833836858,0.0151057401812688,0.0,0.0362537764350453,0.0,0.0,0.0,0.0,-325.6971721649064,113.53499900040867,153421.58299248092,13743.999426942954,42.19870665491111,0.7690058479532164,3.871345029239766,0.4712990936555891,0.0558912386706948,0.1992753623170355,6.788235293718339,0.3972809667673716,0.6801465697437997,2.1849315067744888,112,0.3564954682779456,0.5347432024169184,0.6761462172122263,B2B_Services,B2B_Services_Steady
7655d281bc3175aadc1d12b6af9e857ca140677fcc1794cb9493de65f4730e77,0.5096153846153846,0.25,0.0096153846153846,0.0,0.0,0.2307692307692307,0.0,0.0,541.8724064313755,172.20700461230456,94993.5013862488,5164.34054156572,9.530547191877435,0.852760736196319,2.552147239263804,0.4663461538461538,0.1057692307692307,0.2093023255753109,4.333333332777778,0.5480769230769231,0.3817335939845565,4.666666665888889,20,0.7548076923076923,0.8317307692307693,0.7024590163934427,Subscription_SaaS,Subscription_SaaS
76abe47a3e9607e0d2124821038f772fd6b18eeb2e0dd1b5bce2efd0c547fa5d,0.9226549643444872,0.0652770159078442,0.0100566831230572,0.0,0.0020113366246114,0.0,0.0,0.0,23.22839506047068,217.0133659212732,335876.66884998,9517.693785949168,409.7439257888561,0.4535433070866141,17.2251968503937,0.3289449625159992,0.014993600292558,0.7208936437999987,27.336787564058632,0.8667032364234778,0.6766853153132977,1.006410256407324,867,0.1354909489851892,0.2036935454379228,0.6907347774199786,Digital_B2C,Digital_B2C_Seasonal
76f0704a337f648b3df48a3ed46a0f541a6d52b41df0dd962b8b5e42490eb5fc,0.8585526315789473,0.0625,0.006578947368421,0.0674342105263157,0.0049342105263157,0.0,0.0,0.0,-1048.259008848342,384.2949467631634,282559.6804186818,21260.831051550103,20.282039907966315,0.75,4.75,0.2763157894736842,0.0871710526315789,0.16252390057206,11.408163264142026,0.5838815789473685,0.8589960776674418,1.2731707316762642,106,0.3174342105263157,0.4950657894736842,0.6430310407790627,Mixed,Mixed
774bf25eb25ba807b9799214f58b03121b01f934fcdf28db7593e1d7c76957c7,0.72782874617737,0.2446483180428134,0.0015290519877675,0.0,0.0259938837920489,0.0,0.0,0.0,-3.892554315203625,91.5058456904772,43713.46860717921,2163.1828193959523,555.7232189130189,0.689419795221843,4.464163822525597,0.5244648318042814,0.0061162079510703,0.2409867172652658,3.541666666543692,0.6024464831804281,0.4016387400457571,0.9628099173354792,115,0.3180428134556575,0.4495412844036697,0.6485895684320502,Retail,Retail_Seasonal
77a6a95cd8fb8e4758b94370dce32355cf090dd52d1d68b83865640d96625f63,0.6741803278688525,0.2254098360655737,0.0614754098360655,0.0,0.0389344262295082,0.0,0.0,0.0,150.50254179723666,255.63791302234696,141968.09624310175,4661.6891281812495,30.97415546743344,0.5215827338129496,3.5107913669064748,0.2991803278688524,0.055327868852459,0.8484848484687787,4.741176470309342,0.5368852459016393,0.5462516391835343,1.0290697674119456,92,0.3893442622950819,0.4918032786885246,0.631214894944872,B2B_Services,B2B_Services_Steady
77f97d5f6c6487c20e3817bed9cc86b987c1cd07629712002880aa47079c4001,0.8523384130320546,0.0825013137151865,0.0273252758801891,0.0373095112979506,0.0,0.0,0.000525486074619,0.0,11.181981937929288,248.6321154653764,100318.0818452379,4561.1314777842335,407.9000931162186,0.4648148148148148,7.048148148148148,0.3068838675775092,0.0042038885969521,1.3292533659649373,11.121019107926085,0.719915922228061,0.5139748744432217,2.0123456789916427,167,0.1471361008933263,0.2270099842354177,0.5801928481345766,Digital_B2C,Digital_B2C_Seasonal
7866c121215bd75bf60498748aa127a52aa6b82d03c8938c685e53a6e55db04a,0.7968936678614098,0.1971326164874552,0.0,0.0,0.005973715651135,0.0,0.0,0.0,-0.3035289996047464,157.48679101882493,67409.56720958123,3992.0605649253566,13152.154945992785,0.7534246575342466,4.586301369863014,0.4205495818399044,0.007168458781362,0.243684992568769,5.065217391120825,0.5686977299880526,0.5343391572593699,1.6696035241922995,81,0.4348864994026284,0.5794504181600956,0.7288499025341131,B2B_Services,B2B_Services_Seasonal
786b63819f3275fd26ad8460f328f1829a253aeb7e40ee9cbdde741c454a98cc,0.7904761904761904,0.0,0.0,0.2095238095238095,0.0,0.0,0.0,0.0,-1.6099094807574486,1.0046585304962572,691.8279572703326,69.76939000402722,43.33746114584449,0.7111111111111111,2.333333333333333,1.0,0.0,0.3461538461316568,3.772727271869835,0.2285714285714285,0.9534775273319898,4.538461536715976,16,0.8095238095238095,0.9047619047619048,0.631547619047619,Subscription_SaaS,Subscription_SaaS
78891dc297a488d98b331dd22596fdc108c9f1f540b457eca138b8d32858a3cf,0.9613034623217924,0.0,0.0,0.0386965376782077,0.0,0.0,0.0,0.0,-2.44671929937909,495.4082863911237,125024.08304358464,5734.422093829168,2343.7188204822755,0.3492063492063492,3.117460317460317,0.2769857433808554,0.054989816700611,1.4673366833802175,11.274999998590626,0.6883910386965377,0.6911539154328237,1.057142857112653,60,0.6904276985743381,0.8065173116089613,0.7632382892057027,Subscription_SaaS,Subscription_SaaS
78912267a30fcf90edccbcdfa40c8ad8c078ecfe1ee3880bcb17fc6001d21d73,0.6156462585034014,0.2891156462585034,0.0476190476190476,0.0,0.0340136054421768,0.0,0.0136054421768707,0.0,-173.3022659641603,70.65207120286826,48349.23667507814,3882.44938641672,22.402761813833408,0.8461538461538461,3.0153846153846158,0.5714285714285714,0.0306122448979591,0.1620553359651767,5.681818181172521,0.6836734693877551,0.802526632313862,2.11764705866782,41,0.5034013605442177,0.6292517006802721,0.6941012141398947,B2B_Services,B2B_Services_Steady
7926c87d1725c68b748fdab8eb62748302778deb33795a51917187b164ea4f12,0.5615763546798029,0.2068965517241379,0.0,0.2315270935960591,0.0,0.0,0.0,0.0,-26.827454022988505,57.0,129057.05775862072,1188.2221238748405,44.29127424517203,0.9080459770114944,2.333333333333333,0.6699507389162561,0.0098522167487684,0.0913978494599086,4.638888888244599,0.3300492610837438,2.4434717245404265,14.5999999927,19,0.625615763546798,0.7241379310344828,0.6389073950699533,B2B_Services,B2B_Services_Steady
796730d8f5a1c8839d5a730c60639babb15879e69eca21224755a95ec042c9a3,0.8120133481646273,0.1690767519466073,0.014460511679644,0.0,0.0044493882091212,0.0,0.0,0.0,0.3269199310758998,146.09331704315557,49113.65265775359,3980.215780175223,12174.894462161765,0.4611872146118721,4.105022831050229,0.4015572858731924,0.0077864293659621,1.0156950672531873,6.368852458755375,0.6618464961067854,0.5359934521719797,1.7128205127765943,69,0.2780867630700778,0.4171301446051167,0.5992593383897732,B2B_Services,B2B_Services_Seasonal
7971cbcd62d1215bd45280a3dba6f7fa76fe1064ba4c6c1e8136e985acf6e780,0.8267543859649122,0.0635964912280701,0.006578947368421,0.0,0.1030701754385964,0.0,0.0,0.0,4.7330402256091295,21.61039698915485,6271.25203550564,264.3181872899497,55.84532861169153,0.2821316614420062,2.8589341692789967,0.8508771929824561,0.0,1.7804878048237656,2.352941176384083,0.743421052631579,0.5089871236309375,1.0479452054435634,35,0.8026315789473685,0.8355263157894737,0.8478991596638655,Subscription_SaaS,Subscription_SaaS
7a837de7b8b9fd54c0896f4896a942ad0d620eae1f7745752d1805f341054ed0,1.0,0.0,0.0,0.0,0.0,0.0,0.0,0.0,-39.23236484694556,249.0235956977916,541786.0023193045,36592.30244084706,932.7070283495513,0.5630550621669627,8.060390763765541,0.3891582194799471,0.0960775672102247,0.4145885286770119,14.648275861563851,0.6910533274570295,0.5809631207191522,1.0863905325379504,131,0.3834288232701631,0.4715733803437638,0.6886714058383994,B2B_Services,B2B_Services_Seasonal
7b1d489df9cad8c26cc044133ea5418d2f1021a0aa81252a9211288020a8f6d1,0.9965870307167236,0.0,0.0,0.0,0.0,0.0,0.0034129692832764,0.0,10.53840824799946,694.4451937199276,551407.145099102,30681.24724937493,2911.37394739718,0.7251732101616628,5.413394919168591,0.1800341296928327,0.1484641638225255,0.2935982339939647,11.87912087846818,0.6936860068259386,0.7630899125194255,1.15816326529135,175,0.3088737201365187,0.4411262798634812,0.6790853208753381,Digital_B2C,Digital_B2C_Seasonal
7b4104024a3101782d077c6b5c1930ce7b6e88170f7be61dfd5eb3f2ebdaf087,0.8521505376344086,0.0887096774193548,0.0564516129032258,0.0,0.0026881720430107,0.0,0.0,0.0,0.616689664792644,25.98315179224643,7709.732388594431,462.8504625634602,750.5403146551614,0.5441176470588235,3.647058823529412,0.8682795698924731,0.0,1.2822085889177235,4.999999999596774,0.510752688172043,0.7202243040350899,0.7350993377240033,120,0.2634408602150537,0.3548387096774194,0.5077619047619047,Mixed,Mixed
7b8e08918c8fd44652968299766aa02f612184be52f0dec7ed41dff3b9e359b0,0.8802660753880266,0.0798226164079822,0.0399113082039911,0.0,0.0,0.0,0.0,0.0,11.536956711031662,31.19738160763237,4317.443864833714,168.9048173748811,14.640326860806429,0.4280701754385965,3.1649122807017545,0.902439024390244,0.0,1.301020408130076,5.536231883656795,0.5764966740576497,0.4452469270575019,1.389705882301849,198,0.2261640798226164,0.3237250554323725,0.4670955494621387,Digital_B2C,Digital_B2C_Steady
7c3c925fb251763d2ce2cfa42f7d1b5682aee6fb95f6b93ddf827c2e64a1a7b7,0.9144736842105264,0.0,0.0328947368421052,0.0526315789473684,0.0,0.0,0.0,0.0,-50.59150754299047,55.30471040080735,11991.359297733963,506.1692783542248,10.005024614537406,0.703862660944206,3.9141630901287554,0.6140350877192983,0.0,0.2391304347793596,5.705882352521626,0.212719298245614,0.416833135156968,1.8918918918066716,29,0.625,0.8859649122807017,0.6783121597096189,B2B_Services,B2B_Services_Steady
7ca7a6bdc52f5c1c58d7b339028fcc2a09a432299107ec3fe25000063003276d,0.573943661971831,0.4190140845070422,0.0070422535211267,0.0,0.0,0.0,0.0,0.0,72.34066197183091,30.9015,70742.2533802817,12431.808970629048,171.85091523977792,0.8873239436619719,2.6666666666666665,0.7605633802816901,0.0352112676056338,0.0923076923059171,7.114285713269388,0.6302816901408451,1.2194778602800558,1.1010101009544944,36,0.6161971830985915,0.7183098591549296,0.7222222222222222,B2B_Services,B2B_Services_Seasonal
7d296056d8f23d2288815338ad1c88055b841fe51db550c707d7e718e0d55752,0.723404255319149,0.0,0.0,0.1489361702127659,0.0,0.0,0.1276595744680851,0.0,32.03348285369087,298.21884269618874,91573.2858047232,5221.172167229564,162.99108621584287,0.5576923076923077,2.7115384615384617,0.3829787234042553,0.0496453900709219,0.4536082473992985,6.833333331435185,0.425531914893617,1.1089745353767444,0.6229508196210697,15,0.6595744680851063,0.8368794326241135,0.5430894308943089,Subscription_SaaS,Subscription_SaaS
7d2af431d7c78a091485b0d158584f7dbcd3535ff0e44150fcae9039f13f938a,0.9674711437565582,0.0073452256033578,0.0251836306400839,0.0,0.0,0.0,0.0,0.0,-259.4987247400021,85.98426064062369,69564.2812280632,4855.6167084652125,18.71152435582508,0.6261127596439169,5.655786350148368,0.5351521511017838,0.0104931794333683,0.6807760141033442,3.072649572583918,0.4207764952780692,0.6662241847873698,2.28961748627624,243,0.2413431269674711,0.359916054564533,0.654507059928254,Digital_B2C,Digital_B2C_Steady
7d52113813696c00a85bf1abf89a40fd87d600e15e30e2c374d89892f38d2299,1.0,0.0,0.0,0.0,0.0,0.0,0.0,0.0,4.369013511343786,110.83606307200304,20289.833457299963,1112.630357040204,254.66397657153283,0.3875,2.125,0.4941176470588235,0.0,1.575757575518825,9.624999993984376,0.5411764705882353,0.3579600933845932,2.545454544876033,14,0.8,0.9529411764705882,0.5235294117647059,Subscription_SaaS,Subscription_SaaS
7d549599ef923734a67b0956ae572a04cb24cc87a0a067ecd55f314c2845e55d,0.9375419744795164,0.0,0.0570852921423774,0.0,0.0,0.0,0.0053727333781061,0.0,-66.67308542060422,121.22973053713592,39789.514884953736,2075.8810394999277,31.13521784829622,0.3188118811881188,5.897029702970297,0.4244459368703828,0.0053727333781061,3.2787356321367995,7.606936415965118,0.5513767629281396,0.3727699623610916,0.5409556313947018,109,0.1719274680993955,0.2565480188045668,0.5083078491335372,Mixed,Mixed
7d6946cb0965b4da561c4048eca3d7858a606a71ef676c4c452c8fe79e9198b1,0.5337589000736558,0.0120304443898846,0.4375153449545789,0.0162042720353547,0.0,0.0,0.0004910385465259,0.0,-545.1522549174805,469.7833087488911,1178099.258143071,55340.33443988366,101.51353853841324,0.4964664310954063,14.392226148409891,0.2843113184384974,0.1026270562239135,0.6443278159050377,58.028985503041376,0.5111711269334642,0.650641871882781,1.1764705882307414,338,0.2573041983795728,0.341517309108765,0.7189378340184807,Digital_B2C,Digital_B2C_Seasonal
7dac3f0cec6399aa06c68b4cf3a82469fd18ecec1118e9e8e6a156bf684d8a7b,0.9198292220113852,0.0,0.0502846299810246,0.0,0.0,0.0113851992409867,0.0185009487666034,0.0,-6.553468089480113,564.1756276842257,4835657.653398621,511633.5158340016,78070.65023702328,0.3546325878594249,6.73482428115016,0.286527514231499,0.2253320683111954,3.2075848303073093,9.810256410004865,0.7727703984819735,0.8055971079966816,0.8421052631524898,774,0.3425047438330171,0.3918406072106262,0.5797826743877695,Digital_B2C,Digital_B2C_Seasonal
7dc43f3ccbff536060f5124fadc55d084cd0571266eed45bdd0588fbc11707e3,0.9479166666666666,0.0520833333333333,0.0,0.0,0.0,0.0,0.0,0.0,-214.0704819277108,14.25,10440.463373493976,1130.0900992818613,5.279056173707731,0.7710843373493976,2.3132530120481927,0.7083333333333334,0.0,0.2467532467372238,7.72727272376033,0.3958333333333333,1.524745285249951,2.666666666031746,15,0.8645833333333334,0.9166666666666666,0.646594982078853,Subscription_SaaS,Subscription_SaaS
7dea8b1d7475745122556845356995ffbda2cf46ae1cbb36894b3a3debb553ee,0.8447937131630648,0.1473477406679764,0.005893909626719,0.0,0.0019646365422396,0.0,0.0,0.0,-133.67790895352698,265.4874911060999,64964.27102877032,3308.043342301038,24.746372590280515,0.59765625,3.9765625,0.3968565815324165,0.005893909626719,0.4378531073384484,14.9062499976709,0.7956777996070727,0.6726361298614093,3.059405940442604,61,0.3339882121807465,0.5520628683693517,0.6285210646924027,B2B_Services,B2B_Services_Steady
7ded965554f671f1ebb1c8a2d50194f0e917d093acee1f648bd1b7c3faacb778,0.9814814814814816,0.0,0.0185185185185185,0.0,0.0,0.0,0.0,0.0,11.63859828400401,8.195527936439392,5686.832649641601,354.4555447607167,30.45517473898258,0.6938775510204082,2.204081632653061,0.6296296296296297,0.0,0.4999999999305556,3.9090909073140496,0.3703703703703703,1.0759243552803064,4.444444441975309,19,0.7037037037037037,0.8333333333333334,0.5536062378167641,Subscription_SaaS,Subscription_SaaS
7e3a7fac7a24ad6e091f0fe698a30c42a043b1953b9243adb7b5a199afbad34a,0.8265582655826558,0.02710027100271,0.048780487804878,0.0,0.075880758807588,0.0,0.021680216802168,0.0,0.5629553089527424,169.61838190915867,135930.56027214264,7019.2204552065705,12468.521424159067,0.7319148936170212,3.140425531914893,0.4308943089430894,0.0921409214092141,0.4030418250873946,6.235294117035756,0.3794037940379404,0.9644638876242028,1.0925925925420097,35,0.5609756097560976,0.7208672086720868,0.690989010989011,B2B_Services,B2B_Services_Seasonal
7f008aa9d3ff3740344063bfab88d7068488783f7159d6824410a7b12d6590de,0.375,0.6183035714285714,0.0,0.0,0.0066964285714285,0.0,0.0,0.0,43.99695387468378,136.1591228006987,148213.6617283675,17453.12110825334,396.6893061278299,0.8984962406015038,3.3684210526315788,0.4397321428571428,0.0647321428571428,0.0821256038637424,4.333333333075396,0.7410714285714286,0.7859082481281727,0.9567901234272596,61,0.3928571428571428,0.4441964285714285,0.6938283510125361,B2B_Services,B2B_Services_Seasonal
7f546e4d9963a80997d7f503005bbf4f7d8130e94448a1b15c04ebb74a336aac,0.9978991596638656,0.0,0.0021008403361344,0.0,0.0,0.0,0.0,0.0,-62.08684090909088,212.28375000000003,31611.925227272728,1844.0243317242655,29.700727310756967,0.5487012987012987,3.090909090909091,0.3445378151260504,0.0042016806722689,0.852140077804433,6.43749999949707,0.361344537815126,0.4317442407245844,1.5894736841268695,42,0.2542016806722689,0.5063025210084033,0.4556822729091637,B2B_Services,B2B_Services_Steady
7f5c265e525dddf2462cf2634cdf1eee2155464571639c1a40d476cd4790a98b,0.7062863180137348,0.0036978341257263,0.2709984152139461,0.0095087163232963,0.0095087163232963,0.0,0.0,0.0,-22.168169491525425,340.4835,248669.29411016952,10661.934955984092,480.95693941939714,0.5826271186440678,8.021186440677965,0.2466983623877443,0.0369783412572636,0.3001373626363319,19.35483870863684,0.7913365029054411,0.6280902350620355,1.3020257826767772,353,0.1352350765979926,0.2255678816693079,0.6426310914812032,Digital_B2C,Digital_B2C_Seasonal
7f5e8dcd3ef3a4931dd2a64946c9ffff36d25c41c155620d64d38abdb09e856f,0.535,0.455,0.01,0.0,0.0,0.0,0.0,0.0,-129.2154063646306,97.43996859804136,20521.77130478757,1257.379803395111,9.730881468960632,0.8421052631578947,2.631578947368421,0.51,0.0,0.156069364157339,8.99999999775,0.77,0.5150072862350173,1.227272727179752,15,0.695,0.825,0.6086274509803922,Subscription_SaaS,Subscription_SaaS
7fe655150a3e6d799b200e286052d064b72e19843eb05114d6a16c100ab7724c,0.8072100313479624,0.1912225705329153,0.0015673981191222,0.0,0.0,0.0,0.0,0.0,164.26862424772335,104.03575423025886,88020.31751121985,2843.490275733609,17.31000237313985,0.7142857142857143,4.142857142857143,0.4749216300940438,0.0047021943573667,0.2941176470558406,12.020408162038734,0.7554858934169278,0.770444243716848,1.5786802030056173,59,0.4623824451410658,0.6598746081504702,0.7011327825568521,B2B_Services,B2B_Services_Steady
80437e15f080e8fa2293dd5561d5b6cdd4711f78705de2a6b8a2f6dd18e08cf0,0.8794642857142857,0.0,0.0982142857142857,0.0,0.0223214285714285,0.0,0.0,0.0,-1.2456903114908104,36.2889125038188,4137.970353130806,189.61778125206095,152.21903709192446,0.253012048192771,2.698795180722892,0.8794642857142857,0.0,3.666666666284722,11.444444441265432,0.6741071428571429,0.7171740977095682,1.531249999880371,47,0.5446428571428571,0.7232142857142857,0.641541837610915,B2B_Services,B2B_Services_Seasonal
804cd909e3b80d983b97b725418df236b229d27c95def4093a5f36186ccecd00,0.9441624365482234,0.0,0.0050761421319796,0.0,0.0,0.0431472081218274,0.0076142131979695,0.0,20.186991395164224,144.67214379620196,21206.775441351936,1957.4685436569816,96.96682900237543,0.1716417910447761,2.9402985074626864,0.3604060913705584,0.0101522842639593,2.939999999853,4.116883116615787,0.4771573604060913,0.4394330967457067,2.616438355985175,29,0.3781725888324873,0.6776649746192893,0.4643794853842114,B2B_Services,B2B_Services_Seasonal
80571bc865d0ea4c4e9ff3b11c608994466f6d013503302d77eaea9dd7a8c683,0.854818960993528,0.1147454958894525,0.0020990029735875,0.0279867063145006,0.0001749169144656,0.0,0.0001749169144656,0.0,156.71049099886156,262.1212182201281,434544.1343293634,21467.75203958097,136.9898843490129,0.4160789844851904,16.12693935119887,0.40055973412629,0.0239636172817911,0.8271013103214652,9.35688405788626,0.5438166870736401,0.6236407882331247,1.1233025529572969,762,0.3200979534721007,0.3692496064369424,0.7403779098404227,Mixed,Mixed
807d2b8fc1a3f2a06615f83d461448831550bf168a30b972fb62883d759d3c43,0.8104265402843602,0.1848341232227488,0.0047393364928909,0.0,0.0,0.0,0.0,0.0,33.29521999999999,38.0,9758.4646,903.7212282148068,27.142671769202316,0.46,2.813333333333333,0.8672985781990521,0.0,1.4823529410892733,7.115384614016272,0.4075829383886256,1.0156523918189293,15.55555554691358,30,0.5781990521327014,0.7535545023696683,0.6197278911564625,B2B_Services,B2B_Services_Steady
80cd56408e5d325d43a620111bc528a51207cf4393808fb0d3d85809008a0e3e,0.7571428571428571,0.0686411149825784,0.0003484320557491,0.0219512195121951,0.1372822299651568,0.0,0.0146341463414634,0.0,-1490.143624766627,409.9613392407404,755952.3304270668,27954.12063995969,18.75934653221768,0.5792,9.184,0.4205574912891986,0.0954703832752613,0.4516944865947099,7.996865203636412,0.5662020905923345,0.5918756967187241,1.560846560836238,107,0.5815331010452962,0.6613240418118467,0.8249336297511386,B2B_Services,B2B_Services_Steady
81147d2dfcd0774d5e1d1efd794cfd7e980ab1b17472460507d4550f02b4038b,0.75625,0.1025,0.0525,0.08875,0.0,0.0,0.0,0.0,-93.67073040342004,49.27778615856078,98078.83701443406,6729.299096731576,71.8399340651184,0.7787114845938375,4.481792717086835,0.52375,0.03625,0.2066365007525895,5.106870228812714,0.2675,0.5910257475144475,1.2739726027179117,69,0.525,0.665,0.7642346917709236,B2B_Services,B2B_Services_Seasonal
817bb03b7e42f5f3137213c30857f504a05e7ac1bc64e7a0989a0557a8a2bf88,0.7839771101573677,0.0,0.0729613733905579,0.0672389127324749,0.0,0.0486409155937052,0.0271816881258941,0.0,-4.501549848942613,128.1105,27849.91894259819,1819.7041377631645,404.2394719117033,0.2386706948640483,4.22356495468278,0.2403433476394849,0.0057224606580829,2.8833333332532405,3.820689655040666,0.4835479256080114,0.4014636257839583,2.992700729817785,69,0.2589413447782546,0.4306151645207439,0.5737718533283501,B2B_Services,B2B_Services_Seasonal
819310aef0cbd39449d0bcfd987d6069f99e39348779c0eea0a41a42727ef301,0.8088888888888889,0.0,0.0,0.0,0.1911111111111111,0.0,0.0,0.0,-0.6762189214441657,41.91633236079643,12987.86966328608,90.25551225394682,133.47084510218133,0.5643564356435643,4.455445544554456,0.7555555555555555,0.0,0.3888888888768861,3.787234042150295,0.7333333333333333,0.5188647025920926,1.3513513511687365,12,0.6,0.8666666666666667,0.3602693602693603,B2B_Services,B2B_Services_Seasonal
819dbb9883c21a563f10b67712787e10a714d6fe07f710eccdfa3161dac35674,0.738255033557047,0.0,0.1040268456375839,0.1543624161073825,0.0,0.0,0.0033557046979865,0.0,156.59197257231244,95.4766633909898,19424.40153710142,1104.780706910097,7.055155437992646,0.145985401459854,4.350364963503649,0.5246085011185683,0.0,7.355140186572189,5.1232876710574216,0.5592841163310962,0.4101133488446832,1.3661202185419092,66,0.1364653243847874,0.2706935123042505,0.3777032065622669,B2B_Services,B2B_Services_Steady
819e88b0da398b6a94670bf7c7f27138546a2b8be98b3f4ce92d343e55943362,0.5697940503432495,0.1762013729977116,0.0137299771167048,0.2402745995423341,0.0,0.0,0.0,0.0,-17.590932942958993,499.156364316156,710517.294138104,34078.27054176072,1937.2633977340224,0.6639676113360324,3.5384615384615383,0.2608695652173913,0.2585812356979405,0.3529411764651247,14.068965514815696,0.4370709382151029,0.5823052704347269,1.549019607767205,63,0.6338672768878718,0.7254004576659039,0.7457936507936508,Subscription_SaaS,Subscription_SaaS
827b2c8f5ff7c75bbf338f45fe2f7f4325b96a7f221c9ed240d1c3303ec3e715,0.995049504950495,0.0,0.0049504950495049,0.0,0.0,0.0,0.0,0.0,14.891925573723602,60.4421224617664,5637.650300046392,254.04275453108272,17.059093741963316,0.5508982035928144,2.4191616766467066,0.7277227722772277,0.0,0.7118644067494972,3.2083333329991324,0.400990099009901,0.4695955764975988,2.210526315498615,27,0.5841584158415841,0.8514851485148515,0.581958195819582,B2B_Services,B2B_Services_Steady
8287d6d1cab095a8b1ae969e70c43c640277b548e0d4d715c492d0bc7fe4e3e0,0.5412844036697247,0.4082568807339449,0.0504587155963302,0.0,0.0,0.0,0.0,0.0,-1.095476798018184,19.540429455678,34035.8051347068,1481.693279157532,1352.555588865499,0.8328840970350404,3.525606469002696,0.7171253822629969,0.0122324159021406,0.1595744680836917,3.671428571297449,0.5749235474006116,0.5422006466825318,1.3203883494825148,96,0.4327217125382263,0.518348623853211,0.7039505870841487,B2B_Services,B2B_Services_Seasonal
828bdfd07e3abb0050bff0af0d7edac753255e93fa72845b070efb4871dfd55a,0.3845422869813114,0.5856826100728539,0.0015837820715869,0.0218561925878999,0.0047513462147608,0.0,0.0015837820715869,0.0,-5467.936069918698,173.61249999999998,3256061.1201463416,206592.4728986068,37.78253261496175,0.7024390243902439,10.266666666666667,0.420019005384859,0.1903706050047513,0.1779850746265336,8.230994151926447,0.6952803294266708,0.7180866915718601,0.8293089092388456,126,0.4149509027557808,0.4656319290465632,0.8018544997616881,B2B_Services,B2B_Services_Steady
82caf9b34d055eacaa77a6a2969fe76139f1fc1987da616a54f9bea11d6f0bfa,0.925,0.05,0.0,0.0,0.0,0.0,0.025,0.0,265.61605479452,17.3775,209693.2389041096,31138.325091803334,117.23058350038204,0.821917808219178,2.191780821917808,0.575,0.0625,0.1940298507317888,3.705882351851211,0.3,1.779904347475895,7.999999995,11,0.85,0.9375,0.583732057416268,Subscription_SaaS,Subscription_SaaS
82cd524a1eb74dc3d3c02a4bfc83ee74606992e60b2f921398787255860548ad,0.991394148020654,0.0005737234652897,0.0022948938611589,0.0,0.0057372346528973,0.0,0.0,0.0,6.852440975868445,292.2747433365276,92353.22866964946,3102.6777566068263,452.78430897914666,0.2832116788321168,5.089051094890511,0.2822719449225473,0.0045897877223178,0.5646319569094945,6.114285714160933,0.8760757314974182,0.3366882221369635,0.9740484428981484,38,0.8944348823866897,0.9713138267355136,0.8624450174427423,Subscription_SaaS,Subscription_SaaS
831c504fbb84c4de84954e967161be353db175b392b9dd69e54f2cc25a52c720,0.3212045169385194,0.5721455457967378,0.0526976160602258,0.0,0.0539523212045169,0.0,0.0,0.0,9.650191213600518,61.72421151934885,36639.249918447735,2286.3294141900165,236.92063309570145,0.8230337078651685,4.477528089887641,0.6336260978670013,0.0062735257214554,0.1100278551524371,6.518867924220808,0.7076537013801757,0.5373444884338647,1.0938628158647317,67,0.6298619824341279,0.6963613550815558,0.825885700092578,B2B_Services,B2B_Services_Seasonal
8338f57c6feabbc957121e8e0b167412e4d522e94168aeb502d7ff7de69c875f,0.8021978021978022,0.1721611721611721,0.0134310134310134,0.0,0.0122100122100122,0.0,0.0,0.0,-21.119371751294864,55.73050162526551,21338.961621349805,1097.656248831879,51.97390629031572,0.6420047732696897,3.909307875894988,0.6532356532356532,0.0,0.4598930481242434,7.029411764361303,0.5592185592185592,0.5566270731257617,1.666666666629129,142,0.4493284493284493,0.5396825396825397,0.7116874689873659,B2B_Services,B2B_Services_Steady
835cb79f152b38bd1ce1127edcf84b1799dc44970609a3b09486f930a0c625b4,0.8323586744639376,0.1559454191033138,0.0077972709551656,0.0,0.0038986354775828,0.0,0.0,0.0,2.1889935479662075,10.10332421354522,3432.947482347476,236.52093308537576,108.0500818399517,0.2484848484848484,3.109090909090909,0.8927875243664717,0.0,2.2062499999310545,1.7433155079747775,0.8674463937621832,0.2604078447118417,0.98913043475573,27,0.7816764132553606,0.8031189083820662,0.8715304631777949,Subscription_SaaS,Subscription_SaaS
83a07a8f367e0a84f8da3fdb59f58c8241a42f20bebbddde8f91f72e49625833,0.9301149425287356,0.0537931034482758,0.0156321839080459,0.0,0.0,0.0,0.0004597701149425,0.0,41.160432678248426,751.3217772250259,458983.5919559111,22790.636620653728,553.7025519938376,0.4644194756554307,8.146067415730338,0.1958620689655172,0.0703448275862069,1.1969696969636516,13.309210525877988,0.5577011494252874,0.6505982190094731,2.1476014759949487,123,0.2091954022988505,0.2988505747126437,0.511953861884356,Mixed,Mixed
83eb437e4fb726948307470d659694e9e130b5b25fd3ccbe6f0e235e635b4371,1.0,0.0,0.0,0.0,0.0,0.0,0.0,0.0,23.86460221307388,6.077496849718584,3009.3351276057274,165.55880915597336,6.937421692949909,0.5882352941176471,2.088235294117647,0.8169014084507042,0.0,0.6511627906219578,4.461538459822485,0.0704225352112676,0.8302293917165525,4.666666664074074,12,0.8028169014084507,0.971830985915493,0.5035211267605634,Subscription_SaaS,Subscription_SaaS
8452530b4bcc3a0ff5ab48fac1dd09568bfbf7726ffd04ea826b574b855484b0,0.7735849056603774,0.0943396226415094,0.1320754716981132,0.0,0.0,0.0,0.0,0.0,133.5260488373008,0.9864780779722364,8940.064282313459,754.0553866761959,5.64725305051546,0.6122448979591837,2.163265306122449,0.6981132075471698,0.0,0.656249999897461,3.076923075739645,0.2830188679245283,1.2691804245141067,9.2499999884375,9,0.8679245283018868,0.9433962264150944,0.6133333333333333,Subscription_SaaS,Subscription_SaaS
846200bb592f2d9ec3a8bfe527982c0d00d8902c6512bae33362a465b33df354,0.9876543209876544,0.0,0.0123456790123456,0.0,0.0,0.0,0.0,0.0,-90.56111029411764,67.662,57318.460808823525,7071.429648308592,78.08461738776923,0.7058823529411765,2.3823529411764706,0.5493827160493827,0.0308641975308641,0.3499999999854166,5.749999998802084,0.6111111111111112,0.8434359441941379,1.3953488370470526,46,0.6296296296296297,0.7407407407407407,0.631508319914117,B2B_Services,B2B_Services_Seasonal
84a4ef164ee857e33963369349c8c3b200934da024494a0ab81256f652cbb124,0.9285714285714286,0.0714285714285714,0.0,0.0,0.0,0.0,0.0,0.0,101.57085409065355,1.5021664980045892,4093.2234470827448,229.7151605243681,2.2616247796511346,0.5636363636363636,2.036363636363636,0.75,0.0,0.7499999998828126,4.5999999977,0.25,0.8890178787011739,10.2499999871875,6,0.8928571428571429,0.9285714285714286,0.4743589743589743,Subscription_SaaS,Subscription_SaaS
84ab1340d61b517bac178c35c889ab3694799b489365d66e29b7bc68cd7f9860,0.8834080717488789,0.0,0.116591928251121,0.0,0.0,0.0,0.0,0.0,1.403198394706518,352.6228040579617,41668.6520330499,1018.7220670696108,726.0000179965132,0.4962962962962963,3.303703703703704,0.1704035874439461,0.0,0.9391304347417768,12.937499995957031,0.6771300448430493,0.6616840860197416,2.697674418290968,18,0.5695067264573991,0.8565022421524664,0.4491778774289985,B2B_Services,B2B_Services_Seasonal
84c0272068e9b96183c5c391a8188e6ab82cffdf01cfc26902d9b2c0725d27d1,0.7543103448275862,0.1077586206896551,0.084051724137931,0.0517241379310344,0.0021551724137931,0.0,0.0,0.0,229.00084984445067,37.7617306432482,61877.63703097721,4327.496121595276,18.89729284561941,0.8097345132743363,4.106194690265487,0.5797413793103449,0.0172413793103448,0.1542288557194747,3.884210526111357,0.2004310344827586,0.4686819876474238,1.6339285713556282,38,0.6961206896551724,0.8081896551724138,0.7638805251114055,Subscription_SaaS,Subscription_SaaS
851282709ba824d7ef600ae4bccf414bd7bc7e357668e36f0beeaa826f0a487c,1.0,0.0,0.0,0.0,0.0,0.0,0.0,0.0,-74.5027824074074,47.5,18715.757361111107,1472.8136098263692,19.76857188466897,0.5879629629629629,2.805555555555556,0.5676567656765676,0.0,0.5459183673330122,4.941176470103806,0.5247524752475248,0.455104001488846,3.695652173511343,17,0.5610561056105611,0.9141914191419142,0.4364201125994952,B2B_Services,B2B_Services_Steady
85472d9b2aee8d4dc53b668b5adb21159b1130fdb9ff5c644db4d0dca5f2394a,0.6506024096385542,0.2876506024096386,0.0075301204819277,0.0,0.0542168674698795,0.0,0.0,0.0,1.602339791102977,152.0621821662368,99927.46273352209,5467.035679265004,3411.907808507127,0.8567073170731707,4.048780487804878,0.4397590361445783,0.0391566265060241,0.1085141903162895,7.512820512338921,0.5105421686746988,0.6053217047187798,1.136842105233241,70,0.4879518072289157,0.625,0.7327370742465082,B2B_Services,B2B_Services_Seasonal
855cb250d4692812f1930bb2b19e0124c036a73f35fd0e6efe2310d4b11290ab,0.9133333333333332,0.0833333333333333,0.0033333333333333,0.0,0.0,0.0,0.0,0.0,-6.453808429261909,66.02015545248298,12686.899432421316,846.4278092383302,131.15167845532335,0.5537190082644629,2.479338842975207,0.6066666666666667,0.0,0.7751479289711495,5.521739129834594,0.32,0.4064128631344137,1.45054945046975,87,0.4133333333333333,0.54,0.5737547892720306,B2B_Services,B2B_Services_Seasonal
860a10748744bdcacec51b02d044cfe73f4e633197d0f2d5c3e0ded411761064,1.0,0.0,0.0,0.0,0.0,0.0,0.0,0.0,-6.8732209567466205,44.72555239602587,15918.808533184592,1302.552238091266,189.51118324191137,0.6587301587301587,3.1587301587301586,0.6884422110552764,0.0050251256281407,0.363013698617705,3.522727272326963,0.3668341708542713,0.6390311127620919,1.7499999998177085,43,0.5979899497487438,0.7336683417085427,0.6474042753112521,B2B_Services,B2B_Services_Seasonal
878a9a981f7f0b7c63da1ad0781c621ca781c64ef3247cdfc554c03bbcaefc6c,0.9368447329006492,0.0032451323015476,0.0042436345481777,0.0546679980029955,0.0,0.0,0.00099850224663,0.0,10.049478905299525,913.2999041353185,1984937.676761877,81463.13914357235,8106.205289863464,0.44,17.804444444444446,0.1657513729405891,0.1193210184722915,0.2051744885676817,12.308970099463306,0.5439340988517224,0.6348735665431724,2.04347826085846,459,0.1405391912131802,0.2069395906140788,0.6741517952360054,Digital_B2C,Digital_B2C_Seasonal
87d8f74172189ba317ac9c5bb60ff00c642605b200742d7184769ce0760ccfaf,0.9952330508474576,0.0,0.0042372881355932,0.0,0.0,0.0,0.0005296610169491,0.0,79.70670185079867,1022.0724093561614,1038856.0585652106,34363.45935495593,431.1238396862656,0.5294117647058824,11.105882352941176,0.1538665254237288,0.1750529661016949,0.4016332590935382,9.09625668437037,0.5601165254237288,0.5820442707779153,1.7314285714203266,350,0.171875,0.2605932203389831,0.6587844843897824,Digital_B2C,Digital_B2C_Seasonal
87e5c3c191cff3ee13c72724151035fee69c753c02d5c970389b847af749ffdd,0.9772985244040864,0.0,0.0227014755959137,0.0,0.0,0.0,0.0,0.0,33.6030395859046,151.37382752507418,37177.13423938091,2116.4815964597683,62.98482583455684,0.3794117647058823,5.182352941176471,0.3132803632236095,0.0022701475595913,2.2271062270654376,3.155660377284065,0.3564131668558456,0.2191342868434954,4.026315789297091,55,0.1668558456299659,0.3030646992054484,0.3531111340418945,B2B_Services,B2B_Services_Steady
880506a0d6bba15899d336bcadc09691a200b5ae48a3fecc887b210f42762e8b,0.3262032085561497,0.66524064171123,0.0064171122994652,0.002139037433155,0.0,0.0,0.0,0.0,109.63632935760062,34.14318038431048,148546.02876453448,8404.719005076628,76.6599817191651,0.7567114093959731,6.275167785234899,0.6871657754010695,0.0540106951871657,0.1486486486481921,7.095238095084518,0.5529411764705883,0.7637557688986396,1.3905967450145518,77,0.4374331550802139,0.4967914438502673,0.8191078870196018,B2B_Services,B2B_Services_Seasonal
882102a94b45cfe851fce6677cae0f300617cb695469f2dccd3115a397096a75,0.5828468792096991,0.2447238437359676,0.0987876066457117,0.0,0.0736416704086214,0.0,0.0,0.0,238.30545743127067,346.0719026730316,771494.7492425687,57486.27511782862,241.2293689580981,0.8453237410071942,8.010791366906474,0.3318365514144589,0.0960933991917377,0.1123876123873317,8.05284552829161,0.7242927705433319,0.6159704153690525,1.1299093655503785,200,0.2649303996407723,0.3632689717108217,0.7057291666666666,Retail,Retail_Seasonal
8863b5e312d40bb14b56584022063d595a158a1d595f9e636e8ebdeca2f5a5f8,0.9583333333333334,0.0,0.0416666666666666,0.0,0.0,0.0,0.0,0.0,0.901576271186445,277.3365,38734.183220338986,1622.429479320618,1799.5476513485398,0.635593220338983,2.847457627118644,0.2916666666666667,0.0059523809523809,0.4608695651973535,8.882352938564013,0.6309523809523809,0.675018216711089,1.1538461537573963,29,0.6785714285714286,0.8511904761904762,0.6502463054187192,Subscription_SaaS,Subscription_SaaS
88683dc6643e42b5b6622cc47a9260e36dff51d7ef8ea46aeaa857e0c09dc104,0.3989949748743718,0.2613065326633166,0.3105527638190954,0.0241206030150753,0.0050251256281407,0.0,0.0,0.0,-396.3923457085593,248.24622854483496,112244.15475787138,6073.797741004092,15.322691789100594,0.7655860349127181,4.962593516209476,0.3407035175879397,0.0211055276381909,0.2283950617269852,8.9499999995525,0.6814070351758794,0.616265002195364,0.9158878504530236,111,0.3517587939698492,0.471356783919598,0.7000969579444916,B2B_Services,B2B_Services_Steady
889288be1f98eb3cd038130385b1f2ea23e715dea6d22cbc8c095e039925d957,0.7872340425531915,0.0,0.0638297872340425,0.0553191489361702,0.0,0.0,0.0936170212765957,0.0,31.38844036654353,133.26013943290482,22412.689002042465,1468.2705124959991,46.77742808760999,0.2449664429530201,3.1543624161073827,0.3638297872340426,0.0042553191489361,3.234234234088548,5.438356164011071,0.6042553191489362,0.551745828121123,2.567567567394083,40,0.2595744680851063,0.5127659574468085,0.4528723404255319,B2B_Services,B2B_Services_Steady
88bd88959397e792e8cd1f1117222b584cadefb06d285005ac992a60eed8e03b,1.0,0.0,0.0,0.0,0.0,0.0,0.0,0.0,13.297265310928314,21.962177682313,26179.62036905792,2142.644473672028,161.1342198534431,0.7272727272727273,3.3057851239669422,0.73,0.015,0.2195121951152587,8.523809521780045,0.755,1.0532990181019874,4.531249999291993,55,0.525,0.68,0.6001818181818181,B2B_Services,B2B_Services_Seasonal
891b21e845f154de94c13b6d0e748d22ab66e82b00d0b8056de074b800930e94,0.7183098591549296,0.056338028169014,0.0,0.0,0.2253521126760563,0.0,0.0,0.0,-98.14688709677422,27.930000000000003,8719.474354838707,858.0796599991361,8.742810753290925,0.5967741935483871,2.290322580645161,0.6619718309859155,0.0,0.5434782608104916,9.14285713632653,0.5633802816901409,1.3207502828556217,2.312499999277344,5,1.0,1.0,0.6084507042253521,Subscription_SaaS,Subscription_SaaS
894d5e85cd0fc83e7321cbd1986fb6805c61cfb26b3eb5d3efe657f2dcb61a28,0.4105263157894737,0.5131578947368421,0.0552631578947368,0.0,0.0210526315789473,0.0,0.0,0.0,-253.42399429672267,33.910104620357174,20804.02439898941,2187.209214944752,8.630631921528082,0.9434447300771208,3.9074550128534704,0.7736842105263158,0.0026315789473684,0.0425240054866767,3.4186046510634127,0.7065789473684211,0.504459390978489,1.607655502353884,56,0.4631578947368421,0.5868421052631579,0.7817796610169492,B2B_Services,B2B_Services_Steady
8a115f938f40f7073ddf692fb5b8d23bf970872ecabb07e94b2b457e7b6dff29,0.8540095956134338,0.0219328307059629,0.0836189170664838,0.0,0.0404386566141192,0.0,0.0,0.0,0.434510344827596,142.5,79930.5784827586,3355.699621313784,7722.9451128851715,0.4551724137931034,6.708045977011494,0.4146675805346127,0.0075394105551747,0.72051886792028,36.410256405588434,0.8334475668265936,0.7116365827571229,1.13958810067346,131,0.4345442083618917,0.5661411925976696,0.7576890408513263,B2B_Services,B2B_Services_Seasonal
8a50127da97ac4cb512b4baa53661ef545a6d0c592427549e441cf7504604237,0.8571428571428571,0.010204081632653,0.1326530612244898,0.0,0.0,0.0,0.0,0.0,0.2246871794871769,51.36175,5627.028307692307,258.84877210167707,1152.0406334356223,0.3435897435897436,3.0153846153846158,0.8537414965986394,0.0,1.0275862068611177,4.999999999489797,0.3979591836734694,0.394599999366093,1.5842696628323445,24,0.4047619047619047,0.6768707482993197,0.4872448979591837,B2B_Services,B2B_Services_Seasonal
8ae08c872e9efd03378e466c51a4f517580120aab407bea852299310f60eeab4,0.8567741935483871,0.0,0.1277419354838709,0.0,0.0,0.0038709677419354,0.0116129032258064,0.0,-109.02493017456362,166.3095,39369.57508728179,3593.186028844037,32.95747149538447,0.1920199501246882,3.865336658354115,0.1935483870967742,0.016774193548387,5.981981981712523,3.144385026653893,0.5806451612903226,0.6644178555130706,0.3966666666600555,73,0.1987096774193548,0.3535483870967742,0.5064781263809103,B2B_Services,B2B_Services_Steady
8af631981640a425ca393c9789fb9a13b917f612c9ec9b4e250824d8bc47f00f,0.3173198482932996,0.5372945638432364,0.1453855878634639,0.0,0.0,0.0,0.0,0.0,214.18007235197,100.80081379998032,59255.2069113,3852.549463877645,17.98743189033354,0.7749419953596288,3.670533642691416,0.4892541087231353,0.0214917825537294,0.2320872274125227,4.136363636229339,0.4513274336283185,0.4773346844595944,1.2007722007490198,71,0.5082174462705437,0.6042983565107459,0.793313514303816,B2B_Services,B2B_Services_Steady
8ba1fe0f43598fd8dc8cdc67408dbd0f8e9e3786f683173d4c2b65709b4cc703,0.85625,0.0,0.14375,0.0,0.0,0.0,0.0,0.0,-987.9031810344828,2011.35375,264131.54612068966,6537.84842048096,6.617904007120084,0.6810344827586207,2.7586206896551726,0.225,0.3,0.4953271027805921,11.307692303343195,0.61875,0.7743747952923048,1.7608695650259925,11,0.85,0.99375,0.5590909090909091,Subscription_SaaS,Subscription_SaaS
8c0e3964c8e0eddb42b7abdbd4d6cd9a38a9fa60b97d1e12d99cbb378c9c74e0,0.9602649006622516,0.0,0.0,0.0397350993377483,0.0,0.0,0.0,0.0,-90.00188502620551,159.2993880500133,36575.53239587264,2081.162577539381,23.123544320234863,0.5619047619047619,3.834920634920635,0.4172185430463576,0.0066225165562913,0.5894736842027701,10.615384614363906,0.5629139072847682,0.7461679539712112,1.833333333269676,52,0.3890728476821192,0.6009933774834437,0.5970453387671931,B2B_Services,B2B_Services_Steady
8c5b0623a090cb18aa33c0cecce97cd931ee19273ce6e48cc43573b07d77561f,0.7142857142857143,0.1216931216931216,0.0,0.0,0.164021164021164,0.0,0.0,0.0,-683.8751181818183,57.6345,29675.273727272728,2037.3144751451143,2.97907384104253,0.9090909090909092,3.4363636363636365,0.5608465608465608,0.0052910052910052,0.0617977528072528,2.634615384362057,0.6296296296296297,0.4972693873566965,5.478260868374291,19,0.7354497354497355,0.8465608465608465,0.6764247897851137,Subscription_SaaS,Subscription_SaaS
8c779db1e4e693c0775cabd2ec65f5ddd1b939b3c2e193f3a478832d0519f0d5,0.7506631299734748,0.0,0.0636604774535809,0.1856763925729443,0.0,0.0,0.0,0.0,0.5141996757087123,102.214134319377,38241.712005352594,1742.3172962100348,3388.405992136362,0.7602040816326531,3.846938775510204,0.4774535809018567,0.0026525198938992,0.2651006711364916,4.799999999630769,0.493368700265252,0.5444835116458838,2.1016949150761275,41,0.403183023872679,0.6790450928381963,0.5772142071553341,B2B_Services,B2B_Services_Seasonal
8d2e7af0fb62101c713849a8b2f5a4703dcb3016eef378a7a3cff5417feb1155,0.7848837209302325,0.0,0.0325581395348837,0.1825581395348837,0.0,0.0,0.0,0.0,11.041111914702023,121.08264071553816,21385.963526082214,800.2811747207322,72.48193661820252,0.4025974025974026,4.467532467532467,0.3430232558139535,0.0,2.0604982206039058,4.058823529292387,0.4372093023255814,0.2742353265168218,0.8533333333143703,66,0.1593023255813953,0.2988372093023256,0.4420435885953127,B2B_Services,B2B_Services_Seasonal
8d62fd6a95ff216df813b3df6af25544e2ac789399544955e6a4ffceee2842a3,0.9473684210526316,0.0,0.0,0.0,0.0526315789473684,0.0,0.0,0.0,-471.0037428218202,65.70204576491068,28508.1910637372,2068.624991586068,4.391950219225126,0.8723404255319149,2.021276595744681,0.5789473684210527,0.0210526315789473,0.1445783132443025,2.79999999944,0.4210526315789473,0.7490511912646289,21.9999999725,7,0.9789473684210528,1.0,0.475187969924812,Subscription_SaaS,Subscription_SaaS
8e58fc88a73e23cd3df8eaa3d8fb2623bb819ba31ed817bc4ef90720d6bcc1cc,0.8991935483870968,0.0,0.1008064516129032,0.0,0.0,0.0,0.0,0.0,-61.152033707865165,4.75,3170.5257303370786,502.6682783007281,8.219976470772334,0.1404494382022472,2.7865168539325844,0.939516129032258,0.0,5.19999999935,3.35087719268852,0.5040322580645161,1.4629478738254298,7.148148146824417,28,0.4677419354838709,0.7580645161290323,0.5011520737327189,B2B_Services,B2B_Services_Steady
8e630b7ad82d77b57ec7033e32c993c5a4dd8a2732f98fbeae0cd60a8cf7afdb,0.6164874551971327,0.003584229390681,0.2831541218637993,0.0,0.0967741935483871,0.0,0.0,0.0,0.2588110693291758,62.23790000534969,9068.796750848058,342.6379729198042,1323.89221438241,0.3762376237623762,2.762376237623762,0.6702508960573477,0.0,1.818181818089991,5.804878048072577,0.5949820788530465,0.4909409439640471,1.5874999999007813,49,0.5627240143369175,0.7060931899641577,0.6613785136696188,B2B_Services,B2B_Services_Seasonal
8e8a97ee95567a591898920401d613249996a7758b097c2d22c77b937599c134,0.9801980198019802,0.0,0.0198019801980198,0.0,0.0,0.0,0.0,0.0,-79.1042719881535,44.64239770091164,33578.179662716546,2366.614149415834,29.91765286040528,0.75,2.4047619047619047,0.6237623762376238,0.0,0.2784810126406024,5.312499998339844,0.5148514851485149,0.6534395698095317,2.5714285708163267,10,0.8712871287128713,1.0,0.492079207920792,Subscription_SaaS,Subscription_SaaS
8e9ef31d8abafa5314ba085e17702fe6107b6d4aafa4c27c7cceff9ca36b3b9e,0.6813819577735125,0.2476007677543186,0.0307101727447216,0.018554062699936,0.0217530390275111,0.0,0.0,0.0,62.98515868018967,180.13919230068245,266714.4258020335,18645.437505551003,296.0290629299493,0.8498942917547568,6.608879492600423,0.3921944977607166,0.0479846449136276,0.097612359550219,12.134453781002753,0.5630198336532309,0.824178090646229,1.3935926773295928,191,0.3262955854126679,0.4248240563019834,0.7287264240206901,Retail,Retail_Seasonal
8f0f8e0abc6de964ee07ab09db09f81e59038ba33c24d09eadb87c59e296dbf0,0.8455284552845529,0.1368563685636856,0.0088075880758807,0.0,0.0088075880758807,0.0,0.0,0.0,-109.06810455128452,202.05678923930083,209118.5124634046,12084.598716706423,110.79864975480692,0.6746203904555315,6.403470715835141,0.3882113821138211,0.0535230352303523,0.3454876937085438,6.454545454382461,0.6158536585365854,0.6564937571226032,1.5067264573822117,294,0.2676151761517615,0.3976964769647697,0.6823325981838702,Mixed,Mixed
8f41c1c4b09761bc6fe0ec9bcbcd962d992e05f0d5820e5c262bf24b40d5ab14,0.9134078212290504,0.0,0.0865921787709497,0.0,0.0,0.0,0.0,0.0,-194.103920186638,94.22698522296976,16580.22623856979,1831.4623015434456,9.435473017175918,0.5535714285714286,3.196428571428572,0.5810055865921788,0.0,1.118343195233185,4.966666666252778,0.3324022346368715,0.7595531968800854,2.268292682650209,21,0.4692737430167598,0.7653631284916201,0.3923915935089119,B2B_Services,B2B_Services_Steady
8f601038062ff25285c9f0c97179916acb4c1580c452183cae1e3cd0b4f899c8,0.6625766871165644,0.2208588957055214,0.0,0.0,0.1165644171779141,0.0,0.0,0.0,-43.22945909055431,29.34082908844797,16505.40988750304,983.3751532664976,22.74780146980577,0.8012820512820513,2.08974358974359,0.5521472392638037,0.0,0.234848484839589,2.975609755734682,0.4662576687116564,0.8117361660560682,1.5192307690846891,6,0.9325153374233128,0.9570552147239264,0.5491452991452992,Subscription_SaaS,Subscription_SaaS
8f8c623bd34ace23cb79e0756d38ce67520af0abe249f28917caec718c6f19e6,0.9755268524813052,0.0,0.0081577158395649,0.0163154316791298,0.0,0.0,0.0,0.0,-1.2094372284100612,148.81413836687088,47562.400699326245,1499.4543902093706,1239.7951233753718,0.5078740157480315,5.791338582677166,0.4024473147518694,0.0,0.541928721171164,2.954301075229109,0.318830727396329,0.3835951565433971,1.2173913043345936,155,0.4031271244051665,0.5254928619986404,0.731302839324535,B2B_Services,B2B_Services_Seasonal
8f9ce9349aa502edc2b6591a5cca34882effc321b7cd594ec9eca7a19fb9a7df,0.7475247524752475,0.0,0.0272277227722772,0.2252475247524752,0.0,0.0,0.0,0.0,53.43064884091669,97.05549292071544,12965.772142326148,717.7513867328851,13.433327166502693,0.3410852713178294,3.131782945736434,0.5321782178217822,0.0,2.0606060605280074,3.4888888886950618,0.4851485148514851,0.288405650208448,1.4827586206044392,26,0.2995049504950495,0.5965346534653465,0.3282559025133282,B2B_Services,B2B_Services_Steady
8fa9a5b1b43153ed711f056e671c93ef6ab07aa42a2b3fb80e66e06482ee2958,0.791497975708502,0.0,0.1113360323886639,0.097165991902834,0.0,0.0,0.0,0.0,10.236642312411709,200.3970237099433,27502.65463768237,1364.8711885443329,133.33192130354468,0.3245283018867924,3.728301886792453,0.2348178137651821,0.0020242914979757,1.1955555555289876,2.889763779413789,0.4271255060728745,0.4189123571068788,2.8604651161127634,32,0.2672064777327935,0.5101214574898786,0.3613360323886639,B2B_Services,B2B_Services_Seasonal
900fca1ccfe2aeadeabf1892ada90f6a7bd976ff2423563074cf6ee71c251355,1.0,0.0,0.0,0.0,0.0,0.0,0.0,0.0,89.54857771029289,128.1410587089776,64332.140825306575,10340.921073045512,115.47833964873932,0.5900621118012422,2.9565217391304346,0.3991596638655462,0.0168067226890756,0.4874999999847656,7.814814813367627,0.5798319327731093,0.8210087833854337,2.15384615357002,34,0.5294117647058824,0.7310924369747899,0.6190214403518417,B2B_Services,B2B_Services_Seasonal
90a1b014809450454504de71e4a51274ab10b5ac826b1c2f36b15bb2f4b147d1,0.6444444444444445,0.0,0.1111111111111111,0.2444444444444444,0.0,0.0,0.0,0.0,14.361125461254622,209.84075,21136.317232472327,1076.6917164228162,74.97265576976773,0.2952029520295203,2.656826568265682,0.1722222222222222,0.0,2.185840707867883,2.3644859811979213,0.3694444444444444,0.1466878187062266,1.7499999998906248,22,0.3333333333333333,0.6555555555555556,0.2752525252525252,B2B_Services,B2B_Services_Seasonal
913839d7eef79f5db3cadbf59b2071afad558e034168a8dcc65cdf7ffc726e7c,0.8811881188118812,0.0,0.0,0.1188118811881188,0.0,0.0,0.0,0.0,13.97121973094171,34.5325,5232.789147982062,215.1378661983925,15.398645944129386,0.3632286995515695,3.623318385650224,0.9183168316831684,0.0,2.23199999991072,4.179487179219263,0.400990099009901,0.2823538579681444,1.5403225805830514,21,0.3613861386138614,0.6584158415841584,0.2736916548797737,B2B_Services,B2B_Services_Steady
91a8160aece69293a2b32b84a36b30daeef941e7dd156d2af21accb7501b15ac,0.9281183932346724,0.0391120507399577,0.0010570824524312,0.0095137420718816,0.022198731501057,0.0,0.0,0.0,876.5141203952783,259.8516802148484,318995.31474835,22708.81913322404,25.908104164624348,0.6910299003322259,6.285714285714286,0.3668076109936575,0.0771670190274841,0.2398427260796864,14.50819672012228,0.6701902748414377,0.6729341845525718,3.425149700496253,121,0.2822410147991543,0.4217758985200845,0.6640163813459268,Mixed,Mixed
921b9942d8b3ce335b2797d7dc2dd4e26e29584a46a4ba1e23ce94d378e4f29c,0.7738264580369844,0.0,0.1678520625889047,0.0,0.0,0.0341394025604551,0.0241820768136557,0.0,309.41087523883675,141.1092871826033,17662.303940185404,1027.961388637534,3.3223182210735773,0.1370192307692307,3.3798076923076925,0.3115220483641536,0.0014224751066856,8.630136985710264,3.506410256297871,0.5248933143669986,0.3690728921393042,0.5451127819446407,45,0.2133712660028449,0.3840682788051209,0.3630156472261735,B2B_Services,B2B_Services_Steady
9247dc3a65e3f20efb4833013cba1dc692bf655ce8f2139154f24dcdf2cfca74,0.8275862068965517,0.0,0.0,0.0,0.0,0.0,0.1724137931034483,0.0,133.61923943661975,5.567,54637.0690140845,2458.16595802476,18.39679651078081,0.7746478873239436,2.4507042253521125,0.8505747126436781,0.0689655172413793,0.3181818181577134,9.874999993828125,0.2068965517241379,1.0093882044544056,2.4999999991071427,5,0.4482758620689655,0.4482758620689655,0.358974358974359,B2B_Services,B2B_Services_Steady
9289d68f416d28d44806ed0ac463786bd25fdf767f2b80f8a58824337af0a7cf,0.9554643082754264,0.0085281111813013,0.0104232469993682,0.0,0.0255843335439039,0.0,0.0,0.0,-2.591473947973129,205.0133930262841,103445.55666073614,2420.795498764904,934.13846252126,0.4295485636114911,8.662106703146375,0.4055590650663297,0.0031585596967782,1.4504643962792163,7.076530612154636,0.8765003158559697,0.3575678167999768,0.9696969696923784,271,0.4674668351231838,0.5710675931775111,0.8195040058508694,B2B_Services,B2B_Services_Seasonal
931311dc8fd485aa61bd36bada69c55faf70337b3940906380fb0d25df951da1,0.935847785822529,0.056406802492002,0.0069035191109614,0.0,0.0006735140596059,0.0,0.0001683785149014,0.0,5.725174591194342,39.156481658729895,330043.2131646697,19077.490472349717,3332.211120403195,0.4110169491525424,16.77683615819209,0.646405118706853,0.0274456979289442,1.5810517166415017,7.708211143638503,0.6011112981983499,0.5526209552765011,1.16247379454622,2480,0.0949654824044451,0.1362182185553123,0.5127460747930346,Digital_B2C,Digital_B2C_Seasonal
942ff75ad10851088280e46313f35066aefd1eb4e6e04c8d1dc531ae66eea8c6,0.8054794520547945,0.0,0.1945205479452054,0.0,0.0,0.0,0.0,0.0,-49.22950321501334,71.67265222136884,14072.85437862511,1305.451163341282,26.51765867663655,0.2564102564102564,3.743589743589744,0.7205479452054795,0.0054794520547945,2.2589285713277265,4.530303029959825,0.5945205479452055,0.5232147620962075,1.7384615383278106,32,0.3095890410958904,0.5753424657534246,0.4206335616438356,B2B_Services,B2B_Services_Steady
94bd766e18507355023998f64dbc4741ae0b52f16130c2af1761ca06e17adaf3,1.0,0.0,0.0,0.0,0.0,0.0,0.0,0.0,48.43778571428572,343.875,59606.73642857144,1797.2400894774155,37.10409265418415,0.5816326530612245,2.6122448979591835,0.328125,0.015625,0.6410256409845496,9.666666662638889,0.65625,1.0470812659938815,0.9803921567666284,19,0.6171875,0.8828125,0.5008223684210527,B2B_Services,B2B_Services_Steady
94ed5af1252c350da14b339bac313e24e63ba5e82072aaa8cb8216293b671945,0.5037220843672456,0.0,0.2431761786600496,0.0893300248138957,0.1637717121588089,0.0,0.0,0.0,3.5911008625986454,565.7445855867356,296097.9749099494,10778.992589531716,3001.5844644685967,0.6397849462365591,4.333333333333333,0.1811414392059553,0.1066997518610421,0.3896551724070749,10.514285712783677,0.543424317617866,0.6518332212866595,0.9285714285412802,58,0.488833746898263,0.6823821339950372,0.6690191173843131,B2B_Services,B2B_Services_Seasonal
94ef075cc5b5ecf640771fa9810e660b1ac6d156a338b7860e62325996a0a636,0.8883928571428571,0.0558035714285714,0.0022321428571428,0.0,0.0,0.0,0.0535714285714285,0.0,203.45465818807105,557.046830822457,234902.13404626516,9544.82673052507,46.91377830844654,0.4831460674157303,3.355805243445693,0.3080357142857143,0.0915178571428571,0.7099236641085892,13.933333331011111,0.7366071428571429,0.7579185241987852,1.528925619771532,68,0.4040178571428571,0.6183035714285714,0.6410238623751388,B2B_Services,B2B_Services_Steady
9502ca261831320f6bc1db4264fb8ab91922985c530cbb8dff60c9aceabc4949,0.9965556831228471,0.0034443168771526,0.0,0.0,0.0,0.0,0.0,0.0,-46.78856566761752,290.34791136288965,574926.3228929006,12733.447543385731,272.1487046882716,0.4171270718232044,4.8121546961325965,0.373134328358209,0.1262916188289322,1.0591016548338168,14.836363635014877,0.6153846153846154,0.5179589791579823,1.9100529100023795,47,0.3696900114810562,0.5671641791044776,0.5837880172301266,B2B_Services,B2B_Services_Seasonal
951d7677d84a8c8cf36dbd308de1690c21fafb4c5fcb92eacb1e95313115c992,0.6578947368421053,0.0150375939849624,0.0150375939849624,0.1766917293233082,0.0,0.1353383458646616,0.0,0.0,-3.214336088784926,27.771979223119256,4941.598938516404,329.78339714011724,102.59767087355334,0.4395604395604395,2.923076923076923,0.9135338345864662,0.0,1.0305343511057048,3.0923076920698223,0.4924812030075188,0.2890525720797209,9.999999996875,27,0.4849624060150376,0.8270676691729323,0.5416318574213311,B2B_Services,B2B_Services_Seasonal
9549d6753306b182d853917f83a191887f9f300ff7e5d68bfc42e79281781e74,0.9224137931034484,0.0,0.0775862068965517,0.0,0.0,0.0,0.0,0.0,13.538723775451608,33.283127198198194,3806.790835889412,212.21580027052647,15.674727074243773,0.5302013422818792,3.114093959731544,0.9353448275862069,0.0,0.8124999999682617,5.270270269558072,0.4655172413793103,0.4426296488618832,0.7469879517622297,23,0.6206896551724138,0.9051724137931034,0.5952023988005997,B2B_Services,B2B_Services_Steady
95695bea64ccad20363cc6b144e26fa67a63ffbcfee1498f574d74f69d840117,0.9929078014184396,0.0,0.0070921985815602,0.0,0.0,0.0,0.0,0.0,445.2819344262296,85.8375,52345.8462295082,1843.7732208500136,4.140687232650502,0.3114754098360656,3.081967213114754,0.5921985815602837,0.0141843971631205,1.4521739129803402,6.4210526307340725,0.6028368794326241,1.1246957686924082,6.620689654030915,49,0.4042553191489361,0.6347517730496454,0.5799681574757563,B2B_Services,B2B_Services_Steady
95aa1d2a51ed81700d9c8563b73c089365d060101281615a7e49f6b6d94455fd,0.9712389380530974,0.0154867256637168,0.0132743362831858,0.0,0.0,0.0,0.0,0.0,79.77199999999998,57.75,26051.58253521127,1829.9483927551769,22.939733146038463,0.4741784037558685,4.244131455399061,0.6150442477876106,0.0,1.4565217390908554,8.617021275679042,0.5398230088495575,0.615804508543127,1.322147650962344,201,0.2323008849557522,0.3119469026548672,0.4439051956254363,Digital_B2C,Digital_B2C_Steady
95cc5699dcf76145cf71369486cbb6be8d1c52041db056326dbade967a57bad9,0.2905982905982906,0.6275946275946276,0.0012210012210012,0.0,0.0805860805860805,0.0,0.0,0.0,-3.4570800000000066,25.567500000000003,20023.0164,956.66797392447,276.7271718204949,0.78,4.68,0.7582417582417582,0.0,0.1296551724128989,5.999999999743589,0.8046398046398047,0.5553249364993454,1.1535714285508292,48,0.5286935286935287,0.5970695970695971,0.8152334515366431,B2B_Services,B2B_Services_Seasonal
9605f0c29c778d6c8a6e12c616de3ded9ee9f402a3049197b0008138872a3264,0.9090909090909092,0.0,0.0,0.0909090909090909,0.0,0.0,0.0,0.0,23.91321028037388,330.75,38975.47107476636,1907.1627492907796,79.75352226373789,0.7523364485981309,2.467289719626168,0.25,0.0,0.3469387755013536,4.999999999431819,0.5189393939393939,0.4375139299282624,1.1486486485710372,23,0.6931818181818182,0.928030303030303,0.6587615283267457,Subscription_SaaS,Subscription_SaaS
964070fba85c87bf211ec21b68f42b41eb64694732197876a261d22299ac9ab2,0.9577464788732394,0.0,0.0422535211267605,0.0,0.0,0.0,0.0,0.0,2.5813778287764126,19.612352444737983,4723.780217723235,381.53436237467184,147.80260241000644,0.58,2.84,0.9014084507042254,0.0,1.2187499998095703,5.454545452066116,0.2957746478873239,1.0123539834876252,3.923076921568047,26,0.5352112676056338,0.7323943661971831,0.4826652221018418,B2B_Services,B2B_Services_Seasonal
964b26191619c4868e467626829f23564efea275a2d1c26313389bc5701129df,0.8389162561576354,0.0,0.0677339901477832,0.0,0.0,0.0933497536945812,0.0,0.0,-267.4667895219733,25.150143071875185,175299.5772838176,18580.06906913906,69.4668265232158,0.4117647058823529,12.909379968203496,0.7963054187192118,0.0096059113300492,4.293350717051543,5.537842189971515,0.5120689655172413,0.7076753502778242,5.252155172357196,341,0.0541871921182266,0.0911330049261083,0.4894579151070103,Digital_B2C,Digital_B2C_Steady
973235673dbc57b24b2637bef88b305c0f435ab54a0ee5cc3a851a5e809bbcfb,0.887060583395662,0.0013089005235602,0.0865744203440538,0.0043006731488406,0.0207554225878833,0.0,0.0,0.0,-1.6032747844403492,133.93451803532304,129952.72585335693,3300.128890969044,2058.36760012248,0.386066763425254,15.523947750362844,0.4268885564697083,0.0014958863126402,0.9216672655391276,7.227692307636711,0.6359386686611818,0.3676155087721054,0.950880939666442,572,0.3474195961106955,0.4652206432311144,0.7858844711852657,Digital_B2C,Digital_B2C_Seasonal
973ac8e9e9e371d2441805f734fcd88a6f7dcf5025dd70327e90668fd3f5e797,0.9070464767616192,0.0022488755622188,0.0509745127436281,0.0359820089955022,0.0029985007496251,0.0,0.0007496251874062,0.0,7.893696907216503,53.2665,44267.00740206185,3694.997449404797,468.0946694755716,0.2969072164948453,5.501030927835052,0.6694152923538231,0.0119940029985007,3.697183098526458,5.771573603914427,0.6664167916041979,0.2263685077230872,1.0898617511395177,599,0.2578710644677661,0.3118440779610195,0.4987203425603036,Digital_B2C,Digital_B2C_Seasonal
97a3ae832b5c1a092f20b8ea6be8e3b73d217286f168280299d69007973d1e43,0.5144012127337039,0.3132895401718039,0.001010611419909,0.0,0.1382011116725619,0.0,0.0330975240020212,0.0,-1.1681487513724331,98.28243874116951,431689.7117436648,15874.1933750849,13589.188209586122,0.7888563049853372,11.607038123167156,0.5126326427488631,0.0651844365841334,0.0685745140387843,5.835924006858066,0.6258211217786761,0.6210344244475194,0.9037800687254166,307,0.4224355735219808,0.4828196058615462,0.8148903401681791,B2B_Services,B2B_Services_Seasonal
982d9d33dbdc911bdef2dc648df424c8365bded3160539930525a8d5391ba662,1.0,0.0,0.0,0.0,0.0,0.0,0.0,0.0,222.84207463570047,29.87233544306978,13640.123392651692,706.9374069334265,3.172369526972837,0.5789473684210527,2.210526315789474,0.6666666666666666,0.0,0.679999999932,7.3999999963,0.5952380952380952,0.7547847324791224,8.374999994765625,6,0.988095238095238,1.0,0.3849206349206349,Subscription_SaaS,Subscription_SaaS
99066ee6df4e0d069fe486fe1a15c59d9112b9f24c211640533443b4cfcf96a5,0.867680958967266,0.0,0.049331489165514,0.0165975103734439,0.0,0.0663900414937759,0.0,0.0,2.0060403767137767,23.074713054220453,76239.06883798487,3194.5273864221253,1592.4541736945214,0.2625368731563421,12.79646017699115,0.8275703088981097,0.0043798985707699,5.436201780375103,6.377551020353933,0.6106500691562933,0.6444435227726194,1.7280701754301753,433,0.057630244352236,0.0954356846473029,0.5515712160753511,Digital_B2C,Digital_B2C_Seasonal
99569f70ad3650feb44cfb3f789a78c1af4ae86cb642f0500f297e2c78dd09c6,0.815028901734104,0.0,0.0982658959537572,0.0,0.0,0.0867052023121387,0.0,0.0,-151.6391557377049,42.465,14262.161557377052,1906.076989126247,12.569820635888735,0.3360655737704918,2.836065573770492,0.8901734104046243,0.0115606936416184,2.4599999997540003,3.675675675178963,0.5144508670520231,0.7527403050694192,2.3249999997093758,111,0.2947976878612717,0.3641618497109826,0.3327605061709108,Mixed,Mixed
99be8d0feb26033a41bf6979681244f4dbc1b4d163d0a4b43f6ae539aa36b788,0.8333333333333334,0.0,0.1155913978494623,0.0,0.0,0.0510752688172043,0.0,0.0,37.934255725190845,42.0,4005.470267175573,162.1771547184802,4.275216465312953,0.4618320610687023,2.839694656488549,0.8844086021505376,0.0,1.0898876404188234,5.763636363112397,0.4301075268817204,0.4293921432409487,1.7384615383278106,21,0.3629032258064516,0.6747311827956989,0.2721454173067076,B2B_Services,B2B_Services_Steady
9a52dfd2730cf4d5f73e7b99e691361a4aad17c71a1f098ebdcc43991fd46221,0.478021978021978,0.0164835164835164,0.0,0.2637362637362637,0.2417582417582417,0.0,0.0,0.0,-3.823804552652677,52.71391343778301,11828.493982108112,507.2420465286872,132.65375837534953,0.7597402597402597,2.363636363636364,0.5934065934065934,0.0,0.263888888879726,3.136363636007232,0.3791208791208791,0.329743918678267,0.7758620688986326,9,0.8571428571428571,0.9065934065934066,0.5589225589225589,Subscription_SaaS,Subscription_SaaS
9a836cfec757ebcb2e1ac5a94df488a25fdcc1b558857f8d008454cc72d06b02,0.9383763837638376,0.0568265682656826,0.0047970479704797,0.0,0.0,0.0,0.0,0.0,9.827570915619486,208.7245,321369.05466786365,19551.615636136758,1989.465737170888,0.466786355475763,9.730700179533214,0.3287822878228782,0.0302583025830258,0.5810968494732174,1.6965174129268832,0.5830258302583026,0.4620679108583738,1.3465753424565303,304,0.2763837638376383,0.3756457564575646,0.7322080110552164,Digital_B2C,Digital_B2C_Seasonal
9a8b3fdee96a2ecbc1e68b6678dc3326c7cfe43110d87fb678d78ed10f3b96dd,0.4671052631578947,0.0,0.0,0.5296052631578947,0.0,0.0,0.0032894736842105,0.0,-172.72716460717126,235.47462384921533,166867.6778090746,9998.582585395428,57.88656698878876,0.7986577181208053,4.080536912751678,0.3059210526315789,0.0921052631578947,0.1135531135510338,20.714285706887757,0.1085526315789473,0.7308170586945932,0.2786069651671988,5,0.7697368421052632,0.7697368421052632,0.629059829059829,Subscription_SaaS,Subscription_SaaS
9a9618799fe119daf7464c8d64ede9479bc33cafdafefd1a4c519f97c0812cf4,0.8361858190709046,0.0,0.0684596577017114,0.0855745721271393,0.0,0.0097799511002444,0.0,0.0,26.23421926366821,153.33583006861352,23579.89185828037,1311.0669269711332,49.97545050967368,0.242063492063492,3.246031746031746,0.1711491442542787,0.0,4.9275362315269895,5.816666666181945,0.5403422982885085,0.4650630212674139,0.8529411764287773,34,0.293398533007335,0.5843520782396088,0.4452035092765712,B2B_Services,B2B_Services_Steady
9ad638466c16bc3ff0463ceb5b23b8fe2af522fb061fdaa46e41b9cc2d4a8830,0.9358407079646016,0.0,0.0,0.0353982300884955,0.0,0.0,0.0287610619469026,0.0,-213.97079553903356,861.8399999999999,162410.95605947953,7866.423400369666,36.764005013791696,0.6282527881040892,3.3605947955390336,0.3606194690265487,0.0663716814159292,0.5167785234812621,7.692307691568048,0.4889380530973451,0.4843323498263092,2.358695652045723,38,0.3628318584070796,0.6393805309734514,0.5623918952310354,B2B_Services,B2B_Services_Steady
9b8f900579c2f70c3eeee1e2eed93de4465dd93db5acb4c5e5b226c08932488e,0.7073170731707317,0.0,0.024390243902439,0.2601626016260163,0.0,0.0,0.008130081300813,0.0,-75.65144067694696,136.38875116383377,28032.489222269174,2374.402868333302,31.386089237332747,0.1991150442477876,3.265486725663717,0.3604336043360434,0.008130081300813,2.9255319147380034,3.054945054777201,0.4010840108401084,0.4713827609132386,2.025641025511177,28,0.4173441734417344,0.7344173441734417,0.5002903600464577,B2B_Services,B2B_Services_Steady
9c6eddbf1f6f4615054607fd735a9dc680c5a7c8f417b8b26ac9682a2fb5d804,0.9950225525066068,0.0,0.0042521906729985,0.0,0.0,0.0005563613964671,0.0001688954239275,0.0,146.00696556473807,43.44349999999999,1319983.9513636364,42240.38800828966,289.3039235629319,0.3236914600550964,277.28374655647383,0.7143183579390784,0.002841417131957,0.4525644355932365,67.33265444647884,0.8845450752081387,0.6501471474920971,0.873045569958427,6111,0.5465952669541201,0.6353647147654341,0.8718223044895838,B2B_Services,B2B_Services_Seasonal
9ce3bda8c27d17c3267abc076d5e6c74fb5d023fd95ea5ba01028ae72a6586ce,0.9610516066212268,0.0331061343719571,0.0054527750730282,0.0,0.0,0.0,0.0003894839337877,0.0,-417.2986579081022,403.3314470064173,2260444.0701840166,98116.77242604842,235.12362324756035,0.4812734082397004,19.23220973782772,0.2703018500486855,0.1224926971762414,0.3092809790919055,39.11718749847199,0.5951314508276534,1.0008718024295775,1.3150769230728767,431,0.22317429406037,0.3106134371957156,0.7198101657828865,Digital_B2C,Digital_B2C_Seasonal
9d33f07d37b6d4c13cdb3fd68d3126c18188c5f9bd1442717f1d8d3ac9c8327b,0.6424116424116424,0.0623700623700623,0.2744282744282744,0.0,0.0207900207900207,0.0,0.0,0.0,-8.423272162696898,65.42619775432249,11486.02121800172,386.2425974965952,45.85422263197877,0.275092936802974,3.576208178438662,0.7733887733887734,0.0,3.294642856995775,9.234042552209145,0.6299376299376299,0.469908505648503,1.3055555555102236,148,0.2494802494802495,0.3659043659043659,0.5237211460387426,Mixed,Mixed
9e6f719767f3d1ccee7a6a5c3eeb820c1cfdb9f588eecb80eedebdda0e6dca74,0.8755980861244019,0.0,0.0127591706539074,0.0255183413078149,0.0861244019138756,0.0,0.0,0.0,-62.689055293768064,535.2999493577461,117524.09745301696,3874.984765145816,61.81277970084359,0.4163265306122449,5.118367346938776,0.2647527910685805,0.0,0.6243523315981302,10.399999999054549,0.8995215311004785,0.5910739146119142,1.470588235254797,83,0.4944178628389155,0.5996810207336523,0.6963545500329291,B2B_Services,B2B_Services_Steady
9e7b245f33dc66227a4148bd1b52616eaf243f7c9f8129d9ddba4792126bdbd1,0.8116279069767441,0.0976744186046511,0.0232558139534883,0.0581395348837209,0.0093023255813953,0.0,0.0,0.0,31.85786301369873,145.39350000000002,163716.16684931505,10329.616608541082,324.24072515023965,0.821917808219178,2.9452054794520546,0.4232558139534884,0.1046511627906976,0.1878453038648087,7.958333332504341,0.413953488372093,0.6183802008120065,1.9780219779132957,46,0.4604651162790698,0.6953488372093023,0.6720967192643887,B2B_Services,B2B_Services_Seasonal
9e9d98e63099baff42d5554cb728148a25b975bd4e266b79eb5da3a6b906f7f3,0.9933980582524272,0.0,0.0066019417475728,0.0,0.0,0.0,0.0,0.0,818.1665538453581,318.1821599102156,496504.8945581656,22202.979910823426,27.13748173424924,0.2727272727272727,10.887949260042284,0.2166990291262135,0.047378640776699,1.7569593147657552,50.49999999495,0.8151456310679611,0.1655238754211126,1.6840579710022896,294,0.4489320388349515,0.534368932038835,0.7857724060497986,B2B_Services,B2B_Services_Steady
9ee23f6c812b610a2c1bb4b9058c846bb2d0a35f3d3c063de7f115a88d78104b,0.9948453608247424,0.0,0.0051546391752577,0.0,0.0,0.0,0.0,0.0,-18.14885594890488,78.16816237134309,27145.237898739644,1211.7726139882727,66.76853994169846,0.7916666666666666,3.2333333333333334,0.5309278350515464,0.0051546391752577,0.503875968972718,10.411764702820069,0.6701030927835051,0.7133898116365818,1.283582089456449,46,0.4432989690721649,0.6649484536082474,0.5531151949798296,B2B_Services,B2B_Services_Steady
9fb93e31da214397fd1c9013948dac4de06468977f3c193c760f97c10278f6d6,0.9721254355400696,0.0,0.0156794425087108,0.0,0.0,0.0087108013937282,0.0034843205574912,0.0,13.31059644042548,242.71840232006736,214053.08924801453,6959.643410188726,522.8648795799272,0.4227129337539432,3.6214511041009465,0.2264808362369338,0.0452961672473867,1.1908396946337625,8.111111110467373,0.5627177700348432,1.66340685166924,0.9803921568387158,64,0.2909407665505226,0.4825783972125435,0.5307600174216028,B2B_Services,B2B_Services_Seasonal
9fe6b4fc2f6046267b2ee117213ca1b892079c23b2e42b41d7efe17a08ecf4fd,0.9598746081504702,0.0,0.0194357366771159,0.0200626959247648,0.0,0.0,0.0006269592476489,0.0,48.92735629453684,176.9355,72136.7942280285,3240.865249767929,66.23830704434397,0.2612826603325415,7.577197149643705,0.1398119122257053,0.0043887147335423,5.995614034956237,6.152466367575057,0.5498432601880878,0.4440292407326635,0.3074074074045611,144,0.0909090909090909,0.1617554858934169,0.3929771856495994,Mixed,Mixed
a06119e565aa8b93c435cab6089fb7dc14ca81a093de10141d70206669869d32,0.7542857142857143,0.2457142857142857,0.0,0.0,0.0,0.0,0.0,0.0,-4.004595921170015,21.043803687150863,4287.817981804689,253.0209838326073,63.18265018030986,0.6666666666666666,2.845528455284553,0.8914285714285715,0.0,0.3461538461405325,3.268292682528257,0.4685714285714286,0.5179022895335377,1.886363636149277,20,0.7028571428571428,0.84,0.6582278481012658,Subscription_SaaS,Subscription_SaaS
a07c5795c6797ad35293ea615365332c1e8ef55bdddc49b2d0a40f986748a589,0.7661469933184856,0.1002227171492204,0.0,0.133630289532294,0.0,0.0,0.0,0.0,-372.5583933513692,262.56112455594905,224877.35756375224,15029.47234911364,40.34125285304082,0.6711590296495957,4.840970350404312,0.3429844097995546,0.0746102449888641,0.2902298850553863,4.831168831011975,0.4409799554565701,0.5029873498008601,2.037190082602537,65,0.4287305122494432,0.5712694877505567,0.6612868439971243,B2B_Services,B2B_Services_Steady
a09995e3807b797c68432f48230ccd65c475c5ad2feb84d5a4b07c8760f5b783,0.8775510204081632,0.0408163265306122,0.0068027210884353,0.0,0.0748299319727891,0.0,0.0,0.0,-100.8969905660377,34.7605,33037.721603773585,1990.0227828114864,19.723311581942287,0.7547169811320755,2.7735849056603774,0.6394557823129252,0.0,0.2457627118539931,3.083333332905093,0.272108843537415,0.6295028496437632,5.411764704290658,21,0.7210884353741497,0.8843537414965986,0.6291079812206573,Subscription_SaaS,Subscription_SaaS
a0afd37bf7456c6dcbea9b8cf49e2f23865fdf17bd90c6120ad96f88390d473f,1.0,0.0,0.0,0.0,0.0,0.0,0.0,0.0,18.714888888888883,1.05,5190.779999999999,583.6865570813968,31.188352772751468,0.3888888888888889,2.1481481481481484,0.6379310344827587,0.0,1.319999999736,4.7999999976,0.3793103448275862,1.3650952353035213,10600000000.0,4,1.0,1.0,0.3793103448275862,Subscription_SaaS,Subscription_SaaS
a11ca40d1c4592e9374c4f7c2b83850ec1003257b9d7f8e950d0831fc781476f,0.703862660944206,0.0,0.296137339055794,0.0,0.0,0.0,0.0,0.0,1.8098861147430627,62.08188292173047,18497.35100077561,508.3019346089541,280.84746750634065,0.5031055900621118,2.8944099378881987,0.5708154506437768,0.0,1.1181818181309915,5.472222221462192,0.5708154506437768,0.8425642953169449,2.348837209029205,76,0.5622317596566524,0.6437768240343348,0.6061102326632031,B2B_Services,B2B_Services_Seasonal
a130cf4c1fc910e0ca8382b70982dac72e656b2ad5f7110909e93e38d0a7f718,0.8076923076923077,0.1923076923076923,0.0,0.0,0.0,0.0,0.0,0.0,-50.71057031249998,26.2395,10361.693671874998,815.2124160477756,16.075788752982543,0.8515625,2.84375,0.7912087912087912,0.0,0.1165644171743385,7.666666664841269,0.5879120879120879,0.6163594495169987,1.6578947366239614,24,0.6208791208791209,0.8241758241758241,0.6002380952380952,B2B_Services,B2B_Services_Steady
a15bf4769be979db36d36eb9547ea33fd5110e2b12bac4ea07e1ba5a8154eef2,0.8044280442804428,0.0,0.1918819188191882,0.0,0.0,0.0,0.003690036900369,0.0,1.4076594094135435,237.41653400461857,39722.77949762294,2257.181977122165,1603.5000696848588,0.2843601895734597,2.5687203791469195,0.2619926199261992,0.011070110701107,2.5657894735154083,5.022222221664198,0.7416974169741697,0.4872097463832239,1.111111111042524,145,0.4354243542435424,0.4833948339483395,0.4507952665733554,B2B_Services,B2B_Services_Seasonal
a20d1f827e8dfadbcf8086a47c80cf715afeafa252d3db37b9ac0cb5b9b561d3,0.9154518950437318,0.0553935860058309,0.0029154518950437,0.0,0.0262390670553935,0.0,0.0,0.0,12.334595594969532,139.27912416719724,35586.84058692639,1207.5300452257015,97.89782202013944,0.6683937823834197,3.5544041450777204,0.4431486880466472,0.0,0.3450980392089196,9.088235292781144,0.7346938775510204,0.8763658302105138,0.8828828828431133,63,0.4081632653061224,0.5947521865889213,0.6184704184704185,B2B_Services,B2B_Services_Seasonal
a27aeda587fe3d135f977cd2bb76aa426497ad48f385046198bd40c06216c47c,0.8368121442125237,0.1366223908918406,0.0,0.0,0.0265654648956356,0.0,0.0,0.0,-4.456544200508878,87.14411706239244,39684.21671957803,2014.9133450955624,452.1246171740516,0.7489177489177489,4.562770562770563,0.538899430740038,0.0056925996204933,0.1950113378662697,4.606382978478384,0.4876660341555977,0.49923102058058,0.971264367788182,51,0.4952561669829222,0.6527514231499051,0.6771879483500718,B2B_Services,B2B_Services_Seasonal
a30bf9363cdf792cb9c5d639ad6fab8ab75a9eaf5e98957da30fe97acbb5cbec,0.8776371308016878,0.1054852320675105,0.0084388185654008,0.0,0.0042194092827004,0.0,0.0,0.0042194092827004,-12.33569547834936,156.1378596992059,15722.558954963592,585.1117409353534,47.43240796499648,0.5418994413407822,2.64804469273743,0.4430379746835443,0.0,0.7173913043218336,6.406249998999024,0.7088607594936709,1.4621402142012063,2.2758620687693223,14,0.810126582278481,0.9493670886075948,0.631004366812227,Subscription_SaaS,Subscription_SaaS
a35385aeba056fd8dfc92c5eec89709a7065319eb13097b25a8cbc303b28dcd6,0.8222222222222222,0.0,0.0,0.1777777777777777,0.0,0.0,0.0,0.0,-3.849478031669679,56.64450358595102,18922.543948913863,866.702152855059,225.14796641861977,0.635593220338983,2.288135593220339,0.5259259259259259,0.0,0.5168539325552329,11.272727267603305,0.3777777777777777,0.7330601737474484,3.681818180981405,11,0.8666666666666667,0.9925925925925926,0.4969696969696969,Subscription_SaaS,Subscription_SaaS
a36bfdb5b3a7e7f84b339d658cec793609c92b7325958090797014370a954d77,1.0,0.0,0.0,0.0,0.0,0.0,0.0,0.0,-96.71247513781223,5.941242313739172,3119.5432764938328,677.1908400374896,7.002104320073422,0.875,2.0,0.9642857142857144,0.0,0.1428571428425656,5.99999999625,0.0357142857142857,2.2832713937968125,14.9999999625,3,0.5714285714285714,0.5714285714285714,0.4583333333333333,B2B_Services,B2B_Services_Steady
a4060ddcc92a4f0a9aedbc6889937cb9a8a1cae5fe1aa08398310ecdcbd23d79,0.6139962001266625,0.353546548448385,0.0291323622545915,0.0018999366687777,0.0012666244458518,0.0,0.0001583280557314,0.0,-1095.335431692729,260.03432414521467,1906397.6037248787,76850.90508979578,70.16198222523393,0.7843426883308715,18.658788774002957,0.3481633945535148,0.0949968334388853,0.0820627034434794,7.387782204466217,0.4783090563647878,0.6668463526220205,1.0181077410569983,638,0.2230842305256491,0.2678910702976567,0.7370532037090592,Retail,Retail_Steady
a4212a02a5c02807d03c940db4acc9ecf5a09c8995aea46dc22a760eb95d23b8,0.9462595419847328,0.0,0.0534351145038167,0.0,0.0,0.0,0.0003053435114503,0.0,-313.09264716636187,252.945,337403.7352102376,15180.428298842691,48.48541936627375,0.2595978062157221,11.974405850091408,0.2714503816793893,0.0317557251908397,7.007334963239519,56.4561403459249,0.6048854961832061,0.6164278531748779,0.8586601307154467,145,0.2711450381679389,0.4225954198473282,0.6951429323506186,Mixed,Mixed
a4b592552c86ed57171b809dceafb47ea20707bd116752237475831affd8dce5,0.7397476340694006,0.2555205047318612,0.0047318611987381,0.0,0.0,0.0,0.0,0.0,21.447585936174853,122.1924984857356,96169.69062051729,3778.882848429439,176.19152374131866,0.7393767705382436,3.592067988668555,0.4747634069400631,0.0394321766561514,0.312629399582685,7.342105262674861,0.5536277602523659,0.7294701992714449,0.8794642856946548,81,0.4132492113564668,0.5457413249211357,0.6905469946832478,B2B_Services,B2B_Services_Seasonal
a4dd52de2c635b2f8cbc6e7bbc6c8c97d2d1eafbb279a11f38d953775fbb49ae,0.8023809523809524,0.0952380952380952,0.0,0.0,0.1023809523809523,0.0,0.0,0.0,-4.882661166414799,75.12169290860216,12758.35848035001,713.8824895574464,146.2076649933818,0.2644927536231884,3.0434782608695654,0.6238095238095238,0.0,2.134328358129316,2.818181818053719,0.7761904761904762,0.2366484569806285,1.338582677112654,34,0.7642857142857142,0.8238095238095238,0.8272841051314143,Subscription_SaaS,Subscription_SaaS
a50ab51196ec025849a451b1fa55a8127c1f4925f410154ed79c35290eab27a3,0.3900481540930979,0.579454253611557,0.0240770465489566,0.0,0.0064205457463884,0.0,0.0,0.0,11.484067440800215,31.3742826552734,15398.845883811482,923.204613524552,80.39003754372953,0.7882736156351792,4.058631921824104,0.7897271268057785,0.0,0.2766393442594607,4.66363636342438,0.6837881219903692,0.6364439017698001,0.8755186721810059,101,0.4269662921348314,0.4815409309791332,0.7064356435643564,B2B_Services,B2B_Services_Seasonal
a51bf083a08f3937f9fd98924df2193b50f8ec378ddc33ed56b438ab1c1ffc6b,0.9623383923552558,0.0022484541877459,0.0157391793142214,0.0095559302979201,0.0101180438448566,0.0,0.0,0.0,-29.20980310405297,205.0742688149491,216480.2237908833,4646.456444056112,159.07181660600375,0.3991031390134529,7.977578475336323,0.3642495784148398,0.0505902192242833,0.4924496644274646,22.4078947353679,0.8459808881394042,0.6380632864251571,1.7932489451287632,330,0.1905564924114671,0.267566048341765,0.6642777520536434,Digital_B2C,Digital_B2C_Seasonal
a52e3b64249b78c75a3a8af435b9d4b87b4fddf61a6732d158b2562a27374991,0.4116331096196868,0.3959731543624161,0.0782997762863534,0.0559284116331096,0.058165548098434,0.0,0.0,0.0,-1.154067991860434,44.81897048911207,11649.695711524304,1169.9080591355248,1013.725410677322,0.7740863787375415,2.9700996677740865,0.727069351230425,0.0044742729306487,0.2081081081052958,5.040540540199963,0.5413870246085011,0.6757994144973402,1.042682926797479,40,0.4765100671140939,0.5794183445190156,0.6984756097560976,B2B_Services,B2B_Services_Seasonal
a55655e1f3f5691a648c89ee6960e4724538e877c8a95cb321db1c5da12e4ede,0.7098121085594989,0.2400835073068893,0.0020876826722338,0.0480167014613778,0.0,0.0,0.0,0.0,-0.5691753580265927,22.491223420766698,7544.805545831668,307.4610675063879,540.1868822475516,0.7441860465116279,3.1827242524916945,0.7160751565762005,0.0,0.2705570291741305,3.518867924362317,0.4363256784968685,0.4027629676718648,1.4125874125380211,90,0.5741127348643006,0.6617954070981211,0.7291187739463602,B2B_Services,B2B_Services_Seasonal
a56b3fc48e14d4aa3ccffb1a92904b226f67ca6f42a896ec99afd21a9b2ec1b2,0.592156862745098,0.0705882352941176,0.3215686274509804,0.0,0.0156862745098039,0.0,0.0,0.0,-0.1888250482451212,20.328990701338626,4282.147469096076,225.94716844296184,1196.5952535264198,0.3317307692307692,2.451923076923077,0.8509803921568627,0.0,2.2278481011248195,1.9999999998823528,0.5215686274509804,0.2137375268276187,1.6164383560536686,101,0.3019607843137254,0.3803921568627451,0.4578185091236396,Mixed,Mixed
a62a190d1f045bc62f58b39ed7d48864132751cf7f30cae53fbafb47a8aefed1,0.1363636363636363,0.7424242424242424,0.0,0.0,0.1212121212121212,0.0,0.0,0.0,-235.99190738419372,38.15508000156554,7471.293135212119,358.91703353582074,1.5208870401487815,0.9333333333333332,2.933333333333333,0.7575757575757576,0.0,0.0476190476152683,6.333333329814814,0.803030303030303,0.7695547250920223,0.9130434780623818,5,0.9545454545454546,0.9545454545454546,0.6984126984126984,Subscription_SaaS,Subscription_SaaS
a6d1c84416de5e7fab9aadacbe8d4775d5a09075fac31c26c7cb4c73b61a027f,0.9534883720930232,0.0,0.0403100775193798,0.0062015503875968,0.0,0.0,0.0,0.0,-153.44800159508364,250.65336169123773,144310.2556396079,10470.995369005288,68.23806930997783,0.1734104046242774,3.728323699421965,0.2356589147286821,0.0573643410852713,6.588235293730103,17.970588232651387,0.7488372093023256,0.7541801432624518,1.384999999965375,178,0.4418604651162791,0.5627906976744186,0.6558575037017681,B2B_Services,B2B_Services_Steady
a6e3fba685c758b94ffd8c2a8da9f5d3eebd0ff848434b4484a11de777f1fd4d,0.7555555555555555,0.0,0.0,0.2444444444444444,0.0,0.0,0.0,0.0,-298.158670192539,29.96353811247124,27357.89145394455,4606.8890766039785,15.45113235672309,0.8125,2.4107142857142856,0.8,0.0148148148148148,0.18421052630771,3.8214285707461735,0.2148148148148148,1.2100629707204158,1.461538461351085,32,0.6962962962962963,0.8074074074074075,0.6280092592592592,Subscription_SaaS,Subscription_SaaS
a71c250f081971b22d82c2d8d0ec443870b93856c87d0723c34cf8b3592953dd,0.3858267716535433,0.0,0.5590551181102362,0.0,0.0551181102362204,0.0,0.0,0.0,0.9640397143606988,494.0847165376764,73852.63737234517,3276.4459911550825,3398.662843824047,0.6046511627906976,2.953488372093023,0.3307086614173228,0.0157480314960629,0.4269662921108446,6.0555555538734565,0.5039370078740157,0.4601984325130293,1.0294117645544985,24,0.5354330708661418,0.8110236220472441,0.5388888888888889,B2B_Services,B2B_Services_Seasonal
a72e4bc4eaae238c4fcd118d680cf4f8636fd0f75d366607595b5f8b835268c8,0.9903846153846154,0.0048076923076923,0.0048076923076923,0.0,0.0,0.0,0.0,0.0,47.02969811320756,128.0265,32324.37283018868,1827.2653349328716,38.85343533666396,0.3584905660377358,2.616352201257861,0.4471153846153846,0.0,1.285714285643642,4.621621620997079,0.6346153846153846,0.5166896495336339,1.275362318748162,33,0.5673076923076923,0.7692307692307693,0.6043039086517348,B2B_Services,B2B_Services_Steady
a78953c1ca2a727561d8913c20b41123baf0c6ed03de809d08edfd2aca918f18,0.6767857142857143,0.3196428571428571,0.0,0.0,0.0017857142857142,0.0,0.0017857142857142,0.0,-91.83391790932907,35.24408982111211,46235.147662588446,3506.3223267549274,38.1811252987707,0.7844311377245509,3.3532934131736525,0.5839285714285715,0.0017857142857142,0.1666666666649305,4.656565656330477,0.5071428571428571,0.2415024976926415,1.949999999930357,25,0.7589285714285714,0.8732142857142857,0.74152133580705,Subscription_SaaS,Subscription_SaaS
a7bcef4130c1888957ff252784456105fed4464ed10d2124b56b3166614e8b75,0.5292397660818714,0.0,0.4210526315789473,0.0,0.0497076023391812,0.0,0.0,0.0,48.928330276469865,-50.36361007516704,-7832.149976978048,99.38327354346671,2.031201002805304,0.3484848484848485,5.181818181818182,1.0,0.0,0.6847290640225436,1.8264462809162625,0.3771929824561403,-0.2922406360026159,0.7682926829034057,28,0.8625730994152047,0.9298245614035088,0.7823725981620718,Subscription_SaaS,Subscription_SaaS
a7bd79c620481b3258cb7b5e6f74f68acfda970839147ad33d468c52c57f1ac4,0.9270568278201866,0.0712468193384223,0.001696352841391,0.0,0.0,0.0,0.0,0.0,2.653910288022276,19.562023275947528,20965.848538162903,809.8507949960625,305.153793479596,0.4181494661921708,8.391459074733095,0.8189143341815097,0.0,1.5085106382898483,4.574468085052311,0.5720949957591179,0.3236584155577499,0.9349693251476384,921,0.191687871077184,0.2654792196776929,0.5439406985395161,Digital_B2C,Digital_B2C_Seasonal
a8498109547b7061f7c22942dc738c1d1de6a7ecd040c1ca7184485c1e4c908c,0.5438247011952191,0.4292828685258964,0.0059760956175298,0.0,0.0209163346613545,0.0,0.0,0.0,1.8696400362736076,103.19645295776527,78742.04109859011,3251.2620531019315,1738.977542539295,0.8037383177570093,4.691588785046729,0.4890438247011952,0.0189243027888446,0.1853600944499093,5.048192770932284,0.5129482071713147,0.4198478005163957,1.2037617554670257,101,0.4790836653386454,0.5737051792828686,0.7733167682965479,B2B_Services,B2B_Services_Seasonal
a86373897d4dae8db900a5e926ac0e30c789d610e9816ebabde3060b5bb5c1ce,0.928030303030303,0.0,0.0681818181818181,0.0,0.0,0.0,0.0037878787878787,0.0,-4.212868624741764,183.94452212269616,265622.0203714648,11485.704454548591,2726.3381439978443,0.2234042553191489,2.8085106382978724,0.4242424242424242,0.1401515151515151,2.999999999772727,11.571428568673468,0.5833333333333334,0.9070531088153329,2.062499999838867,65,0.5909090909090909,0.7386363636363636,0.6763403263403264,B2B_Services,B2B_Services_Seasonal
a87b0da5c9f3e126472d93455eca7fd140ff784753d81af86ad8cd7e450f22c6,0.9322638146167558,0.0,0.0641711229946524,0.0,0.0,0.0,0.0035650623885918,0.0,-268.5476242812073,111.67556465200153,39608.25966412053,3062.462734120918,11.403797528292596,0.1347305389221557,3.3592814371257487,0.4331550802139037,0.017825311942959,5.925925925560128,6.285714285306122,0.6987522281639929,0.5214183578301596,1.2637362637015457,59,0.2174688057040998,0.4313725490196078,0.4940330523580772,B2B_Services,B2B_Services_Steady
a921c54b47a5707f3984cf373195cf3f45a74fddf7860a1333948407e739c64a,0.5983651226158038,0.3934604904632152,0.0065395095367847,0.0,0.0016348773841961,0.0,0.0,0.0,56.54786758893292,127.053,241693.933458498,14069.410312085683,248.80532033273664,0.8260869565217391,7.252964426877471,0.462125340599455,0.0512261580381471,0.0705950991829912,4.628834355757227,0.5634877384196185,0.527503925083877,1.6438356164222716,145,0.420708446866485,0.4986376021798365,0.7366237901705284,B2B_Services,B2B_Services_Seasonal
a9e3c514ce916d8e91edfccf49dcfe0bc0d371f45faace4025c22b2a12888c42,0.4580152671755725,0.0,0.0,0.0,0.0,0.5419847328244275,0.0,0.0,-42.96367279430455,5.034171552064936,2603.1398067925625,438.1576105312186,10.198327608698282,0.203883495145631,2.5436893203883497,0.9618320610687024,0.0,2.0465116276690103,2.852941176051038,0.0610687022900763,1.205264602706505,1.9999999996296296,10,0.8931297709923665,1.0,0.5030534351145038,Subscription_SaaS,Subscription_SaaS
aa0af6436fe515f538fac89b154ff7bfbb4e3a2031a426fdea8693ab5066307e,1.0,0.0,0.0,0.0,0.0,0.0,0.0,0.0,394.7515160788506,275.3202475900556,67028.63497813785,4970.375793406509,12.591150612041668,0.3481012658227848,2.6455696202531644,0.2727272727272727,0.0239234449760765,1.6455696201490144,4.805555554888118,0.4354066985645933,1.4288833401348529,3.1627906973066526,17,0.5980861244019139,0.8803827751196173,0.4182381086405854,B2B_Services,B2B_Services_Steady
aa4ed96005bc6e382402a002c3f7227b7121a4437cd3fcbbf87bce837136e4e6,0.9277246653919694,0.0130019120458891,0.0,0.0,0.0592734225621414,0.0,0.0,0.0,22.94760029857871,15.277980756860746,147191.4608622702,6927.86025647795,301.8991163920545,0.8203883495145631,25.388349514563107,0.8680688336520076,0.0042065009560229,4.599571734426129,117.86363633684915,0.9583173996175908,0.7344943250006075,37.59999999710769,27,0.8986615678776291,0.9445506692160612,0.9027211182757964,Subscription_SaaS,Subscription_SaaS
ab27fe1d10bbc3e81f0566fdc56a9c9a5a9600496f003f45f6bb74c7f9032c7e,0.7575757575757576,0.0,0.0,0.2424242424242424,0.0,0.0,0.0,0.0,681.3951325719685,27.63814197255933,71387.39249241629,2325.7153088003283,3.4131668947907494,0.7887323943661971,2.788732394366197,0.6161616161616161,0.0606060606060606,0.4142857142561224,2.4137931030321047,0.3434343434343434,1.0646070504085636,3.5714285701530613,20,0.7777777777777778,0.8888888888888888,0.6166666666666667,Subscription_SaaS,Subscription_SaaS
ab2a86f0dfd8a991c4d87e5df252bce9c7fe6e29d491d5dd1014295c77c004b1,0.9402173913043478,0.0452898550724637,0.0,0.0108695652173913,0.0036231884057971,0.0,0.0,0.0,5.610845798162905,98.80496803274154,31698.08708258609,1558.4373144500662,277.75443627104903,0.5759717314487632,3.9010600706713774,0.5036231884057971,0.0018115942028985,0.6829268292578822,8.857142856352041,0.6177536231884058,0.5902989765820281,1.3121387282857764,142,0.3369565217391304,0.5072463768115942,0.6353963195229773,Mixed,Mixed
abac434effb6b78655944571286d8b0f86f480e7dd749697f53bb824c5f7255b,0.8136986301369863,0.0520547945205479,0.0986301369863013,0.0,0.0356164383561643,0.0,0.0,0.0,101.47455842360996,334.3152258957908,67225.06279041692,4070.4329634375536,40.11284233476756,0.7269076305220884,2.931726907630522,0.2904109589041095,0.021917808219178,0.2852112676006125,5.63636363585124,0.6109589041095891,0.4493852023840745,1.0232558139138273,57,0.6986301369863014,0.7863013698630137,0.7517942583732058,Subscription_SaaS,Subscription_SaaS
abbdfbe6fed49f1c722a0708764293154e8976a1a6c01e88d137ac50951b174b,0.7489361702127659,0.0851063829787234,0.051063829787234,0.0,0.1148936170212766,0.0,0.0,0.0,100.93142050486146,246.0486394253573,60191.69139642462,3631.584155674473,35.98070984386619,0.861878453038674,2.596685082872928,0.3319148936170212,0.0340425531914893,0.1633663366296196,3.999999999574469,0.5191489361702127,0.5729302477356419,3.0731707313325405,23,0.6808510638297872,0.8340425531914893,0.6602101792705543,Subscription_SaaS,Subscription_SaaS
abdd233228fd60779cbd74dfde2afcae99974a900e0d4267c1685fc9d1e57e65,0.4945054945054945,0.0,0.0659340659340659,0.0,0.4395604395604395,0.0,0.0,0.0,100.54194915254232,525.0,82621.35,3092.1051849416967,30.75437875132905,0.6779661016949152,3.0847457627118646,0.4505494505494505,0.0549450549450549,0.2638888888705633,5.066666664977777,0.4615384615384615,0.8599906480285454,39.49999990125,7,0.978021978021978,1.0,0.7252747252747253,Subscription_SaaS,Subscription_SaaS
abe156823a637f1d50c5522a382f5f9bde6025cd07e4113662faf3ae7464c72f,0.4710982658959537,0.5028901734104047,0.0,0.0,0.0260115606936416,0.0,0.0,0.0,19.37810313901344,64.43325000000002,23858.71304932735,1343.2447227586715,69.31765779289175,0.7623318385650224,3.103139013452915,0.6069364161849711,0.0,0.2357142857100765,6.361702126982798,0.7109826589595376,0.5920662632229511,1.5784313724716454,73,0.4277456647398844,0.4826589595375722,0.6475108586702305,B2B_Services,B2B_Services_Steady
abef078fd82126e8b70b4bf8ff22caffec83868221243ad26791cbfe5cc7627f,0.9104477611940298,0.044776119402985,0.044776119402985,0.0,0.0,0.0,0.0,0.0,-20.06461036018171,96.1586428822392,16635.03099678112,934.275112985281,46.56333194357563,0.5384615384615384,2.576923076923077,0.5074626865671642,0.0,1.0303030301469238,5.090909088595041,0.4328358208955223,0.4568482260894259,7.999999993333333,13,0.7611940298507462,0.9552238805970148,0.5028702640642939,Subscription_SaaS,Subscription_SaaS
abf1d4f7c2be2109daa2d122f151ac129a99290e3117958abb9dd3297d664415,0.9816457632303456,0.0061180789232181,0.0119302539002753,0.0003059039461609,0.0,0.0,0.0,0.0,-11.652092739717425,257.7277891323572,142060.2718790982,4507.0261654458,386.7997159184216,0.3272425249169435,10.86046511627907,0.2419700214132762,0.0024472315692872,1.0191476219857345,17.26256983192004,0.5968185989599266,0.5889458443678419,1.0494505494457442,339,0.1988375650045885,0.3068216579993882,0.6927778879708149,Digital_B2C,Digital_B2C_Seasonal
ac32abac233c1491365a501687fcdd83b216fca5135851db10d2668a48ff65d3,0.9955156950672646,0.0,0.0044843049327354,0.0,0.0,0.0,0.0,0.0,-6.973301391561981,505.9569734996785,127965.05915178134,10495.440562610042,1505.0891906463587,0.62,2.973333333333333,0.2152466367713004,0.0582959641255605,0.5170068027035032,13.866666662044445,0.8071748878923767,0.8520606134974876,2.973684210135042,37,0.5201793721973094,0.757847533632287,0.6025936250151497,B2B_Services,B2B_Services_Seasonal
ade7bbadeb85448f499782633d6b11572d5f3b521e65f0e5803fe47eb12baa9d,0.7252747252747253,0.0109890109890109,0.0,0.0,0.0,0.2637362637362637,0.0,0.0,-0.2469435851418042,17.54015233014427,2255.256311685697,129.13458551138177,522.9315035979283,0.3862068965517241,2.510344827586207,0.9065934065934066,0.0,1.1162790697025418,4.1999999994,0.3791208791208791,0.4082862687042646,1.6666666664814815,15,0.6483516483516484,0.945054945054945,0.4407407407407407,Subscription_SaaS,Subscription_SaaS
adf3b0784854e5b098943d53b6e044652710a241ee813db88a8afa36e48016b0,0.4419525065963061,0.3276165347405453,0.0013192612137203,0.0,0.2291116974494283,0.0,0.0,0.0,106.70170364690628,101.9633777020515,151555.50086344965,7932.256621830943,74.34048707728884,0.6788079470198676,7.529801324503311,0.4916446789797713,0.0263852242744063,0.2972047917846628,7.3296703295360865,0.6873350923482849,0.8665293355015873,1.363770250358146,173,0.401495162708883,0.484608619173263,0.8036781480496578,B2B_Services,B2B_Services_Seasonal
ae04b8aaa484368cc1fb8dcb78a9a94c04294b4fbae080553b60d50dd8f87ebf,0.8633879781420765,0.0,0.1366120218579235,0.0,0.0,0.0,0.0,0.0,20.373724889183308,100.52535439777624,11559.930720909302,1069.8156928530511,52.50957780901102,0.175,2.2875,0.4808743169398907,0.0054644808743169,4.718749999262696,2.9782608692414936,0.5409836065573771,0.5959716940761515,2.1428571424744898,14,0.644808743169399,0.9672131147540984,0.4156908665105386,Subscription_SaaS,Subscription_SaaS
af25360ef80b21ad4df417fa566b81b58f504de8c9ee8786a71b1cf3c19567eb,0.7528942115768463,0.005189620758483,0.0487025948103792,0.0,0.1932135728542914,0.0,0.0,0.0,192.0387566067484,959.5426151648272,808491.0432983452,25529.683964942644,132.94026900982394,0.6340579710144928,9.076086956521738,0.3097804391217565,0.162874251497006,0.2562688064186151,9.141700404673244,0.631936127744511,0.4533272795162031,2.1649831649649416,222,0.4411177644710579,0.5037924151696607,0.7536379516771674,B2B_Services,B2B_Services_Seasonal
af73d0f5ee699d5b69eb18a000eb4a23a207a1e3f311c8f644e3e25266d3ef2b,0.95748031496063,0.0,0.0047244094488188,0.0377952755905511,0.0,0.0,0.0,0.0,-72.05672532188836,31.293,49409.24150214592,3555.8356209659955,49.34772714952087,0.8497854077253219,5.450643776824034,0.658267716535433,0.011023622047244,0.0799319727884359,8.202898550130223,0.1952755905511811,0.8136085975386108,1.928104575100389,105,0.4913385826771653,0.6377952755905512,0.7159505061867266,B2B_Services,B2B_Services_Steady
af8423de6ec2fc18a0b9cb65cfaf8e488be6434e4280682a0565d62fcebdc696,0.6965174129353234,0.2620232172470978,0.0414593698175787,0.0,0.0,0.0,0.0,0.0,384.2120511425168,66.33036044281076,402537.8245422625,26803.665688377416,69.76268861940885,0.75,4.246478873239437,0.6368159203980099,0.0514096185737976,0.1964285714266227,6.2650602405864415,0.4145936981757877,0.844752367960848,1.8124999999485083,56,0.5737976782752903,0.7263681592039801,0.7576719576719577,B2B_Services,B2B_Services_Steady
af84ceac89f3a1f61e5d6c8f51164f7b3aa657fd36e92fe8140229ad186fad36,0.95,0.0,0.0,0.0,0.0,0.0,0.05,0.0,150043.33592711,222.97507522105104,4512047.652290433,750109.9591666685,4.999288735695777,0.2352941176470588,2.3529411764705883,0.15,0.0333333333333333,2.3333333326851853,3.615384613994083,0.2166666666666666,2.635075307382877,2.5833333322569443,8,0.9166666666666666,0.9833333333333332,0.6377118644067796,Subscription_SaaS,Subscription_SaaS
af9a602df28f802a09169f082a1cb8bdba290f4a4e4768777ba4358b7fdf63ef,0.599379402884938,0.0015095605501509,0.3850218047635022,0.0127474002012747,0.0003354579000335,0.0,0.0010063737001006,0.0,56.003072466462775,411.67392299047054,2715663.895051774,43828.40284805608,782.6071126093391,0.5821917808219178,32.66849315068493,0.2680308621268031,0.1624454880912445,0.2256141432828524,5.10547875062697,0.3444313988594431,0.5487901246164921,0.9330053876775204,1516,0.3078664877557866,0.3748742032874874,0.7782465256560857,Digital_B2C,Digital_B2C_Seasonal
afc84b46d5d6dffb122d35140f61d35c6602c44ef58621f7f2f3bdf97fe5be97,0.988095238095238,0.0119047619047619,0.0,0.0,0.0,0.0,0.0,0.0,-59.20506331285404,45.212600674484094,27162.833961866243,984.8281273640254,16.634187552399204,0.7307692307692307,2.1538461538461537,0.6428571428571429,0.0238095238095238,0.3770491802969632,3.666666665648148,0.4523809523809524,1.425735098485258,2.999999999,9,0.9404761904761904,1.0,0.5158730158730159,Subscription_SaaS,Subscription_SaaS
afeb545b7ec8847ae917d947f4e248d9bf8947944ffe73506b6a29cce159c81b,0.4489795918367347,0.0340136054421768,0.3401360544217687,0.0,0.1768707482993197,0.0,0.0,0.0,-559.8899612263469,380.7832876956055,142583.98634968753,8243.454505341297,14.723347579117387,0.8349514563106796,2.854368932038835,0.4149659863945578,0.1020408163265306,0.1854838709602627,4.653846152951183,0.4081632653061224,0.9206732178457728,3.48275862008918,22,0.5918367346938775,0.7619047619047619,0.5965909090909091,B2B_Services,B2B_Services_Steady
b06ace4ed04131cd8eb985ac492475c8fa40e72ea8c6a29566b782861478e939,0.9990034877927254,0.0,0.0,0.0,0.0,0.0,0.0009965122072745,0.0,105.10077464788976,424.764,1506045.059295775,89445.55499208748,851.0456300939636,0.6807511737089202,18.84507042253521,0.2361733931240657,0.0822122571001494,0.0480417754567936,94.57142854891156,0.9377179870453412,0.7570030388100454,4.281879194559028,234,0.1076233183856502,0.1773791728948679,0.5710518018593791,Digital_B2C,Digital_B2C_Seasonal
b0bd25768952d4ce8d35f2271c46f1930c5c5288961d41921d4febc1046d86bb,0.9043062200956936,0.0,0.0047846889952153,0.0,0.0,0.0,0.0909090909090909,0.0,-26.656559999999995,52.5,7861.417199999999,515.4113489785472,19.335253640574575,0.3266666666666666,2.786666666666666,0.7607655502392344,0.0,1.54878048771044,5.531249999135743,0.6267942583732058,0.544774890770205,2.194444444139661,18,0.5741626794258373,0.9090909090909092,0.4532163742690058,B2B_Services,B2B_Services_Steady
b1259b9676172674c992ec8ee1ce31f618ad244c3fa90663150159213e84b74e,0.5320197044334976,0.4679802955665024,0.0,0.0,0.0,0.0,0.0,0.0,-134.45428335982703,10.155831766977856,50636.88659847921,618.3279467276687,4.598796938487332,0.7455621301775148,2.4023668639053253,0.7783251231527094,0.0295566502463054,0.3096774193448491,5.999999998965517,0.6748768472906403,1.086524797456499,1.644067796470842,14,0.6748768472906403,0.7487684729064039,0.6694139194139194,Subscription_SaaS,Subscription_SaaS
b1768b8ec83c50980f5cef915f493aa62324df5216268209f47a3b841a93a9d3,0.6937212863705973,0.3024502297090352,0.0038284839203675,0.0,0.0,0.0,0.0,0.0,-25.568966184717446,53.594683787415576,36696.85554372479,2046.1138247388217,80.02333020259337,0.7348643006263048,5.453027139874739,0.5911179173047473,0.0007656967840735,0.1937842778784562,3.3388704318382247,0.3453292496171516,0.3804045115153313,1.7454545454280992,79,0.4800918836140888,0.5987748851454824,0.7567944099176073,B2B_Services,B2B_Services_Seasonal
b1ed2bbd65f8c177b2e7a01e65f98daeb30ad2152029b2628618ef20dc3ad2b7,0.7390180878552972,0.0,0.1989664082687338,0.0620155038759689,0.0,0.0,0.0,0.0,-16.124154167505022,122.99142185910536,22881.79534279534,2428.8558736321597,150.63462225018176,0.1115384615384615,2.976923076923077,0.2558139534883721,0.0155038759689922,11.093749998266604,3.961538461284517,0.5426356589147286,0.5338130265378862,0.3141025640924967,25,0.3100775193798449,0.6124031007751938,0.3071834625322997,B2B_Services,B2B_Services_Seasonal
b2077edbab9d7faf48a137c7e13547d3246af43dc8062456f6c56b974f3a7600,0.9973544973544972,0.0,0.0026455026455026,0.0,0.0,0.0,0.0,0.0,28.138180830974733,77.38439000001048,12451.098506608116,669.3262017919986,23.78711706967665,0.2991452991452991,3.230769230769231,0.6190476190476191,0.0,1.6068965516687277,4.906249999616699,0.6190476190476191,0.4731902205347584,4.212121211483012,23,0.3835978835978836,0.6957671957671958,0.3772716816195077,B2B_Services,B2B_Services_Steady
b21aeb7f170505a9b74aa085072c96523c64ed13990ef28844abf9e1fdacfee7,0.8691588785046729,0.102803738317757,0.02803738317757,0.0,0.0,0.0,0.0,0.0,-83.0426109733288,29.655792318107967,11076.753260582682,925.8637854073256,11.149261498933328,0.5368421052631579,2.2526315789473683,0.6915887850467289,0.0,0.9814814813906036,7.916666663368055,0.514018691588785,1.72767681498221,1.4516129029916751,26,0.6635514018691588,0.7476635514018691,0.6354166666666666,Subscription_SaaS,Subscription_SaaS
b261b8eb5ebd571efd3f911de8892ddc292638d192fd6964b7b39a0a2027f865,0.4685314685314685,0.3951048951048951,0.0,0.0,0.1328671328671328,0.0,0.0034965034965034,0.0,-284.7511116901181,29.84564965976611,26334.997562058867,1715.408977852981,6.02423979176433,0.864516129032258,3.6903225806451614,0.7202797202797203,0.0104895104895104,0.1128404669238747,4.499999999567308,0.7027972027972028,0.3333295337797236,1.2209302324871552,24,0.7867132867132867,0.8636363636363636,0.7775157232704403,Subscription_SaaS,Subscription_SaaS
b28025d8429e8ff47a7842e2fa7d184181def2c80153cfbf62f159222e252f7c,0.843687374749499,0.1122244488977955,0.0,0.0,0.0440881763527054,0.0,0.0,0.0,-60.00004591935977,337.9048388673557,79900.31165475304,3411.181101346619,56.8529748354314,0.6982456140350877,3.501754385964912,0.2965931863727455,0.002004008016032,0.3306666666622577,5.743243242855186,0.7474949899799599,0.5764145356705203,0.8251366119993132,33,0.5691382765531062,0.8076152304609219,0.6752696456086287,B2B_Services,B2B_Services_Steady
b2a3ba2313dd2cae9ee5b266b7763edfbca32ebb6ef8381cfb0d854e938c81b5,0.79,0.0,0.0,0.192,0.0,0.018,0.0,0.0,-285.0894613186872,116.70891703819076,36272.42889592641,3705.623398031233,12.99810726345623,0.3050314465408805,3.1446540880503147,0.452,0.016,2.2679738561350336,7.06451612846254,0.384,0.5837921828386196,0.6119402984922403,35,0.422,0.652,0.5185142857142857,B2B_Services,B2B_Services_Steady
b2ca703e213130c530f79412d5771f27a21aa4764dcfb7749e26b9b8f715a6a6,0.9464896399114866,0.0275598471132568,0.0255481794407563,0.0,0.0,0.0,0.0004023335345001,0.0,3.028799999999556,630.0,1269719.334,28270.286452915363,9333.82407540322,0.2888888888888888,15.780952380952382,0.2474351237175618,0.0764433715550191,1.1126221844430246,20.33476394806149,0.7853550593441964,0.9564598338346798,2.30788381741781,652,0.140213236773285,0.1927177630255482,0.6662831516482567,Digital_B2C,Digital_B2C_Seasonal
b2ce3820aad3d36a10b2d30baac191dc03bf5cee74a646a297a2dfa986594ccc,0.8863636363636364,0.0,0.1136363636363636,0.0,0.0,0.0,0.0,0.0,-176.75317164179103,77.77175,13756.350223880596,1115.4178575566348,6.310595997417466,0.4029850746268656,2.626865671641791,0.75,0.0,1.1204819276433444,3.2926829264277218,0.5113636363636364,0.8420071022075531,1.3584905659095765,28,0.4431818181818182,0.6761363636363636,0.4407467532467532,B2B_Services,B2B_Services_Steady
b3acc6ed7a6effa87aade52cbe1788c691eb5a9aae02061a971c8065e6847149,0.8695652173913043,0.0,0.0478260869565217,0.0547826086956521,0.0,0.0208695652173913,0.0069565217391304,0.0,26.932754577323973,67.4450618429953,23989.58498517319,2057.924991041899,76.4097480029195,0.1493123772102161,4.518664047151277,0.7513043478260869,0.0095652173913043,11.365591397238408,3.618473895509669,0.5391304347826087,0.3068710491241914,0.6153846153758492,81,0.168695652173913,0.2730434782608695,0.4283199141170156,Mixed,Mixed
b3e5ba14546990e8ba7fe0d38f1c703a7975b1520220ae4a6b431045974d3377,0.8472972972972973,0.1493243243243243,0.0,0.0,0.0033783783783783,0.0,0.0,0.0,-76.34304173568233,127.8891093138105,95782.5198256289,5870.671186364972,76.89857585085015,0.8402777777777778,6.851851851851852,0.431081081081081,0.0148648648648648,0.0709117221415669,10.127819548491434,0.6662162162162162,0.6398147277259131,1.038834951446225,165,0.2344594594594594,0.3567567567567568,0.6474548548946798,Mixed,Mixed
b42e58162444e0839c20be0a3941767bbcce976439369924ce4828e7064f9d4a,0.7984886649874056,0.1964735516372796,0.0,0.0,0.0050377833753148,0.0,0.0,0.0,-14.777368779792203,161.94780152130676,45016.15981443382,2817.0024473900785,190.62950160220575,0.7953667953667953,3.0656370656370657,0.4206549118387909,0.0025188916876574,0.288961038956348,3.9012345676604174,0.3098236775818639,0.3281040760360704,1.300813008077203,42,0.5969773299748111,0.7531486146095718,0.7344322344322345,B2B_Services,B2B_Services_Seasonal
b47c5ba506043d22336d006acff93d453a705ab796728937a1ba756c71203a73,0.3669491525423728,0.5610169491525424,0.0008474576271186,0.0203389830508474,0.0491525423728813,0.0,0.0016949152542372,0.0,-26.121953969256,54.13555009078662,58218.10506953826,3169.474494767803,121.33374468405962,0.8656126482213439,4.664031620553359,0.5983050847457627,0.0127118644067796,0.0786106032903171,6.195121951030637,0.6262711864406779,0.5640749684289177,1.0703124999860636,95,0.4686440677966101,0.5254237288135594,0.7854368932038835,B2B_Services,B2B_Services_Seasonal
b481032b14f6254d73e647bf402c55add3196b363c9ae29593f8bc0ed30b8e4b,0.7323481116584565,0.2282430213464696,0.0,0.0,0.0394088669950738,0.0,0.0,0.0,113.60975381765752,288.76621966260615,191564.4601034592,5423.358203430233,47.73673052454017,0.678714859437751,4.891566265060241,0.3645320197044335,0.0591133004926108,0.2902542372850609,8.22727272664945,0.8226600985221675,0.909706264955949,0.9310344827356888,50,0.5451559934318555,0.6962233169129721,0.7230912476722533,B2B_Services,B2B_Services_Steady
b49641c45ad672df670a48b0c315cf0ae7b7819245e9b75b6b5f448b2c1f1375,0.45850622406639,0.412863070539419,0.1078838174273859,0.0,0.0207468879668049,0.0,0.0,0.0,1.5024245465121715,49.22530539678568,6781.933760042977,210.77046202903148,140.28688569782702,0.6118012422360248,2.9937888198757765,0.7427385892116183,0.0,0.4830769230694911,4.950617283645023,0.7614107883817427,1.137592457925078,0.9184782608446066,14,0.6784232365145229,0.7199170124481328,0.7372812372812373,Subscription_SaaS,Subscription_SaaS
b4a43528854f494623bd3f7147dc1068d09312f0b5eac0995607cd9b01f85549,0.957675512260665,0.0120927107826671,0.0131004366812227,0.0040309035942223,0.0115888478333893,0.0,0.0015115888478333,0.0,-1063.3593284373665,306.96409924060487,636824.6800461552,40243.90620515877,37.84600852086355,0.4268476621417797,17.96078431372549,0.247396708095398,0.0305676855895196,0.4967320261431665,20.11347517694834,0.806852536110178,0.7018251187112353,1.3629989212476727,1387,0.1491434329862277,0.2085992610010077,0.6694092775941303,Digital_B2C,Digital_B2C_Steady
b4c7526637617783244c4e714d84ebe9726c897361dcce70eed9ec3a578e3a28,0.9184782608695652,0.0,0.0815217391304347,0.0,0.0,0.0,0.0,0.0,-215.5012965804224,192.64484150830992,83809.78871102609,4642.032003271956,21.54062215270339,0.5642857142857143,2.628571428571429,0.3315217391304347,0.0489130434782608,0.8775510203633902,8.19999999795,0.3804347826086957,1.0178496633171654,0.8611111110513117,24,0.6467391304347826,0.8315217391304348,0.5842391304347826,Subscription_SaaS,Subscription_SaaS
b78924943b3e5e0d12ac7358eebd3484ee09c773bb631395a88f720d069df86c,0.994,0.0,0.006,0.0,0.0,0.0,0.0,0.0,38.197989281188285,21.16231590341297,4075.6289834414592,185.2492082891206,4.849710985490403,0.3558052434456928,3.745318352059925,0.934,0.0,1.2026431717796775,4.31914893594047,0.418,0.2830410301141582,1.286764705835045,33,0.468,0.706,0.549939393939394,B2B_Services,B2B_Services_Steady
b78c1fcab91bef2ffef851f44de75747adc573c7ca7992791d3c2e95d4f1071c,0.5835400225479144,0.0,0.0515219842164599,0.3540022547914317,0.0,0.0109357384441939,0.0,0.0,-1116.6030624449322,17.632643127980423,129526.86242025768,32268.430663026847,28.89874812995979,0.0661764705882353,32.61029411764706,0.9250281848928974,0.0016910935738444,102.13953487778258,3.102682701195415,0.282412626832018,1.0660558771205526,12.373737373529062,496,0.0192784667418263,0.0333709131905298,0.2418288200243594,Mixed,Mixed
b7e2601287362716cffc5f37b56fa36c421b0cfab28f7dd696302d0ab8fa373e,0.7755834829443446,0.1615798922800718,0.0628366247755834,0.0,0.0,0.0,0.0,0.0,-28.56581836752462,170.77086118490834,117061.24328635151,8289.465674836605,290.18827905727693,0.868421052631579,4.18796992481203,0.3949730700179533,0.0359066427289048,0.1390593047020546,5.630952380617205,0.5960502692998204,1.023057669527646,1.2864864864517165,150,0.3806104129263913,0.5062836624775583,0.627732819524727,B2B_Services,B2B_Services_Seasonal
b7ef7fb0daf524b4d0be5d76c0e0e16da7d97e350d5bd089985a1154335afc0a,0.9854227405247812,0.0,0.0145772594752186,0.0,0.0,0.0,0.0,0.0,-28.929433977019904,184.1017316006944,16444.33627615358,712.6817283077535,24.63517705280789,0.5245901639344263,2.8114754098360657,0.2682215743440233,0.0,0.9599999999725716,4.913793103024673,0.3090379008746355,0.3566104265568913,1.5774647886213051,35,0.3935860058309038,0.7142857142857143,0.5489379425239483,B2B_Services,B2B_Services_Steady
b80dd4f8da4504c16954d2bc799bdc179bc555081a3cd7e34e9ab985433d3dec,0.6602870813397129,0.0,0.0478468899521531,0.291866028708134,0.0,0.0,0.0,0.0,4.781262032085559,37.968,2820.0282352941176,153.3519742840219,32.07353475592621,0.481283422459893,2.235294117647059,0.9569377990430622,0.0,1.0693069306401333,3.860465115830179,0.215311004784689,0.42541035861448,2.749999999618056,23,0.5980861244019139,0.9043062200956936,0.5666736009985438,B2B_Services,B2B_Services_Steady
b8ae3ceb5fe38da44b57bb88609c51fe705776333d66242b12e231349036c4ff,0.7270916334661355,0.1852589641434263,0.0099601593625498,0.045816733067729,0.0318725099601593,0.0,0.0,0.0,7.805753790655275,120.34054641241372,27599.351498135788,1273.8285708501785,163.19097468116962,0.5285285285285285,3.015015015015015,0.4621513944223107,0.0039840637450199,0.6789297658749343,4.456521738888232,0.6414342629482072,0.3887013349770321,0.9644970413915828,90,0.3466135458167331,0.5,0.6309487569761543,Retail,Retail_Seasonal
b8af0037b5ec6e7b11884379d089d42e527508d5ec23c0054d7aeb7e78cad142,0.2190352020860495,0.2490221642764015,0.5189048239895697,0.0,0.0130378096479791,0.0,0.0,0.0,0.0847309539344823,12.3337689336198,24619.01551698164,158.5072832439037,1870.7126165408488,0.6116071428571429,6.848214285714286,0.8213820078226858,0.0,0.343257443079306,4.182432432291134,0.5801825293350718,1.022321455242832,1.2754237287865375,26,0.7900912646675359,0.9452411994784876,0.7632546736132394,Subscription_SaaS,Subscription_SaaS
b8fb58244f1de907f673a9a391c395a9c2bd410e2463b89ca3a3bbdc12a6cb8e,0.8,0.02,0.0,0.0,0.18,0.0,0.0,0.0,31.882635419065597,1.0088022738419011,15009.74037064491,455.3860930925466,14.283201089374089,0.6666666666666666,2.2222222222222223,0.6,0.0,0.4705882352249135,3.999999998,0.18,1.0288353043020984,6.166666661527778,5,0.94,0.94,0.5702127659574469,Subscription_SaaS,Subscription_SaaS
b96a06fa7fc3436317861d1694e1df4e91c72633cfea751396c7e298d7ef9c00,0.8162055335968379,0.0,0.1798418972332015,0.0039525691699604,0.0,0.0,0.0,0.0,93.77514634158123,170.22865407585155,30469.10216597804,2028.7429417093488,21.63412183973776,0.1418918918918918,3.418918918918919,0.150197628458498,0.0098814229249011,7.877192981765159,6.666666666161616,0.5849802371541502,0.6695950460746645,0.8692307691973372,38,0.300395256916996,0.5375494071146245,0.4555856043270231,B2B_Services,B2B_Services_Steady
b99d9a1d848b571a5c3abeb5e338a665a23aee3e0dbbd9c899de8d9370cfd5bd,0.7538461538461538,0.2461538461538461,0.0,0.0,0.0,0.0,0.0,0.0,2.3025781468474413,25.77214611991108,7797.813499166929,828.5271490406786,359.82585284968167,0.7966101694915254,2.2033898305084745,0.7538461538461538,0.0,0.2264150943182627,3.0624999990429687,0.4307692307692308,1.5610807921403105,2.6249999991796877,11,0.6615384615384615,0.7384615384615385,0.608534322820037,Subscription_SaaS,Subscription_SaaS
b9da1f4ace48e6b096aa77b85cd2e9ebde8fa21337dd78844910f43c9047670e,0.4482758620689655,0.4482758620689655,0.0689655172413793,0.0,0.0344827586206896,0.0,0.0,0.0,1.3492678954473587,31.46555246525883,9329.342132612235,510.2064848012447,378.1357895947895,0.6818181818181818,2.636363636363636,0.7241379310344828,0.0,0.3488372092617631,13.499999983125,0.6896551724137931,0.9514634032159556,0.9166666664756944,17,0.6379310344827587,0.7758620689655172,0.5475113122171946,Subscription_SaaS,Subscription_SaaS
b9e2da40bd9478292efe71e48877d794113af8d8d29a5f6f0540744e87eafc88,0.4804671768022553,0.4216673378977044,0.0004027386226339,0.0,0.0974627466774063,0.0,0.0,0.0,-1.5089735728211422,141.89977291684968,237297.724571148,13939.48111687364,9237.723758432345,0.7972972972972973,8.388513513513514,0.387434554973822,0.0342327829238824,0.0986725663714631,7.804964538868706,0.7136528393072896,0.6082686328517437,1.0083234244886543,137,0.3906564639548933,0.4788562223117197,0.7910114356577624,B2B_Services,B2B_Services_Seasonal
ba0eeffac58c26533146cdd66b18ebae28b3af28c00c41cb177591271542fd8a,0.667178856791641,0.2022126613398893,0.1080208973570989,0.0158266748617086,0.0067609096496619,0.0,0.0,0.0,167.37288633093516,173.85,296767.8082877698,27772.213752361276,165.9301835530866,0.5625899280575539,18.728057553956837,0.4167178856791641,0.0059926244622003,0.5414495499756733,6.955990220006382,0.7097418561770129,0.71754280090845,1.534923339007567,560,0.3468039336201598,0.493700061462815,0.8352523037500615,Retail,Retail_Seasonal
ba1cf1c9365d89c05f35e2bb0ecc422302440b39851611204bbce718c4539b9b,0.9108108108108108,0.0,0.0567567567567567,0.0324324324324324,0.0,0.0,0.0,0.0,1.7989330078393355,96.75593855130066,39098.32243636165,3411.355466820575,1896.321560053353,0.2689804772234273,6.420824295010846,0.5141891891891892,0.0033783783783783,3.654088050257011,6.254901960631007,0.6074324324324324,0.6352320790714079,0.9067524115682738,830,0.0756756756756756,0.1101351351351351,0.3443910778248127,Digital_B2C,Digital_B2C_Seasonal
ba1e0fff07cc2e387c2089c05b7d0106b7e888643453349bc225fde38f1930b7,0.6928838951310862,0.1835205992509363,0.0262172284644194,0.0,0.097378277153558,0.0,0.0,0.0,-11.977177127687709,207.46676378420577,21569.726236838684,830.5997900205414,69.34854352341118,0.6262135922330098,2.592233009708738,0.348314606741573,0.0,0.499999999985955,5.357142856505102,0.6816479400749064,1.2834426641242616,1.5428571427469386,15,0.7528089887640449,0.8127340823970037,0.6839285714285714,Subscription_SaaS,Subscription_SaaS
babda6073d469e73a80f7dd53952b1132e0ac1281762736f3253585ab160db5e,1.0,0.0,0.0,0.0,0.0,0.0,0.0,0.0,160.75414107137536,210.35592511398423,319434.3086654325,11342.997357417604,70.56115183792164,0.6428571428571429,2.9761904761904763,0.448,0.224,0.6447368420628462,3.629629628957476,0.448,0.7035676963045224,1.3589743588001315,32,0.544,0.688,0.51875,B2B_Services,B2B_Services_Steady
bad19dca4ddb9148ace373ac328b33a1c8d73f8480664f7d722fe8c7ad23b1e0,0.6974358974358974,0.1615384615384615,0.0974358974358974,0.0,0.0435897435897435,0.0,0.0,0.0,1.8358723207874923,268.27524561570266,163602.6256992577,8531.667264723223,4647.200745742263,0.7157360406091371,3.9593908629441614,0.3461538461538461,0.0846153846153846,0.2745098039170832,8.749999998906251,0.6794871794871795,0.6977325905172863,1.0894308942646571,47,0.4564102564102564,0.5871794871794872,0.6431275290432058,B2B_Services,B2B_Services_Seasonal
bb67b4b1d8b50161077614a85297ec7fd11d636223c44c16fbfc5f00bf01b78e,0.9184549356223176,0.0772532188841201,0.0,0.0,0.0,0.0,0.0042918454935622,0.0,335.6360000000001,125.9895,511634.5460377359,59727.90109760188,177.95439433142548,0.7924528301886793,2.930817610062893,0.4678111587982833,0.1630901287553648,0.2010309278298703,14.533333328488888,0.8197424892703863,1.2116319945585636,1.5555555554475309,53,0.3948497854077253,0.6094420600858369,0.5839913556645333,B2B_Services,B2B_Services_Seasonal
bb8cafb193f4bff2f88aa9546cc3f97fa796dc837017b8acebc2a2d53fa75334,0.9699106723084155,0.0,0.0084626234132581,0.0178655383168782,0.0,0.0,0.003761165961448,0.0,633.4692862161156,302.22902300051567,413818.57591326354,31180.243267775448,49.2213970680904,0.6784452296819788,7.515901060070671,0.3201692524682651,0.0554771979313587,0.3479087452460459,9.796954314472158,0.4259520451339915,0.6693921699646866,0.6689342403590197,206,0.3803479078514339,0.4936530324400564,0.749247930943656,B2B_Services,B2B_Services_Steady
bb8f904dd634fcc9517afcf01c29df235c47b2de300f2b12236f1b57748b857c,0.87527352297593,0.0,0.12472647702407,0.0,0.0,0.0,0.0,0.0,5.641119651032282,62.56628450513916,17380.458602109178,1239.2320858217438,219.67839015756203,0.2431372549019607,3.584313725490196,0.612691466083151,0.0021881838074398,2.335766423272417,6.616666666115278,0.5120350109409191,0.6892790833282876,2.879518072115692,55,0.4004376367614879,0.6061269146608315,0.6054505669385319,B2B_Services,B2B_Services_Seasonal
bbbe6b165a89709fe7253088c11f2e048443243ae065b6e3791a22f4642cda76,0.979746835443038,0.0177215189873417,0.0,0.0,0.0025316455696202,0.0,0.0,0.0,11.095488788344213,69.81836235803742,13675.237399146195,583.8967810347979,52.62470105165021,0.2586206896551724,4.540229885057471,0.6632911392405063,0.0,1.036082474200101,2.376068375966834,0.3544303797468354,0.4098068222835859,11.61904761628118,27,0.4177215189873418,0.7164556962025317,0.4924414210128496,B2B_Services,B2B_Services_Steady
bc1776de06f494435343b3a7ffa39709bf982792dc8661ae70a2e800817299ab,0.9865319865319864,0.0101010101010101,0.0033670033670033,0.0,0.0,0.0,0.0,0.0,-48.27735969695119,527.1156640023754,76304.41487592195,3078.1165612875016,63.75900794848772,0.5393939393939394,3.6,0.2356902356902357,0.0,0.4702970296913292,20.214285707066328,0.5656565656565656,0.6578006091768048,1.2499999999375,47,0.5286195286195287,0.7407407407407407,0.6556343577620173,B2B_Services,B2B_Services_Steady
bc4ac7521b7f763c761b6861a8fe696cde04ff47e203c80134e8f4460e72fa00,0.6686390532544378,0.3195266272189349,0.0,0.0,0.0118343195266272,0.0,0.0,0.0,-133.25615269599368,50.11662984589172,49471.590601337935,3721.30784750816,27.92597393771808,0.841726618705036,2.431654676258993,0.6035502958579881,0.0473372781065088,0.1818181818118245,7.4499999981375,0.5857988165680473,0.7369493080124555,1.533333333162963,30,0.5443786982248521,0.6449704142011834,0.6338235294117647,B2B_Services,B2B_Services_Steady
bc5de7ef7a0ccfc9e231b156c6aa7e04d71a812596ef428a3a1b0b6ca533e8da,0.9837837837837838,0.0,0.0162162162162162,0.0,0.0,0.0,0.0,0.0,-12.495572159391577,131.6228260761139,14781.278805547305,722.4818641123591,57.819030158707605,0.4029850746268656,2.7611940298507465,0.372972972972973,0.0,1.0555555554969136,3.5121951215229035,0.4918918918918919,0.2826161428866429,1.812499999716797,15,0.572972972972973,0.8918918918918919,0.3437837837837837,B2B_Services,B2B_Services_Steady
bceab861e076a46de68112da0f329c929b51ab176b40e5fe9eef721953c86f13,0.8247669136983027,0.0842696629213483,0.0223523786755916,0.0548649294764523,0.0135070523547693,0.0,0.0002390628735357,0.0,-56.29685601447569,775.5107513626415,1099585.676022282,18094.22799611548,321.4074332720962,0.507183908045977,24.04022988505747,0.1400908438919436,0.0804446569447764,1.9416315049192303,15.276264591291088,0.7238823810662204,0.6211040079610308,0.7140800460686524,316,0.3472388238106622,0.5071718862060722,0.8277878087186872,Digital_B2C,Digital_B2C_Seasonal
bcf0f1e1125d73c1401930b39279833e8b00a77124e927129b05350e67c0fa8e,0.9679075738125802,0.0,0.0320924261874197,0.0,0.0,0.0,0.0,0.0,26.771234256800994,94.62970359564429,29196.775253153133,1209.863924555774,45.192683777607,0.2613240418118467,5.428571428571429,0.6854942233632862,0.0,2.1991786447412816,5.464730290343056,0.5077021822849808,0.4748783928129375,1.2026266416397504,293,0.2509627727856225,0.3459563543003851,0.6669178565326159,Digital_B2C,Digital_B2C_Steady
bd0341728c413f6cfc2bfe25c44c37b96ce1588414d8966c13e806540a6eb0d3,0.7450980392156863,0.1977124183006536,0.011437908496732,0.0,0.0457516339869281,0.0,0.0,0.0,2.901490950792413,87.65932072173744,83667.6474200609,8160.69789313299,2812.587736238978,0.6990881458966566,3.720364741641337,0.5261437908496732,0.0375816993464052,0.339168490149462,6.555555555150892,0.6225490196078431,0.636649719736007,1.133640552969271,112,0.3839869281045752,0.4934640522875817,0.653439778557926,B2B_Services,B2B_Services_Seasonal
bd747859de728f2aa2e13342e2b4214c19a3f6fd1784ed6b7d3a679e7727504a,0.8298850574712644,0.0206896551724137,0.0,0.1264367816091954,0.0,0.0229885057471264,0.0,0.0,40.63120524712436,46.44841551868262,5084.0220440403045,226.74961588830917,5.58067658720388,0.3615384615384615,3.3461538461538463,0.9632183908045976,0.0,1.919463087183911,3.7282608693625945,0.4689655172413793,0.3223039606278149,4.790697673861547,28,0.3563218390804598,0.632183908045977,0.4261683791846204,B2B_Services,B2B_Services_Steady
bd8f556a03478d84ae662337222c7c6a82a034ac43129922d117fefad3969d16,1.0,0.0,0.0,0.0,0.0,0.0,0.0,0.0,10.491885277763116,131.2398648310894,12685.829788202436,591.6885138667876,56.39487066798996,0.3088235294117647,2.897058823529412,0.3807106598984771,0.0,1.7361111109905478,5.156249999194336,0.3299492385786802,0.5842319589039272,1.5357142855771684,9,0.583756345177665,0.7563451776649747,0.2774049217002237,B2B_Services,B2B_Services_Steady
be3fdfe23744069454805c491e37e9bb1a1a9373e555e86cc52976dc353ea4dd,0.6901408450704225,0.0,0.0126760563380281,0.2957746478873239,0.0,0.0,0.0014084507042253,0.0,-8.485665111056973,103.44559114204876,22285.29515446308,1617.3311795178342,190.5956877209856,0.1705202312138728,4.104046242774566,0.4957746478873239,0.0,7.352941176038062,3.79729729716901,0.4197183098591549,0.5234973505923683,0.6168831168731025,50,0.1732394366197183,0.3422535211267605,0.3842877291960507,B2B_Services,B2B_Services_Seasonal
be9f2a03637a00b9bee3bb26e0aef519e4617ddd9a7eeb9fb582293582aa28a5,0.6666666666666666,0.1781609195402299,0.0057471264367816,0.0,0.1494252873563218,0.0,0.0,0.0,-117.35834373262344,80.01450602970505,7078.897844348378,196.2576365361432,1.6722938504189564,0.7372881355932204,2.949152542372881,1.0,0.0,0.3384615384485207,5.692307691213018,0.5632183908045977,0.481789361571866,0.9428571427897958,14,0.6609195402298851,0.8218390804597702,0.5845481049562682,Subscription_SaaS,Subscription_SaaS
becef3f7fb67bbca4d11485581025be3e929ae6f953a5d5fd3df989fb8bf27b3,0.7053571428571429,0.2276785714285714,0.0223214285714285,0.0,0.0446428571428571,0.0,0.0,0.0,-10.91441015395512,39.203457397272615,14791.737717468735,1075.8395137641512,98.57055925176012,0.8773006134969326,2.748466257668712,0.75,0.0,0.1144278606936709,3.765957446407877,0.4151785714285714,0.3318273192983608,4.076923076400395,23,0.6651785714285714,0.8214285714285714,0.6741282823934568,Subscription_SaaS,Subscription_SaaS
bf542fd0bf309b65dc9da3b8bab93018fe1498b8293a02ac814486baed04ae44,0.7103658536585366,0.2195121951219512,0.0,0.0640243902439024,0.0060975609756097,0.0,0.0,0.0,-5.870409950851266,45.74422369722758,11464.252023848769,845.3698111126638,144.0052426917859,0.8549222797927462,3.3989637305699483,0.8323170731707317,0.0,0.111864406777765,5.833333332725695,0.7347560975609756,0.6613877449110286,1.3009708737232537,45,0.4939024390243902,0.7073170731707317,0.6745544178991278,B2B_Services,B2B_Services_Seasonal
bf9c8abd6c742ea5a72c553c7014a4aa77851770cc5dba6a0f27cb72519ea740,0.8275862068965517,0.0,0.1724137931034483,0.0,0.0,0.0,0.0,0.0,31.24299269986101,1.022286121011886,5853.521602194122,482.84652789919824,15.4545543182488,0.6981132075471698,2.188679245283019,0.5862068965517241,0.0,0.5263157894044321,3.833333331736111,0.3448275862068966,0.8317543806812423,4.874999996953124,8,0.9482758620689656,1.0,0.5043103448275862,Subscription_SaaS,Subscription_SaaS
bff0cbe7cc199db5c33cba49abfaf1d9c0eda157ace8fb2f1e706c7bdde7b95b,0.8617021276595744,0.0585106382978723,0.0691489361702127,0.0,0.0106382978723404,0.0,0.0,0.0,-149.53212676056336,190.3965,52533.7390140845,3777.249413483672,25.26045402456788,0.7605633802816901,5.295774647887324,0.4202127659574468,0.0,0.2702702702611395,12.428571424132652,0.6329787234042553,0.787905208780892,0.8874999999445312,62,0.4148936170212766,0.5372340425531915,0.5289775833788956,B2B_Services,B2B_Services_Steady
c050fc4147666ea905cb9d908d18a705f68c8d6d07b9a421382c63512cfc01a0,0.9014778325123152,0.0,0.0935960591133004,0.0,0.0,0.0,0.0049261083743842,0.0,65.39073623662195,131.36504907119888,88579.82251783443,17560.604522112688,268.5488118054316,0.202020202020202,4.101010101010101,0.3267651888341543,0.0098522167487684,3.0065789472695204,5.34374999972168,0.5894909688013136,1.0729021121609617,1.6376811593609537,49,0.2873563218390804,0.4827586206896552,0.4713233046962545,B2B_Services,B2B_Services_Seasonal
c0acd5fe2c8282947f61b334313f6b6f11d4535ffa695b667725eb92c0ba8486,0.7109375,0.25,0.0,0.0,0.0390625,0.0,0.0,0.0,9.51836281838507,21.77087378635519,2896.4543429264777,161.98163657488425,17.01780437407079,0.7105263157894737,2.245614035087719,0.84375,0.0,0.347368421034349,3.923076922322485,0.421875,0.5338075612886116,1.7435897433662066,20,0.6171875,0.6953125,0.6803030303030303,B2B_Services,B2B_Services_Steady
c0bb0d7a65a4ba10dde78ce1bc3739fb5e95a973b866ab196457e69eeae37750,0.8523002421307506,0.1428571428571428,0.0048426150121065,0.0,0.0,0.0,0.0,0.0,-27.566253227555,292.64680364936675,180294.96692178515,12304.110546559725,446.3468589847084,0.7606837606837606,3.52991452991453,0.2929782082324455,0.0799031476997578,0.1971014492725057,6.792452829547882,0.4697336561743341,0.6395718605340925,1.7927927927120364,79,0.4164648910411622,0.6004842615012107,0.6543880771859035,B2B_Services,B2B_Services_Seasonal
c0bfe7c5b6ad8810dc086f663c8f29d8f98c92a89665651f3580d2961b6c17af,1.0,0.0,0.0,0.0,0.0,0.0,0.0,0.0,18.610395196413897,123.00520436634768,16226.128467048356,911.8533649765589,48.996990921627344,0.395,2.96,0.3918918918918919,0.0,1.2769230768739646,6.3999999992,0.5506756756756757,0.6231934230785666,0.7599999999493333,23,0.3918918918918919,0.668918918918919,0.4649658641753503,B2B_Services,B2B_Services_Steady
c0d8c7cf491b785fdedfee6ffa2e0a3d9b57283a642e4ad9a845211205d53614,0.5303347280334728,0.3755230125523012,0.0,0.0,0.0941422594142259,0.0,0.0,0.0,22.338464910672503,62.71435599151089,49787.47062538217,1937.139195428292,86.71765057748533,0.7562189054726368,4.756218905472637,0.600418410041841,0.00836820083682,0.2193877551006416,2.8704453440714484,0.5962343096234309,0.8369549550879003,0.9432176656002648,76,0.352510460251046,0.4665271966527197,0.72618254497002,B2B_Services,B2B_Services_Seasonal
c133d2d22d2ef5b90f624bbab30a5c696ff38dd06bb5aa600b7b141db8389330,0.78,0.03,0.1833333333333333,0.0,0.0066666666666666,0.0,0.0,0.0,101.54399726946528,239.9428418608855,218529.21545620047,2080.273426582488,20.48642442996649,0.28125,3.125,0.1933333333333333,0.05,1.752293577901271,4.1724137927437575,0.45,1.2048215547869756,5.944444443618828,43,0.4233333333333333,0.7466666666666667,0.6106021454858664,B2B_Services,B2B_Services_Steady
c13d70e9ff34e68cdb25231372f9afe59dfab7b37f32dbe47418103edf0cc628,0.8214634146341463,0.0907317073170731,0.073170731707317,0.0,0.0146341463414634,0.0,0.0,0.0,-49.34739400428267,190.0,55440.36404710921,1260.1734341306274,25.536777763095127,0.4197002141327623,4.389721627408994,0.3414634146341463,0.008780487804878,0.9339622641421326,5.174698795024859,0.7775609756097561,0.5491681470554105,1.2825396825193247,65,0.464390243902439,0.6253658536585366,0.698956158663883,B2B_Services,B2B_Services_Steady
c17617fa89a9d33022b4b914a9e83b61503aa786ba7ec3337e6a667768e5194f,0.8051708217913204,0.0,0.0535549399815327,0.1209602954755309,0.0,0.0,0.0203139427516158,0.0,49.856661604981234,92.42653011181952,21427.824366206816,826.1015908143971,16.569532817780264,0.3202099737532808,5.68503937007874,0.5761772853185596,0.0,2.3633540372303825,5.811320754534235,0.6195752539242844,0.3326034919830715,2.403141361193635,71,0.1569713758079409,0.2714681440443213,0.3841962207223024,B2B_Services,B2B_Services_Steady
c1c56126eed845ddb5ff974d3e752c9c6298fe3ac0a40178e2bbdc94ed3e229f,0.7702702702702703,0.2027027027027027,0.0,0.0,0.027027027027027,0.0,0.0,0.0,-12.681082210569745,10.316911160197686,2145.478689325291,142.90919629504327,11.269479513604365,0.6619718309859155,2.084507042253521,0.8783783783783784,0.0,0.5102040815805915,3.624999998867188,0.4054054054054054,0.7941153283924363,4.909090906859504,12,0.7837837837837838,0.8918918918918919,0.6151960784313726,Subscription_SaaS,Subscription_SaaS
c20f46c02d97791b6130839128b62ab27cb60a6fd1576ec10dc2aac6063e9177,0.8296349319971367,0.0,0.152469577666428,0.0171796707229778,0.0,0.0,0.0007158196134574,0.0,38.7716580310881,333.06,126649.92497409326,5257.596827296542,135.60412664644946,0.199481865284974,7.238341968911917,0.1317108088761632,0.0014316392269148,2.1252796420343927,7.415662650379046,0.5790980672870437,0.5065403734438455,1.8156424580752004,82,0.2032927702219041,0.3636363636363636,0.5346018219218337,Mixed,Mixed
c21f09b4bfcadede667c67f188d485dcd065c26c8de54319e68ec2f484b8f11e,0.9994422132976348,0.0,0.000557786702365,0.0,0.0,0.0,0.0,0.0,-7.134984263296709,13.940160062931144,25614.690693138484,2496.7809800607324,349.93503621376567,0.0632737276478679,24.66024759284732,0.9883980365908076,0.001338688085676,10.779237844870044,4.013422818780724,0.5563364569388666,0.5914507289077613,1.0508856682752803,5755,0.0988398036590807,0.1040829986613119,0.3013431077335696,Digital_B2C,Digital_B2C_Seasonal
c2f1c62c3d97afba8df3efa037d74f34019a6e6d5b8e09f6e331d471e6fdd519,0.3168232280102476,0.645602049530316,0.0,0.0,0.0375747224594363,0.0,0.0,0.0,0.2247619490895467,41.56537987248807,43160.82449556914,2522.6004119390973,11223.43132333206,0.8436123348017621,5.158590308370044,0.659265584970111,0.0051238257899231,0.0933706816055398,3.197132616430159,0.7122117847993168,0.4685842990916125,1.1808219177920436,43,0.5713065755764304,0.6310845431255337,0.8530589896544768,B2B_Services,B2B_Services_Seasonal
c37813396f301c7bddacff6a9c4e4d794f7f0c2300107d5a10d7c130cee3de6c,0.7664670658682635,0.0,0.0,0.2335329341317365,0.0,0.0,0.0,0.0,-24.52696163839518,74.16901148568849,7721.107096619067,713.6365269810066,29.09600207360786,0.4520547945205479,2.287671232876712,0.6467065868263473,0.0,1.1688311687552706,5.185185184224966,0.3952095808383233,0.7271706835238735,2.958333332717014,17,0.5988023952095808,0.8982035928143712,0.4410003522367031,B2B_Services,B2B_Services_Steady
c39f50c13cb00e09439ee011fb4e6dc4df1a452932b61ce4ea450fde46e52cce,0.5811068702290076,0.3692748091603053,0.0305343511450381,0.0,0.0190839694656488,0.0,0.0,0.0,-145.11211499519098,120.47689545248832,29601.007211108536,1261.154645660143,8.690898383053879,0.5824634655532359,4.375782881002087,0.4541984732824427,0.0009541984732824,0.5321637426861684,5.351515151352984,0.5572519083969466,0.3929588183943591,1.566901408423118,55,0.4561068702290076,0.5706106870229007,0.6731132985910055,B2B_Services,B2B_Services_Steady
c4bfef6713089a4412a242783b8adca86a5e05c299091dad9c3b3392772b0d5d,0.6351219512195122,0.2995121951219512,0.0,0.0,0.0419512195121951,0.0,0.0234146341463414,0.0,-556.5053069544364,125.4,179139.95402877696,11652.029143256068,20.937858089465973,0.829736211031175,4.916067146282973,0.4595121951219512,0.0526829268292682,0.1414253897542237,6.649253731095177,0.7736585365853659,0.5475834995176181,1.412371133996351,59,0.4409756097560975,0.5668292682926829,0.7397733180825621,B2B_Services,B2B_Services_Steady
c4c763670719c199b66ebbb4c8bf709778e27f32d0a35ec0942d9d4f1eab175a,0.8852459016393442,0.1010928961748633,0.0109289617486338,0.0,0.0,0.0,0.0027322404371584,0.0,482.04599451264414,138.65233338816364,130863.49356338794,12377.656567109072,25.67733516667076,0.6415770609318996,5.247311827956989,0.3101092896174863,0.0396174863387978,0.4787878787830425,17.299999997837503,0.7049180327868853,0.6983394679327803,0.9759450171653618,181,0.2609289617486339,0.3934426229508196,0.5726987071343477,Mixed,Mixed
c5e08e05088ca34be097ca074dd4b34239363820d667c9777d4aa0a21093a43f,0.3787878787878788,0.0378787878787878,0.0,0.0,0.5833333333333334,0.0,0.0,0.0,-77.9717413793103,382.375,41656.966034482764,2199.1150089692824,28.20400019013523,0.8017241379310345,2.2758620689655173,0.3333333333333333,0.0,0.2110091743022472,4.4999999990625,0.553030303030303,0.6817089853408326,1.82352941149654,5,0.7575757575757576,0.7575757575757576,0.628,Subscription_SaaS,Subscription_SaaS
c6eb89f343e8692fef5b07693ce9976cdd16f949ba1da6a48e4c5a167faca811,0.4080717488789238,0.1345291479820627,0.4484304932735426,0.0,0.0089686098654708,0.0,0.0,0.0,193.5718090339484,606.5511786790556,110264.96466144508,4890.51134058852,25.264584573253547,0.6585365853658537,2.7195121951219514,0.2600896860986547,0.0403587443946188,0.4768211920371913,7.259259257914952,0.6591928251121076,0.6631986020156764,2.4374999997460938,13,0.9192825112107624,0.9775784753363228,0.6710755308040376,Subscription_SaaS,Subscription_SaaS
c7010b89d5116f0911b4f511c1caee9547dcc39380242ef27ec1e81f166c1a8b,0.8953271028037383,0.0233644859813084,0.0,0.0,0.0813084112149532,0.0,0.0,0.0,-0.5528335756281123,333.63506289157385,42656.9882920589,1284.471264493003,2323.43203793168,0.3134556574923547,3.27217125382263,0.1654205607476635,0.0,1.6354679802754253,2.5548172757050693,0.8822429906542056,0.2593119501613362,0.886889460142842,24,0.8046728971962617,0.9074766355140188,0.7928015564202334,Subscription_SaaS,Subscription_SaaS
c72100ad1e8a8a2cd14f19aa8707da7064af4d68ce63c2dd0a8ff85a92c9f73c,0.94455205811138,0.0346246973365617,0.0138014527845036,0.0,0.0070217917675544,0.0,0.0,0.0,307.9731675408723,52.23149967011667,219443.4375916873,8123.65134383553,26.37778936534668,0.2016460905349794,11.330589849108367,0.5815980629539952,0.0203389830508474,2.7040358744273365,3.025341130589545,0.7750605326876513,0.2893467490463917,1.1133384733958622,1661,0.3142857142857143,0.3629539951573849,0.5748509429100361,Digital_B2C,Digital_B2C_Steady
c795ece6b08fb97fe20f3fcadf0aa4f9d2ec9c840766abc0e6c3358991ebefda,1.0,0.0,0.0,0.0,0.0,0.0,0.0,0.0,-295.0758411106232,0.9917783558993694,88725.04011384852,9302.555851832054,31.525982664332357,0.7058823529411765,2.117647058823529,0.8148148148148148,0.074074074074074,0.3846153845660749,3.4999999985416665,0.2962962962962963,0.7676959385365361,6.499999994583333,9,0.9074074074074074,1.0,0.5637860082304527,Subscription_SaaS,Subscription_SaaS
c7a7ee09bf0845468bafb714b70d86b67a2911f5cc6fa868d013d8713c642dfe,0.9791666666666666,0.0,0.0075757575757575,0.0,0.0132575757575757,0.0,0.0,0.0,-216.34821425607333,454.44725719668713,726550.3135139698,46939.525455478586,216.96285136770555,0.6666666666666666,7.880597014925373,0.2203282828282828,0.1199494949494949,0.1909774436083046,35.83720929815847,0.8579545454545454,0.8157970790574505,0.7278797996600345,231,0.2051767676767676,0.3440656565656566,0.662968688430178,Digital_B2C,Digital_B2C_Seasonal
c87c540fb7dafc9afcb76330406b52e0870eb33a4989b36a4e7a77a23d18866c,0.9987244897959184,0.0,0.0012755102040816,0.0,0.0,0.0,0.0,0.0,208.73286806979664,1086.3562426222245,132481.9250221097,6000.555712444138,28.74753634942716,0.152755905511811,2.469291338582677,0.1084183673469387,0.0599489795918367,3.78048780476279,2.4690265486179417,0.9489795918367347,0.4158893029868767,1.1193415637629764,7,0.9961734693877552,1.0,0.7510932944606414,Subscription_SaaS,Subscription_SaaS
c8df40b557f4e307a0b431050914bc33598f44e576ceeddcf84789198b9cfa9a,0.4615384615384615,0.2615384615384615,0.1384615384615384,0.0,0.1307692307692307,0.0,0.0076923076923076,0.0,-42.6457400724942,220.00474351407712,82857.93850675966,6712.176078847091,157.3938232954338,0.7021276595744681,2.765957446808511,0.4461538461538462,0.0384615384615384,0.299999999985,6.222222220493827,0.3230769230769231,0.8808319274281652,1.7222222219830248,11,0.8846153846153846,0.946153846153846,0.6950146627565983,Subscription_SaaS,Subscription_SaaS
c931bd9528a2b730cdea4b0ea572f588017d51cd6bd18d9d8ac7e8a6efd6d200,0.8793969849246231,0.1155778894472361,0.0050251256281407,0.0,0.0,0.0,0.0,0.0,108.9590195004838,27.90787390552952,14637.035523576722,1064.363710285278,9.768477314380268,0.6697247706422018,3.651376146788991,0.6683417085427136,0.0,0.2208588956987466,8.476190474172336,0.5226130653266332,0.6531997276985746,3.099999999225,19,0.628140703517588,0.8693467336683417,0.5503919372900336,B2B_Services,B2B_Services_Steady
c980e15724fe2d126b4352f2b9368bfc2e384676389635828e6b292b31f11998,0.9515151515151516,0.0,0.0,0.0,0.0,0.0,0.0484848484848484,0.0,0.0207674418591922,129.637,614728.0458139535,59330.24487937012,2856886.1159107,0.7209302325581395,3.8372093023255816,0.4969696969696969,0.0909090909090909,0.2043795620363365,6.499999998522728,0.4424242424242424,1.244707124133885,0.4361702127427568,20,0.5575757575757576,0.6484848484848484,0.6440677966101694,B2B_Services,B2B_Services_Seasonal
ca27555826b0a5b8f7ca5a2a9f8d58c46293917bc551811e2f087ee1c1573536,1.0,0.0,0.0,0.0,0.0,0.0,0.0,0.0,-6.3505416076451215,45.411344253904126,8303.477346063224,394.04894417249454,62.049659367261015,0.3060344827586206,3.0086206896551726,0.7191977077363897,0.0,1.342281879149588,7.724999999034376,0.7478510028653295,0.5192754145462072,2.586666666494222,33,0.3638968481375358,0.7020057306590258,0.507488679902473,B2B_Services,B2B_Services_Steady
ca33fae0428f473307618a4a8ef15ce52f3e24df70a5f0223173a6cc5604f0bd,0.6317204301075269,0.0913978494623656,0.0,0.0,0.2768817204301075,0.0,0.0,0.0,-0.1297379447329644,184.65612379903516,22609.957198686967,680.9783788087814,5248.875552342551,0.5631067961165048,3.611650485436893,0.314516129032258,0.0,0.5762711864284689,8.538461537366864,0.6747311827956989,0.5618673696762334,2.289473684059903,22,0.706989247311828,0.7983870967741935,0.7234012044737597,Subscription_SaaS,Subscription_SaaS
ca74f0d636efd785dfa174316368bf328f35516d9fbc7376ddb26809338f5c14,0.8509316770186336,0.0186335403726708,0.1304347826086956,0.0,0.0,0.0,0.0,0.0,-697.6594535687021,147.10659941167378,100064.88521161364,11113.754459334195,15.930056422693433,0.6062992125984252,2.5354330708661417,0.3726708074534161,0.0434782608695652,0.6262626262309968,11.384615380236689,0.5838509316770186,1.2872616110019468,2.3589743586719267,31,0.6211180124223602,0.7950310559006211,0.6047366271947734,B2B_Services,B2B_Services_Steady
ca856fbf707d135f14f6d3688bbdae730b46ba041e2ee56ff93b47c921de3e5e,0.3126760563380282,0.4535211267605634,0.0,0.0,0.2338028169014084,0.0,0.0,0.0,2.135215646655794,3.0699066333317515,7912.896879410282,228.8902231427089,107.19770737406456,0.5659340659340659,3.901098901098901,0.7183098591549296,0.0,0.3295880149751013,4.546874999644775,0.5887323943661972,1.6823989754532624,0.9185185184844992,2,0.6140845070422535,0.6140845070422535,0.1009174311926605,B2B_Services,B2B_Services_Seasonal
cb2256df40101acfe2100947b8c0810cdb0350969a566b70a60c3e712e0e76b2,0.9701492537313432,0.0,0.0,0.0,0.0,0.0,0.0298507462686567,0.0,-1439.799515625,5.605,92910.93515625,10056.256396041126,6.98448380266747,0.453125,2.09375,0.5074626865671642,0.0895522388059701,1.1612903223933402,5.69999999715,0.3880597014925373,1.6611174527662964,10800000000.0,6,0.9701492537313432,1.0,0.4800995024875621,Subscription_SaaS,Subscription_SaaS
cb8559f8169dbc3dd617631189fe49f24a9678fe0e91653a0b2bab105e746746,0.4106478034251675,0.118391660461653,0.4069247952345495,0.0063291139240506,0.0569620253164556,0.0,0.0007446016381236,0.0,391.0517754962222,371.00513718486224,603553.2574608123,35851.63287486454,91.6800155898898,0.7734806629834254,9.89318600368324,0.2550260610573343,0.0718540580789277,0.1053497942384663,6.923303834706146,0.5759493670886076,0.5507666601138949,0.9989583333281304,313,0.1787043931496649,0.2609828741623231,0.6690602631257885,Mixed,Mixed
cbb748235d7b8aaf0d091799c436e2cc6cac375583e2242e0fe8cb90621c4bf6,0.958409134894523,0.000464486162183,0.0391910199341977,0.0,0.0003483646216373,0.001490226437004,9.676795045480936e-05,0.0,4545.868607392344,145.80541634555644,5824826.110360204,244059.29748252773,53.68815479732731,0.5495750708215298,146.37393767705382,0.4188503967485968,0.0152312754015869,0.2972308001305143,43.77469670691605,0.8938455583510742,0.7370865087715052,1.5848064978494352,3821,0.0966711825043545,0.1330172246951809,0.7163423630028303,Digital_B2C,Digital_B2C_Steady
cc309780a7494d641b6acfb7c61d772c308615159134c011f58941563d5af63c,0.7395833333333334,0.1223958333333333,0.0989583333333333,0.0390625,0.0,0.0,0.0,0.0,25.719982756386795,87.48964014012617,23458.45030494692,1223.04967281805,47.55250747743276,0.7053941908713693,3.1867219917012446,0.5130208333333334,0.0,0.2757475083010673,10.294117645544985,0.7109375,0.6790610439991516,1.6699999999164998,56,0.5052083333333334,0.6796875,0.6742304656669298,B2B_Services,B2B_Services_Steady
cc36090032ec311623707d4f9ba0381e65655ef9e659417b9357ae0d2495a6c8,0.9358288770053476,0.0,0.0,0.0641711229946524,0.0,0.0,0.0,0.0,-63.58416571904916,286.33437404156047,72520.24827495453,4816.645353245343,75.75227728504746,0.7467811158798283,3.2103004291845494,0.3582887700534759,0.0160427807486631,0.2764505119406749,13.38461538204142,0.4518716577540106,0.6448269134808792,3.4035087716312717,22,0.5,0.820855614973262,0.4691298006806028,B2B_Services,B2B_Services_Seasonal
cc39100cfdb08e63a84fa4ffce2b5c00ace576cff74c1f92e0fd81ce270622c8,0.7442893401015228,0.0,0.0532994923857868,0.2024111675126903,0.0,0.0,0.0,0.0,-4.674172334067172,377.36000060536736,72087.82584579455,2745.7799306713105,587.4366045052813,0.3313131313131313,6.367676767676768,0.0,0.0,0.9949367088544624,20.01333333199911,0.5513959390862944,0.6307468425493156,1.166015624988613,297,0.3274111675126903,0.4067258883248731,0.6807971163466414,Mixed,Mixed
cc59c025d2c17c1c17297146e4a13579ecbb81af3cea3c66f7678fe5f6b62252,0.9291504719600222,0.0375347029428095,0.0115491393670183,0.007329261521377,0.0131038312048861,0.0013325930038867,0.0,0.0,21.86283947655373,130.1463401506616,334855.61709312606,7070.529929946665,323.4040086282132,0.3888091822094691,25.83931133428981,0.4395335924486396,0.0082176568573015,2.151907595376003,15.67592592578078,0.68317601332593,0.8927901153387898,1.0174531350985496,615,0.1529150471960022,0.2296501943364797,0.7576682756099417,Digital_B2C,Digital_B2C_Seasonal
cc8d44796a372d325ee5a7de0961781c6ccc2edb62cc83324d43fd7ecf3f7191,0.6545454545454545,0.0545454545454545,0.2272727272727272,0.0,0.0636363636363636,0.0,0.0,0.0,0.8962173913043396,182.175,22792.237826086955,718.1438883087139,801.3054502886682,0.4782608695652174,2.732919254658385,0.3090909090909091,0.0,1.19999999994,5.874999999082032,0.5590909090909091,0.4190335715445833,1.3243243242348428,112,0.4136363636363636,0.4590909090909091,0.443337912087912,B2B_Services,B2B_Services_Seasonal
cc90d1e1c2a266bf1aacc38abcbff55ca2593ad19b9a4e14eb10d3abd39447de,0.9280868385345996,0.0705563093622795,0.0,0.0,0.0013568521031207,0.0,0.0,0.0,1561.7579343280768,859.1481950877303,1164826.293297472,67325.22494381893,43.108617195758654,0.8015665796344648,7.697127937336814,0.1404341926729986,0.1797829036635006,0.1269113149842243,4.89599999990208,0.6906377204884667,0.5934934591738653,1.7962085307844051,132,0.248303934871099,0.4165535956580732,0.6814574314574314,B2B_Services,B2B_Services_Steady
cc992bf5dd4cee0174d1089d89033e4d94022e3accfacc2718ba6e63fb7d55ab,0.7390029325513197,0.1700879765395894,0.0366568914956011,0.0183284457478005,0.0359237536656891,0.0,0.0,0.0,-41.24716926828059,458.7426645614215,498119.1062768944,13221.73950972102,320.5490156310716,0.4497991967871486,5.477911646586345,0.2697947214076246,0.1634897360703812,1.3971880491968611,23.3571428550574,0.7719941348973607,0.7637849866367227,0.8907563025116517,112,0.3841642228739003,0.4970674486803519,0.7239070806469856,B2B_Services,B2B_Services_Seasonal
cd2c0d669e7b5c840bd2a84965191174f4ebad6102a949fe25a647c3f79b10fb,0.9241071428571428,0.0,0.0625,0.0,0.0,0.0,0.0133928571428571,0.0,-20.35050793650793,47.5,6489.649047619047,323.6895281417858,15.90572230396488,0.4126984126984127,3.555555555555556,0.9285714285714286,0.0,0.763779527528985,5.399999999228572,0.5223214285714286,0.4428769064027775,1.9189189186596056,54,0.5446428571428571,0.6651785714285714,0.5732473544973545,B2B_Services,B2B_Services_Steady
cd7cab24c9752a6bb0c92934ae877dc5d400cffdb88ef221ac5b6599aa748224,0.7086991221069433,0.1412609736632083,0.0830007980845969,0.0,0.0662410215482841,0.0,0.0007980845969672,0.0,-76.66418473931408,209.6263271229484,224599.39756604552,5138.910293596423,67.0314346966613,0.5535714285714286,11.1875,0.2729449321628092,0.0159616919393455,0.3315621679047207,9.441666666273264,0.7837190742218675,0.5611539420274554,1.1085271317686236,231,0.4006384676775738,0.4964086193136472,0.7026461168520227,B2B_Services,B2B_Services_Steady
cdbb5614b357467f9baf28a153ac6eaa1bf7529219648d20d548ed06035396dd,0.9692307692307692,0.0307692307692307,0.0,0.0,0.0,0.0,0.0,0.0,139.13112714091304,76.3013201003714,102053.66507312578,16595.147701681966,119.27703053595984,0.8333333333333334,2.549019607843137,0.5769230769230769,0.0307692307692307,0.1711711711634607,4.416666665746527,0.5,1.3050449613631716,2.433333332927777,36,0.5538461538461539,0.7230769230769231,0.57421875,B2B_Services,B2B_Services_Seasonal
ce2632cda515d3e9f8e68edaa913e7d0bea44552ab5bf2a31260534db4ba4c5b,1.0,0.0,0.0,0.0,0.0,0.0,0.0,0.0,-2.1705426295086694,28.92420722572523,17894.344703309,781.3159154293621,359.96340325579746,0.4878787878787878,7.109090909090909,0.7740835464620631,0.0,0.5495376486093162,9.289473683803092,0.2591645353793691,0.5615909697796212,1.218934911224572,153,0.5643648763853367,0.6615515771526002,0.7480623394569536,B2B_Services,B2B_Services_Seasonal
ce7fcd9e24896d2eef7819d0dab6587526c0e2671c3ac911a809adebbe6e6413,0.4463048498845265,0.4439953810623556,0.0028868360277136,0.0,0.1068129330254041,0.0,0.0,0.0,-24.46104315573133,94.60937031325471,127107.57048579886,6572.835397814294,268.7062588983327,0.8729096989966555,5.792642140468227,0.5178983833718245,0.0225173210161662,0.0913673597980738,3.8926553671766575,0.7511547344110855,0.4428033978454176,1.0545454545367394,59,0.5282909930715936,0.5998845265588915,0.8032447001503136,B2B_Services,B2B_Services_Seasonal
ce927d52c0acbfd92534c5a8d379618d0175ea66d8664d5d333d04da28c78aa0,0.8230337078651685,0.1685393258426966,0.0056179775280898,0.0,0.0028089887640449,0.0,0.0,0.0,117.4387743570787,281.1302631077654,77392.08371678177,6420.86986774087,54.67419003940845,0.7531380753138075,2.9790794979079496,0.3370786516853932,0.0224719101123595,0.2898550724585171,2.67010309264587,0.348314606741573,0.4434963206850774,1.2962962962362825,69,0.3932584269662921,0.5337078651685393,0.6143843965867534,B2B_Services,B2B_Services_Steady
ceec295bc97a3c6727adaf32e3eda1dc7a7d6b22512b5d4325070007582f587c,0.6987951807228916,0.2771084337349397,0.0120481927710843,0.0,0.0120481927710843,0.0,0.0,0.0,-81.98311103816704,9.420533381704132,23369.89320489914,1781.5803520819738,21.731065451215347,0.6811594202898551,2.4057971014492754,0.7710843373493976,0.0,0.4310344827214625,3.1499999992125,0.3132530120481928,0.5253628639250504,2.3999999994,9,0.8795180722891566,0.963855421686747,0.6277777777777778,Subscription_SaaS,Subscription_SaaS
cf7676a28fb1ad2bea135bc81afca311664fbc734eed46e6d74e2442829fe45e,0.681107099879663,0.1648616125150421,0.1419975932611311,0.0,0.0120336943441636,0.0,0.0,0.0,-2.2260025641371985,113.67776610025471,58953.74215724658,6557.683460202999,2945.9460363583653,0.5816326530612245,4.239795918367347,0.4789410348977136,0.0108303249097472,0.6294117646997116,6.353982300603806,0.6606498194945848,0.7158780166502036,1.167968749977188,191,0.2406738868832731,0.3646209386281588,0.6308517090650512,Retail,Retail_Seasonal
cf7c5deae9d15fbcea867edd734efa8461d774a5c4720c90bd690172c87014f6,1.0,0.0,0.0,0.0,0.0,0.0,0.0,0.0,-258.23040824759545,158.52926102582998,50340.17888266201,1782.961209613927,6.904536230432435,0.8,2.3692307692307693,0.4805194805194805,0.0389610389610389,0.2622950819457135,4.133333331955556,0.5064935064935064,1.1928833619890065,6.999999996111111,13,0.8571428571428571,0.961038961038961,0.6093906093906094,Subscription_SaaS,Subscription_SaaS
cf9649528a5f1e2bb810cd849f0940720b2c91af4c13a6fb9f625190c8097547,0.9585028478437754,0.0113913751017087,0.0105777054515866,0.0,0.0016273393002441,0.0179007323026851,0.0,0.0,172.6555008767486,154.2977134024666,44014.46248119772,2529.727761873353,14.651880472274664,0.2113289760348584,5.355119825708061,0.2294548413344182,0.0048820179007323,4.09958506215561,7.248322147407774,0.7445077298616761,0.5697374080275038,1.2510121457236636,77,0.161920260374288,0.2595606183889341,0.3786839685944649,B2B_Services,B2B_Services_Steady
cfbe2afe348a96665311a06184c3d905919df8b789dcf139d19f8c90cb8b87f8,0.3975155279503105,0.5590062111801242,0.0,0.031055900621118,0.0124223602484472,0.0,0.0,0.0,17.897832844574815,70.11474999999999,50133.33035190615,2815.3680209857266,157.30217417166784,0.7859237536656891,3.777126099706745,0.5760869565217391,0.015527950310559,0.1541218637979021,5.9247311824771645,0.7531055900621118,0.5361317225464168,1.0999999999738097,41,0.4875776397515527,0.610248447204969,0.7697560975609756,B2B_Services,B2B_Services_Seasonal
cfc01a4bfa74ce9ec18e7c32f47abf4771a84b066181edd35c52fb215aca26c6,0.915742024965326,0.0131761442441054,0.04750346740638,0.0166435506241331,0.0069348127600554,0.0,0.0,0.0,52.324980225988725,193.79525,101089.7254237288,2781.6518978572144,53.16106925051479,0.4152542372881356,8.146892655367232,0.3453536754507628,0.0010402219140083,2.5042527338851506,5.1231422504764,0.5558252427184466,0.2975965209005871,1.0199203187200203,299,0.2829403606102635,0.3810679611650485,0.7400747728016573,Digital_B2C,Digital_B2C_Steady
cfdca91214185ea1795d5050089454a73091ff14c90f45f9a083c87c0173bb6b,0.6064545047064097,0.3623935454952935,0.001344688480502,0.0,0.0215150156880322,0.0080681308830121,0.0002241147467503,0.0,-16.64269871836985,86.51583965156802,160986.3514992514,6591.683820189444,396.07060896638,0.691358024691358,13.771604938271604,0.5277902285970417,0.0134468848050201,0.1726675427067376,5.7914764078706895,0.6337965038099507,0.5607830212165714,1.6756756756681277,301,0.2868668758404303,0.3547736441057821,0.7585250027273668,Retail,Retail_Seasonal
cff62afaf46cd7edc81cdc6ded9e3caf10a5fbc1150322b8458e2bf3849ac289,0.54510556621881,0.0,0.0057581573896353,0.0,0.0,0.4491362763915547,0.0,0.0,-3.596648556855844,29.402802023506784,7337.655862967009,226.37888958176276,62.94162061534441,0.278969957081545,4.472103004291846,0.8809980806142035,0.0,1.0193798449414848,3.5304347824551985,0.3761996161228407,0.3278861375216593,1.1796407185275557,107,0.5547024952015355,0.6583493282149712,0.6941360073187794,B2B_Services,B2B_Services_Steady
d067efd82d853035bcc85ed52ea3f25fdcf287c2f9e89e835f8ed6a21d17fe7a,0.7940251572327044,0.080188679245283,0.0047169811320754,0.0,0.1210691823899371,0.0,0.0,0.0,-59.42761466469788,372.18967596346056,150948.72556689088,6683.126855075515,112.45827199456733,0.6624203821656051,4.050955414012739,0.3333333333333333,0.0534591194968553,0.3677419354799167,8.352941175856401,0.7578616352201258,0.6078205943400897,1.1244239631077322,76,0.4591194968553459,0.5801886792452831,0.696261907052824,B2B_Services,B2B_Services_Seasonal
d0811806f58dee1a26b3bb63ac149ad5b5273345a3e655599d530140e2ff8143,0.5876288659793815,0.1835051546391752,0.1484536082474226,0.0,0.0804123711340206,0.0,0.0,0.0,-4.445879212894578,206.0929171816127,53036.22846586307,3520.437217127016,791.8427470989562,0.6048109965635738,3.333333333333333,0.3175257731958762,0.0082474226804123,0.7446043165333704,8.326923076122412,0.6804123711340206,0.5405224470557963,1.0962962962556928,80,0.465979381443299,0.6164948453608248,0.7062793427230047,B2B_Services,B2B_Services_Seasonal
d08f731b65c43a64139ed4403934d25d1040fde34b6992272b3cd63ac57f60dc,0.9381443298969072,0.0154639175257731,0.0,0.0,0.0463917525773195,0.0,0.0,0.0,-4.057035224840665,244.10263615988444,33399.53165720056,1197.40361657546,295.1425233610244,0.2666666666666666,3.4035087719298245,0.2216494845360824,0.0,1.2716627634511517,2.4275618374129406,0.7536082474226804,0.6028856576227701,0.846361185972421,16,0.8886597938144329,0.9577319587628866,0.7828208556149733,Subscription_SaaS,Subscription_SaaS
d09681acce4242b2ed5eb4b9fd8c8039327bcae2aa00157a7f2bf74aef72a3f2,0.3771428571428571,0.4914285714285714,0.0028571428571428,0.1285714285714285,0.0,0.0,0.0,0.0,-5.515834635483917,47.30677060910045,26590.265477013658,2248.289903739399,407.60647268137086,0.8582375478927203,2.681992337164751,0.6171428571428571,0.0142857142857142,0.1475409836041386,4.468749999650878,0.5142857142857142,0.6299511725936056,1.0887096773754552,58,0.4971428571428571,0.5714285714285714,0.7005444646098004,B2B_Services,B2B_Services_Seasonal
d0f8ed7b0e93bcca5ce31b73337b2fb777b1dd959f41aae2dc88f9f62a2fd5cc,0.8082191780821918,0.0,0.0410958904109589,0.1506849315068493,0.0,0.0,0.0,0.0,67.9244539025827,44.85959468742368,5333.001516733234,288.2309606191507,4.243404900834356,0.5462184873949579,2.453781512605042,0.7945205479452054,0.0,0.9729729729072316,4.0344827579250895,0.3493150684931507,0.5382894815250835,3.833333332534722,44,0.541095890410959,0.6506849315068494,0.5438978829389788,B2B_Services,B2B_Services_Steady
d1180bdb0f5c05e240c4632b4fb0914f8e7b26778fb20584e181782310ec495f,0.4696969696969697,0.3371212121212121,0.1931818181818181,0.0,0.0,0.0,0.0,0.0,80.73743420838741,86.91107109684285,44425.41937788853,2397.997740965727,29.701188354330924,0.7433155080213903,2.823529411764706,0.5037878787878788,0.0037878787878787,0.2692307692242973,7.249999998867188,0.4962121212121212,0.4712381672747519,1.5243902438094885,49,0.6060606060606061,0.7348484848484849,0.692734693877551,B2B_Services,B2B_Services_Steady
d11ac6251cdad307b5fcc112cfa3e90f6e09f0b61037b106ff43bbe77fcf74e7,0.9010989010989012,0.0,0.0989010989010989,0.0,0.0,0.0,0.0,0.0,-3.3789835483613104,116.20240119111654,18540.82791934429,960.3281075935552,284.2062090587032,0.5882352941176471,2.676470588235294,0.4945054945054945,0.0,0.7499999999278847,3.3333333325396826,0.4835164835164835,0.5880038060610009,2.3333333328472223,42,0.5054945054945055,0.6263736263736264,0.4754055468341183,B2B_Services,B2B_Services_Seasonal
d14a84d4441e53f81fb4edd43be870d2e001cbdaaad2a05a573127a47840f776,0.8359621451104101,0.0,0.1640378548895899,0.0,0.0,0.0,0.0,0.0,233.01253591160236,1900.0,602307.4519889504,15749.446197586649,67.59055316614204,0.585635359116022,3.5027624309392267,0.2839116719242902,0.3533123028391167,0.5693069306789775,14.095238091882086,0.580441640378549,0.6750948757233767,1.9374999998789064,37,0.5078864353312302,0.7949526813880127,0.6302327564157217,B2B_Services,B2B_Services_Steady
d1b1a4046a48a4374f044e09f48341daadf159f5fcb3216686b8256e7d7a596e,0.8891666666666667,0.0,0.0191666666666666,0.0875,0.0,0.0,0.0041666666666666,0.0,15.421856531049205,105.49275,40521.51603854389,4293.376258120285,278.3955515791739,0.2633832976445396,5.139186295503212,0.4583333333333333,0.0041666666666666,2.1496062991843883,4.555555555450103,0.455,0.4287603165528564,1.492668621678993,71,0.2191666666666666,0.3208333333333333,0.4445890688507681,B2B_Services,B2B_Services_Seasonal
d1ccd52ccb4d9a5bebecef3e132b2727bb50495d4cad562d50e1648dd2f8c0e1,0.8967173738991193,0.0744595676541233,0.0048038430744595,0.0192153722978382,0.0048038430744595,0.0,0.0,0.0,13.56803707030441,130.43152388681227,88305.49387392325,3776.4021898738624,278.33076866776486,0.574235807860262,5.454148471615721,0.466773418734988,0.0176140912730184,0.4869047619018637,17.367647057546495,0.7141713370696557,0.673725345291135,1.0024999999874686,160,0.3314651721377101,0.4371497197758207,0.7055674061433447,Digital_B2C,Digital_B2C_Seasonal
d1d3f6954a94c18d69165a288834cf3fb52123d0fe91e6326f2718def3f0d6df,0.642023346303502,0.3463035019455253,0.0,0.0,0.0077821011673151,0.0,0.0038910505836575,0.0,0.7073418954294048,82.67135021320681,11040.96339234084,491.6626096292797,695.084803905131,0.5435897435897435,2.635897435897436,0.5680933852140078,0.0,0.7724137930768133,7.862068964161712,0.424124513618677,0.7672660900328858,1.337349397509798,9,0.7898832684824902,0.8132295719844358,0.6347687400318979,Subscription_SaaS,Subscription_SaaS
d207a7d7e23ba6ba5c469be9f17e4e85fcfb1a064af1b728183d5dbdefeb5370,0.5216049382716049,0.4753086419753086,0.0030864197530864,0.0,0.0,0.0,0.0,0.0,7.734174043951604,53.35290730019051,15887.626013399067,1303.7149507065208,168.56550442389084,0.7014218009478673,3.071090047393365,0.7253086419753086,0.0030864197530864,0.3012048192710601,6.043478260212666,0.7438271604938271,0.7279485845594607,1.468085106304889,38,0.595679012345679,0.7067901234567902,0.7310702406574056,B2B_Services,B2B_Services_Seasonal
d21f764e1f20035a7c9a1405a3c6d1d1e69a0267490a271cd8cc284f151e126e,0.6799468791500664,0.2523240371845949,0.0517928286852589,0.0159362549800796,0.0,0.0,0.0,0.0,321.39467639257293,297.9295,145352.51435013264,7831.551341014785,24.367395965218574,0.8010610079575596,3.9946949602122017,0.2682602921646746,0.0703851261620186,0.1461187214600752,5.547826086715312,0.3930942895086321,0.4933545775635161,1.2964601769624675,98,0.3227091633466135,0.4727755644090305,0.6656940983503139,Retail,Retail_Steady
d22ebd9934ba93855f0ea267a323805b0cfc270307eaa2b0c5f1ac9e377a6822,0.915841584158416,0.0,0.0,0.0,0.0,0.0,0.0841584158415841,0.0,-0.9128515527927444,130.51837276684847,13521.708248117237,603.635490532757,661.2635779315717,0.4055944055944055,2.825174825174825,0.3415841584158416,0.0,0.9803921568146866,15.83333332673611,0.3514851485148514,0.7690804829115327,0.6021505376020349,11,0.4801980198019802,0.698019801980198,0.3021766965428937,B2B_Services,B2B_Services_Seasonal
d2a9d46443e64cce12291dba9c278e3a436885861e542161a6a56a95b080ed00,0.8849557522123894,0.1002949852507374,0.0147492625368731,0.0,0.0,0.0,0.0,0.0,-316.40974099816555,177.53147938418178,72573.8362479662,6817.924589705414,21.547770836579478,0.6544117647058824,4.985294117647059,0.3687315634218289,0.0206489675516224,0.4184100418322508,6.369565216698961,0.6047197640117994,0.7309034881780622,2.253731343115393,43,0.5811209439528023,0.7964601769911505,0.6919819507115584,B2B_Services,B2B_Services_Steady
d2b3a74b3a8addba0116ed9ada00d4704d0a66c4745dc039dc33249648203e41,0.8764204545454546,0.0880681818181818,0.018465909090909,0.0,0.0170454545454545,0.0,0.0,0.0,-0.2707175226039983,44.25171092411841,19098.0156717134,747.9440265249904,2762.820787152608,0.6109589041095891,3.857534246575343,0.6022727272727273,0.0,0.5172413793047711,5.285714285478316,0.5213068181818182,0.494273777469894,1.5953757224972434,99,0.4772727272727273,0.6278409090909091,0.7350109279933842,B2B_Services,B2B_Services_Seasonal
d322921e979a35353740c33e450ecb35de2eb22ff1895031f134b1460d2f96ab,0.968476357267951,0.0,0.0052539404553415,0.0,0.0262697022767075,0.0,0.0,0.0,-2.24367261123318,169.35882784019395,31505.889001599626,1241.2575273213924,553.2257761558661,0.4772727272727273,3.707792207792208,0.4203152364273205,0.0,0.8660130718812743,7.784615384016567,0.6042031523642732,0.5233647346120335,1.2251308900202844,102,0.4203152364273205,0.5831873905429071,0.6781741065220415,B2B_Services,B2B_Services_Seasonal
d324d329d5c320f73156226554cf225f2cae348c52b150061305837c9d6554a4,0.912994350282486,0.0,0.0214689265536723,0.0542372881355932,0.0112994350282485,0.0,0.0,0.0,-2.038644099847344,120.6768449642904,50212.95135418645,2683.10287716434,1316.121271095843,0.4567901234567901,4.37037037037037,0.4497175141242938,0.0045197740112994,0.9450549450445598,8.943820224216639,0.6937853107344633,0.5971722158551258,2.3253588516190105,154,0.3412429378531073,0.4858757062146893,0.6841620354673703,Digital_B2C,Digital_B2C_Seasonal
d36f20eac7f9dc0fd715cbd1e83b0fc1b5a3bdde48066e094cea3206fc681403,0.8563432835820896,0.0802238805970149,0.001865671641791,0.0597014925373134,0.0,0.0,0.001865671641791,0.0,-1463.7520642570282,125.4,231179.58819277104,14147.302797294544,9.66509502712728,0.8232931726907631,4.305220883534137,0.4496268656716418,0.0932835820895522,0.1308016877623333,5.871794871418475,0.6175373134328358,0.3904905703003136,2.9259259257904664,58,0.3992537313432835,0.5783582089552238,0.6401515151515151,B2B_Services,B2B_Services_Steady
d37902d0f140d525c3a6835c6e6b2e16d78bbf301c53d63191874788c3433a13,0.999271844660194,0.0,0.0,0.0,0.0,0.0,0.0007281553398058,0.0,-60.3802516127663,793.1479547070982,1786237.343563894,78033.55559937016,1292.368837528125,0.3070607553366174,13.530377668308702,0.3077669902912621,0.1648058252427184,0.4507042253513192,26.28476821105017,0.7126213592233009,0.732982219281303,1.943137254892436,212,0.2735436893203883,0.3740291262135922,0.6556420589851621,Digital_B2C,Digital_B2C_Seasonal
d37e82edcfede5197af4b026177ee7a32b30a0e7e4c10d9e4feba5b45b2ad934,0.8993288590604027,0.0335570469798657,0.0671140939597315,0.0,0.0,0.0,0.0,0.0,-2.808761009624873,103.78717361367777,15466.10486874588,755.2750083803347,268.8997045683888,0.3576642335766423,2.1751824817518246,0.4161073825503356,0.0,1.6607142855660078,3.966666666005556,0.3691275167785235,0.3195342319405174,1.1886792451708794,10,0.7919463087248322,1.0,0.3630872483221476,Subscription_SaaS,Subscription_SaaS
d3e7cd43a07ed072766c3d134d964711e25d04aead45879543c490744812a2f6,0.7229437229437229,0.0779220779220779,0.0649350649350649,0.0,0.1341991341991342,0.0,0.0,0.0,-6.487278394779178,122.8219498695216,22801.997173170665,639.5961829596934,98.59237465259744,0.6458333333333334,3.208333333333333,0.4502164502164502,0.0,0.42592592591278,11.833333330046296,0.6796536796536796,0.6956950793466836,3.047619047256236,47,0.645021645021645,0.7229437229437229,0.698240589198036,Subscription_SaaS,Subscription_SaaS
d4141ce3592a988d5704a56e47c44b6a0cae2cb3b87da38a88664add079dfdd2,0.99,0.01,0.0,0.0,0.0,0.0,0.0,0.0,-309.85705866372325,111.0914846697031,30677.81671342024,4926.85940885552,15.90042657070291,0.281767955801105,2.209944751381216,0.395,0.015,1.985074626717532,15.666666660138889,0.68,0.8528358175777978,1.9056603771787115,15,0.82,0.975,0.5926666666666667,Subscription_SaaS,Subscription_SaaS
d42b26aa01c62f5b96a298b0d1a333e0d7141a97d49d1af2db7be0df5328fc3d,0.5637583892617449,0.0604026845637583,0.0,0.0,0.3758389261744966,0.0,0.0,0.0,2.6300944123526406,70.06446748545211,43357.34730698043,2155.9154128455352,819.7102714346854,0.8255813953488372,3.4651162790697674,0.5033557046979866,0.0067114093959731,0.1825396825324389,4.730769229859467,0.4630872483221476,0.6294066275989066,1.7631578945048478,12,0.6577181208053692,0.7046979865771812,0.735981308411215,Subscription_SaaS,Subscription_SaaS
d44bd14bae1557199edd5e46eb26dd4a8930391d078b67cdfd29554178d09d4f,0.9360106115354708,0.0502218359785939,0.0124411105520742,0.0010977450487124,0.0,0.0,0.0002286968851484,0.0,1730.3194864489774,371.9233217164976,4423599.349641909,90947.89239255748,52.56132934079032,0.3698630136986301,59.8986301369863,0.2402689475369345,0.0753784933449206,2.178223579006993,13.507631055031494,0.6813337602341856,0.5880961220765085,1.017529773851855,2596,0.1078991904130265,0.1488816722316242,0.7564047191400516,Digital_B2C,Digital_B2C_Steady
d45ebea7393e80c04c5fd51328a01130bc3168c6fba93d94139f857bd26473c7,0.8151260504201681,0.1848739495798319,0.0,0.0,0.0,0.0,0.0,0.0,-4.35224249400926,26.90853004946784,6503.049790522913,326.6778634517531,75.05966479368267,0.8055555555555556,2.203703703703704,0.7310924369747899,0.0,0.2142857142747813,4.666666665555556,0.5210084033613446,0.6305174724763791,1.523809523628118,22,0.7394957983193278,0.8487394957983193,0.6486166007905139,Subscription_SaaS,Subscription_SaaS
d4d7e033ed758bb075ad96435d4afb505b7a4059aa3f374f4790d92e42163c88,0.7671232876712328,0.1950424005218525,0.0058708414872798,0.0,0.0319634703196347,0.0,0.0,0.0,-6.8729612040326105,118.0055015861578,57537.87403239863,2544.5241196601773,370.2223889267687,0.5864077669902913,5.953398058252427,0.4670580560991519,0.0026092628832354,0.5531914893588997,5.414225941309326,0.6575342465753424,0.4729654645479018,2.148437499972025,155,0.2870189171559034,0.3679060665362035,0.6343031386844579,Retail,Retail_Seasonal
d52186e0fb209211511bac3b77c0b4cb3b4af496d04f1c0911fa758b98134b94,0.8800501882057716,0.0,0.0893350062735257,0.0183186951066499,0.0,0.011543287327478,0.0007528230865746,0.0,522.4524474885852,310.47450000000003,674065.3164383563,45630.5867714405,87.33921525281795,0.1293759512937595,12.13089802130898,0.2328732747804266,0.0537013801756587,7.625541125458598,18.825870646297865,0.6720200752823087,0.6787002574708014,0.9802342606113462,367,0.2180677540777917,0.3284818067754078,0.7238055514719709,Digital_B2C,Digital_B2C_Seasonal
d5294eaf6979e1d35efd269d413c245e10ce402cd21d7ebfdf34731e25307983,0.8383838383838383,0.0,0.1597796143250688,0.0,0.0,0.0,0.0018365472910927,0.0,16.93736124077929,756.8214224689767,395230.2393987652,20397.543463668047,1204.2928742946635,0.271356783919598,5.472361809045226,0.2304866850321395,0.1028466483011937,1.8657894736596607,31.99999999515152,0.6042240587695134,0.7156550302129289,1.332394366178417,365,0.2662993572084481,0.3636363636363636,0.5858535542221719,Digital_B2C,Digital_B2C_Seasonal
d5464e6822a7561e4cfc959cceabf69bc670b6bb135c13b03ef350d2e6f5c073,0.7224669603524229,0.2422907488986784,0.0352422907488986,0.0,0.0,0.0,0.0,0.0,29.658309394043368,241.0793645294388,80837.39546831256,3999.599579304351,134.85595300853794,0.7942857142857143,2.5942857142857143,0.3700440528634361,0.0440528634361233,0.240437158463376,7.730769229282544,0.7092511013215859,0.681635990614608,1.297297297209642,47,0.4273127753303964,0.5682819383259912,0.5764220581849762,B2B_Services,B2B_Services_Seasonal
d5543f9b17768cdb4239872a7052ed143f15bc0560322639629e16a1573493ab,0.4559139784946237,0.5032258064516129,0.0010752688172043,0.0,0.0397849462365591,0.0,0.0,0.0,-0.2350201499228251,49.75851945436268,58017.85761045153,4027.932221941271,17138.666841448605,0.785,4.65,0.6021505376344086,0.0096774193548387,0.1639549436785735,3.6733668340785584,0.6408602150537634,0.5628793224880492,0.9999999999857144,96,0.4967741935483871,0.5688172043010753,0.7831956417624522,B2B_Services,B2B_Services_Seasonal
d56eda7037aba6f870739e374979b4f9533ea325c01229a2d5725272c16a4de8,0.6486161251504212,0.125150421179302,0.2021660649819494,0.0,0.0240673886883273,0.0,0.0,0.0,7.917836818947192,67.32782660923974,23561.40036075476,2778.67824359988,350.93906374038664,0.5952380952380952,3.5974025974025974,0.5728038507821901,0.0024067388688327,0.5620300751826878,5.756097560741622,0.677496991576414,0.6414225483735809,1.1856060605836058,109,0.5535499398315282,0.6654632972322503,0.774221257202849,B2B_Services,B2B_Services_Seasonal
d5aab3aba3ee4b642bf520aca1df754f3d5e731b76a60a50e9534039c3272602,1.0,0.0,0.0,0.0,0.0,0.0,0.0,0.0,-318.8515173276213,574.7085029903719,171923.46475689474,9963.136835456606,31.24694816774847,0.7285714285714285,2.857142857142857,0.385,0.115,0.3333333333222222,5.451612902346514,0.495,0.7084583723676526,2.6052631575519394,44,0.595,0.76,0.6475,B2B_Services,B2B_Services_Steady
d5f11e2f6231c37bb3f872601f8beddeb7bdc74716f4566a037ffb4165c7acd0,0.8323809523809523,0.1523809523809524,0.0095238095238095,0.0,0.0057142857142857,0.0,0.0,0.0,-16.587332934892277,107.02260083163368,33556.04079082863,1807.9102108461125,108.99342388872832,0.6907216494845361,3.608247422680413,0.4685714285714286,0.0019047619047619,0.2995049504913427,5.645569619895849,0.4895238095238095,0.5054740171780417,3.2499999998153406,94,0.3847619047619047,0.5942857142857143,0.6885486939975782,B2B_Services,B2B_Services_Seasonal
d618fa1e5575d405cdac5ee3f62b1d179d3414e6ab083243d932a636962750e7,0.9716523685192092,0.0175307720999627,0.0018649757553151,0.0089518836255128,0.0,0.0,0.0,0.0,1999.456136262071,156.34957219426485,403448.6092133799,38934.5788489562,19.472584640715656,0.4446564885496183,10.232824427480915,0.4326743752331219,0.0469973890339425,0.4014636696278059,102.11538459574705,0.6329727713539725,0.7464304364729389,0.8516746411442504,205,0.2976501305483028,0.392017903767251,0.6972978898328309,Digital_B2C,Digital_B2C_Steady
d6591747c782480a305ba4a34fe799327dd9b595d10001faa9e3f42c30c50b9c,0.9423076923076924,0.0,0.0576923076923076,0.0,0.0,0.0,0.0,0.0,-15.293698630137005,0.95,18840.155342465758,1017.2056760375684,66.51142408207255,0.7397260273972602,2.8493150684931505,0.6538461538461539,0.0,0.2380952380810657,2.058823529108997,0.3076923076923077,0.4027017759584892,1.4054054052154858,13,0.8653846153846154,0.971153846153846,0.6775147928994083,Subscription_SaaS,Subscription_SaaS
d6b3c078117d8cd0b2ddd843f102b7e72219b29735a36f5d73edd942ce10b5f8,0.9441666666666668,0.0475,0.0025,0.0,0.0058333333333333,0.0,0.0,0.0,0.9249136054147222,163.5782011394502,30385.6721891887,1106.108663443458,1195.9048337151894,0.2417582417582417,3.2967032967032965,0.3141666666666666,0.0,1.9126213592000896,2.498542274016056,0.8666666666666667,0.420577453126846,1.0150753768716698,33,0.8583333333333333,0.9225,0.8505870891657694,Subscription_SaaS,Subscription_SaaS
d6cda88a1a810d65bcde0695601aa12f7325f6fb6922627bbfc8261713f35ff7,0.9650092081031308,0.0033149171270718,0.0099447513812154,0.0088397790055248,0.0106813996316758,0.0,0.0022099447513812,0.0,-6.849625673597396,262.61158982047374,274070.6802620829,1727.7388104838672,252.23842736709452,0.3046728971962616,10.149532710280374,0.3208103130755064,0.038305709023941,0.7448586118227993,13.21465968551794,0.5197053406998159,0.6052444165955195,1.0723830734906885,510,0.1152854511970534,0.1826887661141804,0.6521125172637334,Digital_B2C,Digital_B2C_Seasonal
d7138e9cfa3088dd4643258b0fba4698566de8cdba33c85a4446cf6e5ca0cc8c,0.8421052631578947,0.0,0.0,0.1578947368421052,0.0,0.0,0.0,0.0,-52.22150769230767,121.1805,16254.290769230767,1748.4810439135704,33.482010015507555,0.2153846153846154,2.3384615384615386,0.4078947368421052,0.0131578947368421,2.9999999996052638,3.342857142379592,0.4934210526315789,0.736906044111419,4.039999999192,13,0.8289473684210527,0.9802631578947368,0.5131578947368421,Subscription_SaaS,Subscription_SaaS
d72552ab977758514760010492cba36f3a7763681693df366f94ec4ef39dc0df,0.9582463465553236,0.0,0.0187891440501043,0.0,0.0,0.022964509394572,0.0,0.0,30.423861702127656,47.25,12533.025638297871,786.3755665465909,25.847329112501303,0.1843971631205673,3.397163120567376,0.7348643006263048,0.0,3.696078431191368,4.3222222219820985,0.5678496868475992,0.4432527925480739,3.030612244743336,88,0.2505219206680584,0.4551148225469729,0.5827244258872651,Mixed,Mixed
d7b0a1793b1df288b8a978e71fb63be339db8653269d1878a272a06f19b760d3,0.9321688500727802,0.0381368267831149,0.024745269286754,0.0034934497816593,0.0014556040756914,0.0,0.0,0.0,-68.78062449947004,141.13822589927426,343463.63716405287,18328.547885742348,266.4783580617066,0.2940320232896652,20.0,0.4040756914119359,0.0192139737991266,2.9056281978314225,21.748344370500856,0.7643377001455605,0.6621202111136636,1.13608156028117,645,0.1596797671033478,0.2288209606986899,0.7266840872684818,Digital_B2C,Digital_B2C_Seasonal
d7cdc150a51706b347ed1be433ac4cf5f377f38be76483bebc5cbc6043891b4e,0.8600823045267489,0.1296296296296296,0.0,0.0,0.0102880658436214,0.0,0.0,0.0,0.2848212894650134,26.030094702176022,4064.733124905468,152.358422151964,534.9263641382945,0.4724137931034483,3.3517241379310345,0.8868312757201646,0.0,0.5627009646211785,5.749999999600695,0.6810699588477366,0.7415862251751265,1.556390977385098,18,0.7818930041152263,0.8950617283950617,0.7396221725080786,Subscription_SaaS,Subscription_SaaS
d89c341eeb34d10417121f6f96f5ce20c78446167967260da48ffb798192b330,0.7757009345794392,0.0,0.0,0.2242990654205607,0.0,0.0,0.0,0.0,-9.91928462182483,114.14227180727512,12773.070228435,562.7034486473451,56.72822885251008,0.6451612903225806,2.3010752688172045,0.4766355140186916,0.0,0.4861111110773534,3.863636362758264,0.2242990654205607,0.5965802959416456,8.66666666185185,14,0.8878504672897196,0.9626168224299064,0.6468624833110814,Subscription_SaaS,Subscription_SaaS
d8fc69ce147b00147a7b1200b980e2c7ee069dc948e64f83c87bcbcbd6ef0ef2,0.9227467811158798,0.0,0.0450643776824034,0.0157367668097281,0.0,0.0143061516452074,0.0021459227467811,0.0,-2.991171428571427,135.00375,38595.18085714286,2060.8101135699685,688.9642255190175,0.2510204081632653,5.706122448979592,0.321173104434907,0.0057224606580829,3.2492401215311664,5.47222222209555,0.572961373390558,0.357346511377966,0.362393162390065,88,0.0944206008583691,0.1824034334763948,0.3446632996632996,Mixed,Mixed
d8ff0de62700ea04065d5c1f5f9cfaab4a5a2665c61ac807db618313377086fa,0.875,0.0,0.125,0.0,0.0,0.0,0.0,0.0,-26.828537742965853,48.33733315693894,3177.0582064304567,99.5387146095759,3.710180387992709,0.6438356164383562,2.191780821917808,1.0,0.0,0.5999999999400001,7.888888884506173,0.625,0.6881603048595034,1.874999999609375,30,0.5,0.6875,0.4766666666666667,B2B_Services,B2B_Services_Steady
d914f6653d025090feb4142414853bf81316f4a398267dc2bfe4b8033c8098bb,0.5979899497487438,0.4020100502512563,0.0,0.0,0.0,0.0,0.0,0.0,-25.592829853544565,19.84438003699833,1644.0447489257392,46.80013922372101,1.8286426109675729,0.75,2.763888888888889,1.0,0.0,0.363013698617705,8.476190474172336,0.592964824120603,0.5087060734640702,1.3389830507339846,6,0.9597989949748744,0.964824120603015,0.5763888888888888,Subscription_SaaS,Subscription_SaaS
d96f913578f1238238d09beaee3f3fa8c8ab825cc0f30c68e8824a3337e41272,0.9701686121919584,0.0220492866407263,0.0051880674448767,0.0,0.0025940337224383,0.0,0.0,0.0,-3.285919267783961,119.85201684962632,44257.59540815522,1663.9745304853234,506.3954375676311,0.4310850439882698,4.521994134897361,0.4422827496757457,0.0,1.6770833333042172,10.33823529335748,0.5188067444876784,0.6030210403714646,4.291262135714017,44,0.2555123216601815,0.411154345006485,0.3824266284896206,B2B_Services,B2B_Services_Seasonal
d97e7891f2ec9241bbc5f6d544f1d6cae59c47ecca8515858c8dd066053e1cb2,0.5816993464052288,0.2745098039215686,0.1437908496732026,0.0,0.0,0.0,0.0,0.0,-1180.2040787865326,270.4676101150901,166794.8307911332,20317.64249659133,17.215363733795485,0.7903225806451613,2.467741935483871,0.4509803921568627,0.1045751633986928,0.2142857142772108,6.285714284217687,0.3856209150326797,0.986280164429628,2.074999999740625,7,0.9215686274509804,0.9934640522875816,0.4398496240601504,Subscription_SaaS,Subscription_SaaS
d99757da295ea4714de7cf186ea5f7d11f3cdd18de6aba2ccafe9800e521e714,0.9487179487179488,0.0,0.0512820512820512,0.0,0.0,0.0,0.0,0.0,43.96227379637118,52.387991948259504,5554.821573858794,240.1769379443321,5.463251036608684,0.4606060606060606,3.309090909090909,0.8571428571428571,0.0,1.18399999995264,2.5921052629873613,0.336996336996337,0.3076390735565535,1.4680851062267997,18,0.4468864468864469,0.8351648351648352,0.3339438339438339,B2B_Services,B2B_Services_Steady
da009a805e9cef39a30533a60f6c851a57efd0efeb966c7a49b4ed42ce4ece55,0.5732984293193717,0.1675392670157068,0.0026178010471204,0.0,0.256544502617801,0.0,0.0,0.0,-54.46214285714285,443.91125,70331.60890109888,3761.404905578118,69.06457784361957,0.8278388278388278,2.7985347985347984,0.3246073298429319,0.0261780104712041,0.1790123456762498,4.162162161880935,0.7094240837696335,0.4745820262820022,1.3467741934940816,17,0.7356020942408377,0.8638743455497382,0.6755328218243819,Subscription_SaaS,Subscription_SaaS
da012007ef20bc77895521f7bfabda81e24a7678761a42262e3f9656deaa6dc1,0.9487179487179488,0.0,0.0512820512820512,0.0,0.0,0.0,0.0,0.0,56.38875284103695,5.027631335917707,28766.733574025548,2630.582655178238,46.65083943472716,0.6730769230769231,2.25,0.6324786324786325,0.0341880341880341,0.4624999999710937,5.499999998472222,0.4444444444444444,0.8800884887927025,1.374999999828125,23,0.7606837606837606,0.8717948717948718,0.653288740245262,Subscription_SaaS,Subscription_SaaS
da6e32de4cf91070a87a3579640357f910f1e4fdae901e0c68827e9c0b868287,0.2295081967213114,0.6024590163934426,0.0,0.0,0.1680327868852459,0.0,0.0,0.0,151.88572598671968,59.744388854328975,49842.03659538491,4420.848678493318,29.10641305812237,0.8666666666666667,2.957575757575757,0.5860655737704918,0.0286885245901639,0.1509433962228551,4.304347825619093,0.5450819672131147,0.8520375638205577,1.224999999923437,23,0.4754098360655737,0.5327868852459017,0.7144535840188014,B2B_Services,B2B_Services_Steady
db26d5741c04e2f6a09a4f46d0289a8629909b8c80a96f390c09b4489bf6964c,0.5038684719535783,0.4342359767891682,0.0125725338491295,0.0493230174081237,0.0,0.0,0.0,0.0,-82.40743426917076,120.59627281692268,188126.9420343909,10968.668107746516,133.10289543280862,0.721627408993576,4.428265524625267,0.4758220502901354,0.086073500967118,0.3155216284967206,7.616666666349305,0.6702127659574468,0.6001507656372366,1.564748201410706,73,0.4274661508704062,0.5454545454545454,0.7536090944149159,B2B_Services,B2B_Services_Seasonal
db6445e037832435eabdd1de0f0f89a5808eab36bccf27bd4c876a7199c90f7e,0.6220238095238095,0.2053571428571428,0.1666666666666666,0.0,0.0,0.0,0.0059523809523809,0.0,3.2767921915147764,10.840323118074398,7627.043512585285,523.6230481572727,159.79745310527025,0.726457399103139,3.013452914798206,0.8154761904761905,0.0,0.3333333333267195,4.333333332989418,0.3958333333333333,0.9634234327034538,1.7662337661190757,59,0.5059523809523809,0.5952380952380952,0.6752443399727824,B2B_Services,B2B_Services_Seasonal
dbefd6c57be398622b2ffc23328942f658489b0383de77d0a15b7b33a78b74a8,0.6867469879518072,0.0,0.036144578313253,0.2771084337349397,0.0,0.0,0.0,0.0,0.2164554447434943,558.036076887659,48125.75564121869,1005.2682418550876,4644.226882830734,0.6282051282051282,2.128205128205128,0.3855421686746988,0.036144578313253,0.659999999934,9.374999994140625,0.3614457831325301,1.7781469562385697,28.9999999275,6,0.9879518072289156,1.0,0.4397590361445783,Subscription_SaaS,Subscription_SaaS
dc1036d065d7a2b550e91d507df3f76ea723e4b64906153bd8d0bfedaa680ec9,0.4919053549190536,0.3499377334993773,0.0672478206724782,0.0896637608966376,0.0012453300124533,0.0,0.0,0.0,-2.094272193955708,83.43785110331284,50188.75858731829,1205.7415229734008,575.7329542434691,0.7419354838709677,4.317204301075269,0.572851805728518,0.0024906600249066,0.2334869431625692,4.735714285545153,0.597758405977584,0.4850441412898607,1.706730769189742,65,0.3960149439601494,0.5442092154420921,0.7014279134039613,B2B_Services,B2B_Services_Seasonal
dc3ff0d115f8988f99838d80597ecb8682ff7320efce65b803c584cba09af57f,0.75,0.1877828054298642,0.0,0.0271493212669683,0.0350678733031674,0.0,0.0,0.0,-12.881030929411738,135.78837042440946,86029.25744480701,4526.976467668779,351.44519790086935,0.7461928934010152,4.48730964467005,0.3947963800904977,0.0339366515837104,0.3135215453171358,13.73333333218889,0.7115384615384616,0.7330826397052562,1.4103773584573025,76,0.3846153846153846,0.5214932126696833,0.6867485973817793,B2B_Services,B2B_Services_Seasonal
dcc35831fe2532c4295166516af5a4544caf035dd99a17e60442013fcbb5ad20,0.5867768595041323,0.0082644628099173,0.0,0.4049586776859504,0.0,0.0,0.0,0.0,-22.11766826166652,83.69638863272127,47114.91115618437,2924.167146940561,132.20955803404098,0.5263157894736842,2.5473684210526315,0.512396694214876,0.0082644628099173,0.6351351350922205,3.653846153143491,0.3140495867768595,0.4245261753772253,0.5735294117225346,6,0.9173553719008264,0.9917355371900828,0.1722222222222222,Subscription_SaaS,Subscription_SaaS
dd118611a995aae51fd341940f9a3e40fff30cb3e9cf695cb73d283330d089d3,0.9861111111111112,0.0,0.0138888888888888,0.0,0.0,0.0,0.0,0.0,109.07243363408756,300.6056468934926,833348.8163515308,27528.35557570161,252.38600309890344,0.5448275862068965,4.965517241379311,0.3638888888888889,0.2666666666666666,0.4285714285629252,11.85714285502551,0.5111111111111111,0.802644976321629,0.3538461538325443,31,0.675,0.8694444444444445,0.6829749103942653,Subscription_SaaS,Subscription_SaaS
dd4d932c949eacae8d2061d15e75f743bc3f0e7ed2d4484cec1bae7e8e98757a,0.9281767955801103,0.0,0.0718232044198895,0.0,0.0,0.0,0.0,0.0,1.5797173913045075,53.256,152486.82978260872,11732.663223187374,7427.064621494143,0.2898550724637681,2.6231884057971016,0.574585635359116,0.0552486187845303,2.120689654989596,9.647058820692042,0.56353591160221,1.2243224243397144,5.285714284455782,38,0.4917127071823204,0.6795580110497238,0.5479790636813027,B2B_Services,B2B_Services_Seasonal
dd84c444ea5b5db0b37bb06dab3e386e0f5626d2c9c9c437e648aa88f9192f6e,0.8573931324456903,0.1030133146461107,0.0091100210231254,0.0276804484933426,0.0021023125437981,0.0,0.0007007708479327,0.0,74.84085260239274,265.16340480895536,667157.4594350992,28670.742996342866,383.0894758085016,0.7849462365591398,8.76804915514593,0.3801681850035038,0.0903994393833216,0.2838506522710665,8.03164556949317,0.2407147862648913,0.6941421844800283,1.0429268292632052,208,0.3398738612473721,0.4390329362298528,0.7385006432184311,Mixed,Mixed
ddb8b740995b2a7403de50836f3a69a08c344da737ec1fe81776ef5cfb5bb125,0.8705357142857143,0.0,0.1294642857142857,0.0,0.0,0.0,0.0,0.0,27.57543222849665,189.9956418797997,23900.391018088216,790.2361122318755,28.657252056729952,0.4763636363636364,3.2581818181818183,0.2165178571428571,0.0,1.1642512077013465,3.618556700844404,0.3147321428571428,0.293790056375616,0.6499999999729167,32,0.3214285714285714,0.5892857142857143,0.4369419642857143,B2B_Services,B2B_Services_Steady
df288076b96def17b4a6275ff5290ffe5cdec6eaec8084b412482d5f5a408cb5,0.5537359263050153,0.13510747185261,0.3075742067553736,0.0,0.0020470829068577,0.0,0.0015353121801432,0.0,-5.571676625273934,65.38136722018416,108223.02084106766,3259.385522646912,584.99186797955,0.6634241245136187,7.603112840466926,0.5332650972364381,0.0133060388945752,0.2957559681687806,10.771084337024966,0.4964176049129989,0.7081334204105768,0.982583454274437,159,0.529682702149437,0.612589559877175,0.762656862066807,B2B_Services,B2B_Services_Seasonal
df2d084eb869b3930e299f26f9d42b045116e55bf9109842f07233af7e600ac4,0.9846153846153848,0.0,0.0,0.0,0.0,0.0,0.0153846153846153,0.0,-69.34162500000001,1.05,4016.95875,433.60525561749296,6.253174129607738,0.7142857142857143,2.321428571428572,0.8923076923076924,0.0,0.3265306122115785,2.823529410934256,0.2,1.0449809424602374,10.99999998625,12,0.8615384615384616,0.9692307692307692,0.5653846153846154,Subscription_SaaS,Subscription_SaaS
df7ef4748e9abccda1c262192e702954e37730458f552ba1d909d9d8b2ae526e,0.8029315960912052,0.0,0.013029315960912,0.1840390879478827,0.0,0.0,0.0,0.0,-146.36929519682698,106.57754471241968,47256.80896443862,4116.427905772624,28.12357537115902,0.3379310344827586,4.23448275862069,0.4690553745928338,0.014657980456026,1.5477178422915412,4.79245282996262,0.504885993485342,1.1967891394838994,4.507936507578735,43,0.1954397394136807,0.3876221498371335,0.3574729187182789,B2B_Services,B2B_Services_Steady
e017cdc71aaeb89b1daf3f5473d3ad19eba8bc10e5e6c853f2a58805bba68d3e,0.8719806763285024,0.0990338164251207,0.0,0.0289855072463768,0.0,0.0,0.0,0.0,-11.779247665165189,148.2835789575911,31107.82180108296,1681.740824229518,142.77149700954342,0.4615384615384615,3.032967032967033,0.4130434782608695,0.002415458937198,0.7922077921906449,8.627906975740942,0.5434782608695652,0.5778896019062951,2.499999999861111,102,0.3985507246376811,0.5483091787439613,0.6275250654417939,B2B_Services,B2B_Services_Seasonal
e0668800a42b58d55f400cab495e3208353b894333d59ec102ad01666e3eef62,0.407503234152652,0.574385510996119,0.0,0.0,0.0181112548512289,0.0,0.0,0.0,3.3743356432440805,16.991821213928404,9111.969656980607,328.9402373435563,97.48296291369644,0.7794117647058824,3.7892156862745097,0.7710219922380336,0.0,0.1554559043336662,4.258503401215697,0.5304010349288486,0.4018203297478336,0.6748633879689226,26,0.6804657179818887,0.7322121604139715,0.8509942438513867,Subscription_SaaS,Subscription_SaaS
e091d72f990f9aec0470636d3ea1345c58d8cf0c45f2cca2d07ca9e283bc9a1e,0.5714285714285714,0.270516717325228,0.0030395136778115,0.0699088145896656,0.0790273556231003,0.0,0.0060790273556231,0.0,-5.893101392606964,87.83255913673531,119602.16671303684,7200.85970152652,1221.9134220804406,0.8292682926829268,3.209756097560976,0.5167173252279635,0.0851063829787234,0.1666666666637115,8.969696968337926,0.5501519756838906,0.7557233169188563,1.6395348836256085,39,0.6717325227963525,0.8085106382978723,0.7533214859947533,Subscription_SaaS,Subscription_SaaS
e0d0289d7595abc20cd3be377848d1fea1ca813b3d540760a05ad0eb017d5a3d,0.8014184397163121,0.1872340425531914,0.0106382978723404,0.0,0.000709219858156,0.0,0.0,0.0,74.68757502741062,119.00026197613276,48512.49057748504,2053.977408616437,27.50092512158296,0.4464646464646464,5.696969696969697,0.4624113475177305,0.000709219858156,0.7132442284282307,11.818181817644628,0.6914893617021277,0.5554081221174334,1.5049261083558507,228,0.3574468085106383,0.4936170212765957,0.7455165692007797,B2B_Services,B2B_Services_Steady
e13a12c6ae747fdfb1b71702c4d83da5a16c936226f04afcc853b0a28674f5cd,0.777319587628866,0.0,0.0432989690721649,0.1257731958762886,0.0,0.0494845360824742,0.0041237113402061,0.0,-111.55442808269366,1937.8877170841483,539967.4101067961,30057.304056784,269.4407077396206,0.7358490566037735,3.660377358490566,0.2783505154639175,0.268041237113402,0.2630208333299085,10.022727271588328,0.5731958762886598,0.665031740500953,1.4444444443909463,90,0.3381443298969072,0.5773195876288659,0.6602749140893471,B2B_Services,B2B_Services_Seasonal
e1501d82a9a481e5efc9719b8fe43702ffb7e213a0093bc5700d6ad0a1e94da6,0.8142201834862385,0.018348623853211,0.1307339449541284,0.0,0.036697247706422,0.0,0.0,0.0,-76.4166221735399,61.32056383624827,64606.70784915296,2657.6629872661047,34.77859805007927,0.4657534246575342,3.981735159817352,0.5665137614678899,0.0137614678899082,1.0761904761648526,5.055555555204475,0.676605504587156,0.4866146696226219,1.2706766916815535,233,0.2087155963302752,0.3325688073394495,0.426822065598299,Digital_B2C,Digital_B2C_Steady
e1a661295f207512b18cb95e6494a76af6995fbcf09771586e42ce11111efb52,0.7245080500894454,0.0,0.2754919499105545,0.0,0.0,0.0,0.0,0.0,-38.59737156060029,791.2504152044024,228838.76435924176,11000.9740535627,285.0187358856884,0.2562814070351759,5.618090452261306,0.1010733452593917,0.0438282647584973,1.1295238095130522,73.53333330882222,0.830948121645796,0.7253280192887465,2.379310344782005,223,0.1618962432915921,0.2790697674418604,0.6196924360445061,Digital_B2C,Digital_B2C_Seasonal
e1d1fd8400564968fcec84383d7feeb3015e41e7b2ebd00159748be559ea0bfb,0.8909299655568312,0.0,0.0459242250287026,0.052812858783008,0.0,0.0,0.010332950631458,0.0,-13.395653672551122,158.71987178444977,36093.023005352414,2316.469193974528,172.92692457344643,0.2542372881355932,4.217917675544794,0.200918484500574,0.0022962112514351,3.2696078430571176,6.0241935481441855,0.4867967853042479,0.4915203992060423,1.788177339857434,60,0.1710677382319173,0.3088404133180252,0.399980864906238,B2B_Services,B2B_Services_Seasonal
e1d83e05da9fe72e25149f17cf3a32614eeba958f9152e258f0c8c0dfbfb3eaa,0.908450704225352,0.0,0.0669014084507042,0.0,0.0,0.0,0.0246478873239436,0.0,161.98842536951494,220.7521997782624,36912.46490665122,2660.063223961848,16.421316632529226,0.0917159763313609,3.36094674556213,0.0897887323943662,0.0140845070422535,8.964912279915358,4.679999999766,0.6302816901408451,0.3546203440130809,1.924369747818304,35,0.2235915492957746,0.4348591549295774,0.3067404426559356,B2B_Services,B2B_Services_Steady
e227fd496aaa92da64ffd8e34d0e40dffba6be3f3f5323cf991d398bff89c55b,0.9556786703601108,0.0,0.0443213296398892,0.0,0.0,0.0,0.0,0.0,0.5572620255671094,155.2150037296888,21656.3712691519,632.4180803702642,1134.8666157145817,0.5570776255707762,3.2968036529680367,0.3739612188365651,0.0,0.6261261261120242,5.118644067362827,0.7534626038781164,0.3785203629457546,1.1525423728325193,66,0.5512465373961218,0.6925207756232687,0.6881138252329388,B2B_Services,B2B_Services_Seasonal
e28ca0097531ddc5e0dbc39746a3aaf075f4ef40e09efab040966518ffc02cd2,0.925925925925926,0.0,0.074074074074074,0.0,0.0,0.0,0.0,0.0,18.567779440311345,26.945723800635623,15923.918577711034,2104.404855475269,113.33637719614244,0.3739130434782609,2.8173913043478263,0.8333333333333334,0.0061728395061728,1.531249999880371,5.479999998904,0.6172839506172839,0.9946742400735894,1.2807017542736228,115,0.2469135802469135,0.3086419753086419,0.2721417069243156,Mixed,Mixed
e33d22964744861b4b1504220f8a4fa4f26185a54058e9eb87211c219feff6e8,0.907514450867052,0.0,0.0115606936416184,0.0809248554913294,0.0,0.0,0.0,0.0,-2.709167501398157,96.77164371811617,12101.524271372708,395.9542848950026,146.15348930220156,0.5245901639344263,2.836065573770492,0.5086705202312138,0.0,0.9222222221709876,8.105263155761772,0.4855491329479768,0.7314145648482514,1.2241379309289535,20,0.5606936416184971,0.8439306358381503,0.4736994219653179,B2B_Services,B2B_Services_Seasonal
e3483870f99416d385a0cf927efa8f071fdf1c15f9b08a3f26d98009a5dc8f03,0.260778859527121,0.7232267037552156,0.0073018080667593,0.0,0.008692628650904,0.0,0.0,0.0,0.0947831653571142,7.751996357562399,8729.449281147621,274.88335439036985,2900.1281435728724,0.6107491856677525,9.368078175895766,0.9290681502086232,0.0,0.2038509836747512,5.307017543801458,0.7614742698191933,0.5438641924865348,0.9276879162658056,86,0.6074408901251739,0.655076495132128,0.905117389132486,B2B_Services,B2B_Services_Seasonal
e3708b89865ff41794a5c2e9fb6998ea3abaeede1135b622029b2bac7338dae5,0.8789808917197452,0.0,0.1210191082802547,0.0,0.0,0.0,0.0,0.0,-64.43165615472857,324.7946316600886,36192.14121337738,1742.9690161982928,27.05143899672776,0.7398373983739838,2.5528455284552845,0.2420382165605095,0.0,0.2661290322473335,5.541666665512152,0.5477707006369427,0.2617585387690563,6.19999999845,18,0.8853503184713376,0.9490445859872612,0.7009907997169144,Subscription_SaaS,Subscription_SaaS
e3b0ce7cfe37433394b0e7fa16b752fb3cdc89714b5ad2ab5e87e148c6929375,0.7969924812030075,0.0150375939849624,0.0,0.0,0.0,0.0,0.18796992481203,0.0,-356.94753607586324,2.371926137050321,53196.28408531421,5078.583286169542,14.22781437815527,0.6164383561643836,3.643835616438356,0.7969924812030075,0.0300751879699248,0.5465116278752028,6.823529409757786,0.2706766917293233,1.2669805266292282,4.611111109830246,8,0.5789473684210527,0.6015037593984962,0.74375,B2B_Services,B2B_Services_Steady
e3f0fc08a48a924215560a5d08822af917ec1fc6e27753f22d4925dc3fb30120,0.9913669064748202,0.0,0.0071942446043165,0.0014388489208633,0.0,0.0,0.0,0.0,-187.0688993193033,225.01022668484245,126013.0075668888,5878.27995587164,31.42307447655378,0.5847750865051903,4.809688581314879,0.3726618705035971,0.0287769784172661,0.4479166666620008,32.09523808759637,0.7179856115107913,0.6670527784938515,0.9314516128844466,126,0.3928057553956834,0.5122302158273381,0.6502340984355373,B2B_Services,B2B_Services_Steady
e40f3e97106feb3e26720d3751ea9f801b68beb3866fd3ba9ee8adc5a2f4b053,0.8450704225352113,0.1267605633802817,0.0,0.028169014084507,0.0,0.0,0.0,0.0,-208.3692000000001,42.921,38849.64423529412,4455.562430515358,21.383018365005608,0.8,3.3411764705882354,0.6338028169014085,0.028169014084507,0.1639344262227895,1.839999999816,0.323943661971831,0.9612344819972108,1.1698113206443574,21,0.5915492957746479,0.7746478873239436,0.551931008623922,B2B_Services,B2B_Services_Steady
e42757ec492af77bee01fcdc38b6837b0b48ad5112aa3fd5e3ebe4ba03acba71,0.4396825396825397,0.5444444444444444,0.0158730158730158,0.0,0.0,0.0,0.0,0.0,38.18244108761332,75.495,60917.07154078549,4803.769629853154,125.81096157713772,0.6888217522658611,3.806646525679758,0.5174603174603175,0.0142857142857142,0.2989690721618663,5.631578947072022,0.4396825396825397,0.5322659449033725,1.449494949458346,116,0.4126984126984127,0.4634920634920635,0.6769641348590738,B2B_Services,B2B_Services_Seasonal
e43daa3ea57778978e26f6cc14b476572ffbefb8fb4bf58adaa23e8e8d2c0cd7,0.995202791103358,0.0,0.0017444395987788,0.0,0.003052769297863,0.0,0.0,0.0,441.4105423989197,278.63450244754426,527367.9135414427,24501.338502996143,55.50691736831756,0.4594594594594595,10.32882882882883,0.3122546881814217,0.0641081552551243,0.3771771771760445,10.240196078180388,0.7235063235935456,0.7065754744042191,6.273076922956287,223,0.1081552551242913,0.1774967291757523,0.5680524632318354,Digital_B2C,Digital_B2C_Steady
e557d2be8c65129878a064753c65b72ef9af750cdf52c9f6ac910d989343a00c,0.9513422818791948,0.0,0.0486577181208053,0.0,0.0,0.0,0.0,0.0,29.781004767170483,495.2108470198637,99153.79245297286,3328.8969386285703,111.77920166012784,0.4514925373134328,4.447761194029851,0.2080536912751678,0.0016778523489932,0.9540983606400968,10.037037036107682,0.7231543624161074,0.5594056666980305,2.181818181707989,50,0.2449664429530201,0.4463087248322148,0.4871596638655462,B2B_Services,B2B_Services_Seasonal
e5ac0407b39cbdc90907acfb8a295615cd2a45b01d6a687e8fc21ce58008d9a8,0.8638888888888889,0.0,0.0027777777777777,0.1333333333333333,0.0,0.0,0.0,0.0,94.98874238087193,106.3771430900994,13160.298712192174,468.1932611752709,4.928934201999317,0.3636363636363636,3.272727272727273,0.4777777777777778,0.0,1.1176470587906575,5.666666666141976,0.5555555555555556,0.4232126531464264,3.473684210069252,27,0.3416666666666667,0.675,0.410082304526749,B2B_Services,B2B_Services_Steady
e5b0534677bfd5862fa0aa8979d7e0ea6d657c1b41da5d43729d7d2d5565e43d,0.840080971659919,0.0,0.1113360323886639,0.048582995951417,0.0,0.0,0.0,0.0,-33.859374500643455,123.02234743656965,21671.338713678622,1642.70734206488,48.51558440775409,0.2077922077922078,3.207792207792208,0.3218623481781376,0.0040485829959514,4.040816326324448,5.586666666294222,0.5708502024291497,0.4884764652883617,2.3703703702240517,40,0.2813765182186235,0.5182186234817814,0.455161943319838,B2B_Services,B2B_Services_Steady
e5d5f8f1e7727239c9fa0e00d5d96cee0e43727b2727a676ed706a2f50c31352,0.6628352490421456,0.3218390804597701,0.0114942528735632,0.0,0.003831417624521,0.0,0.0,0.0,75.37815639810424,210.0,36626.17265402844,2526.753075412625,33.52102513269962,0.4739336492890995,2.4739336492890995,0.2835249042145594,0.0076628352490421,0.9624060150014132,7.419354837513008,0.4942528735632184,0.5461613883023139,1.2272727272029955,90,0.3448275862068966,0.4022988505747126,0.5016692749087115,Retail,Retail_Steady
e60881fc546f298f70faaaac1df40f027bc29b4d31b270056b81bb090b08ec38,0.7257438551099612,0.0,0.1216041397153945,0.0323415265200517,0.0,0.0802069857697283,0.0401034928848641,0.0,21.952257103925263,132.5758117152173,80375.00759975666,2984.1378827496487,135.93763353184676,0.1421188630490956,3.994832041343669,0.2871927554980595,0.0129366106080207,7.052083332966037,3.9551282050014382,0.5873221216041398,1.2788509643505972,2.759259259174097,60,0.1604139715394566,0.315653298835705,0.4023501509271238,B2B_Services,B2B_Services_Seasonal
e6642eb8dc2077435b9f8275e8e08ed0b9e820ae630f78868cd7d703d63a6146,0.9832089552238806,0.0167910447761194,0.0,0.0,0.0,0.0,0.0,0.0,-379.3539901215436,209.3723391968817,55571.93820648242,5059.69119057261,13.337651170660228,0.3,3.8285714285714287,0.1735074626865671,0.0111940298507462,2.4805194804389443,23.363636358326445,0.7369402985074627,0.7918120156709543,1.7857142856505102,22,0.8731343283582089,0.9757462686567164,0.7905359565807327,Subscription_SaaS,Subscription_SaaS
e6f5b5c09bc4db401d4518fe7e8eef7fb5b935542d5aa77393758f9f35e0d82a,0.956043956043956,0.0329670329670329,0.0,0.0,0.0109890109890109,0.0,0.0,0.0,-0.2980439189189229,17.24625,5701.13179054054,334.19134159148007,1121.282164020829,0.2702702702702703,2.45945945945946,0.8516483516483516,0.0,2.499999999879808,1.2893081760600846,0.8543956043956044,1.0207148172347742,1.0660377357987718,11,0.9587912087912088,0.978021978021978,0.7685255920550038,Subscription_SaaS,Subscription_SaaS
e7028c1e3ecb33047929260cda8ffce8faa9103d1e8b86776549c0431eb188dd,0.9629629629629628,0.037037037037037,0.0,0.0,0.0,0.0,0.0,0.0,16.19031862096199,500.1162708274029,78538.5976915925,3485.326533042005,215.2722631645277,0.6834862385321101,3.467889908256881,0.3492063492063492,0.0052910052910052,0.3079584775033225,8.947368419875348,0.365079365079365,0.6122735917811394,1.7142857142091836,45,0.5185185185185185,0.7724867724867724,0.6666666666666666,B2B_Services,B2B_Services_Seasonal
e7c0eb0e75d8a5712e6f1c48c5f4a8cb03fc840afaa940480d362e88ad2c2369,0.8214285714285714,0.1607142857142857,0.0,0.0,0.0,0.0,0.0178571428571428,0.0,-153.56888325722505,0.9814242765915752,147689.84471237368,11127.142839142894,72.45701474419505,0.6235294117647059,2.635294117647059,0.625,0.1517857142857142,0.4545454545159386,5.588235292474049,0.4553571428571428,1.1011868731397512,3.499999999125,15,0.8035714285714286,0.9196428571428572,0.671604938271605,Subscription_SaaS,Subscription_SaaS
e7f0206dcbe22408a32fb2c4b7306a5c8fa7c1fcbbbeefda6591d4a6e2f443f9,0.9090909090909092,0.0,0.0909090909090909,0.0,0.0,0.0,0.0,0.0,-7.738331564355477,24.16250709519236,34448.83618739989,3293.7631336742365,425.64254348956,0.4247787610619469,6.230088495575221,0.9090909090909092,0.0085227272727272,3.190476190286281,4.866666666261112,0.4346590909090909,0.9094921630560258,0.4224598930368326,250,0.2073863636363636,0.2471590909090909,0.2740227272727272,Digital_B2C,Digital_B2C_Seasonal
e85c5d2514967d63a911799aa0883ed1e304f2a47bc5ab66e31578a96cc24db8,0.52,0.216,0.0,0.016,0.248,0.0,0.0,0.0,18.478072980351843,143.77965374914444,31705.40318071844,1424.8069930581084,77.10798597895237,0.6388888888888888,2.314814814814815,0.496,0.0,0.4534883720666576,3.9999999992,0.312,0.4184276165088346,5.533333331488889,8,0.704,0.736,0.6467391304347826,Subscription_SaaS,Subscription_SaaS
e92abf50821c7e6569a189b5ea04460ffee462bac0641047d402ec318d03a9c4,0.9872560732775788,0.0,0.0115491835921943,0.0,0.0,0.0,0.001194743130227,0.0,42.74724543769279,24.615034044010297,91323.5032422456,15202.3333211982,355.63305101846555,0.2203947368421052,8.259868421052632,0.7443249701314217,0.009557945041816,2.4682320441818493,11.014354066722143,0.6121067303863003,0.6785741096850019,1.1261467889843686,826,0.2489048187972919,0.305057745917961,0.5684972356176361,Digital_B2C,Digital_B2C_Seasonal
e9b1372ac60a8aea381ad9b67010df051050ba2e48ab8ade9de242081fc6203e,0.8942282580308174,0.0942804909898145,0.0041786367197701,0.0,0.0073126142595978,0.0,0.0,0.0,-2.5528696317280493,34.871405317503715,61930.71167750024,3678.683475039706,1440.9993424300303,0.4209770114942529,11.00287356321839,0.7357012274745365,0.0041786367197701,0.9192982456117312,5.2667757773709765,0.6030295116218334,0.4586071011287324,0.967647058819972,866,0.3841734134238704,0.4651344998694176,0.7172149911286466,B2B_Services,B2B_Services_Seasonal
e9b8374b1f3ae04cc65672bc5907726d962edb35e057364b66cfa0f7b7f0f9a0,0.2339055793991416,0.4914163090128755,0.1566523605150214,0.0,0.1180257510729613,0.0,0.0,0.0,-0.4685967023511583,134.14331951879342,45322.35673249111,2646.716052309024,5648.174608458671,0.8659420289855072,3.3768115942028984,0.4442060085836909,0.0128755364806866,0.1148325358837938,5.9552238801525945,0.5965665236051502,0.51636981953953,1.3453237409588013,33,0.5128755364806867,0.592274678111588,0.7648093841642228,B2B_Services,B2B_Services_Seasonal
e9cdce8fd9e446960c11aabf7a0c7743f06f47a7f8a0a7787428705e80d42476,0.9822485207100592,0.0,0.0177514792899408,0.0,0.0,0.0,0.0,0.0,-0.3907826086956488,58.275000000000006,22327.40086956522,185.4119219679498,474.4630725563391,0.5797101449275363,4.898550724637682,0.7159763313609467,0.0,0.8571428570957613,2.017857142676977,0.3550295857988165,0.5550897139784172,21.1428571277551,9,0.8461538461538461,1.0,0.3905325443786982,Subscription_SaaS,Subscription_SaaS
ea03574952d3b34b94156ab566941943288d9c75312e16c81f754d884355c9f6,0.9946043165467626,0.0017985611510791,0.0035971223021582,0.0,0.0,0.0,0.0,0.0,3.384328012548723,34.63307882705439,10769.486017374353,729.6631029178524,215.6005854208973,0.5380116959064327,3.2514619883040936,0.7050359712230215,0.0,0.6304985337150953,4.504950494826487,0.4064748201438849,0.2860335726405698,2.722222221970165,32,0.5233812949640287,0.7338129496402878,0.6056654676258992,B2B_Services,B2B_Services_Seasonal
ea392781e1efb4750f25934c9ab4501aef9367fd2103dca4c04d9c989cdbb584,0.4068627450980392,0.4950980392156863,0.0980392156862745,0.0,0.0,0.0,0.0,0.0,140.84585095923603,61.35858144140512,47304.10890568436,4517.112015385444,32.07131757379268,0.8414634146341463,2.4878048780487805,0.6078431372549019,0.0245098039215686,0.1929824561347081,5.580645160390218,0.4509803921568627,1.2183481902291695,1.3548387095681582,29,0.553921568627451,0.6323529411764706,0.6914581924723913,B2B_Services,B2B_Services_Steady
ea533909b850bc203cd8a1def0cbc22426b06ac46b95242cd3a6c5177e0e9ce0,0.7023809523809523,0.2976190476190476,0.0,0.0,0.0,0.0,0.0,0.0,305.1335507598957,25.130028329498167,17032.11962392457,1069.6736087734243,3.505591587927596,0.6388888888888888,2.333333333333333,0.7380952380952381,0.0,0.4736842104847645,2.359999999528,0.3452380952380952,0.7043413321446799,2.227272726766529,11,0.7380952380952381,0.8095238095238095,0.6508563899868248,Subscription_SaaS,Subscription_SaaS
ea7e06b3b0e6de927a4e399c27204ee26fa5d011e6d758a981ce0d5f7d478952,0.8152173913043478,0.1739130434782608,0.0,0.0,0.0108695652173913,0.0,0.0,0.0,67.49743141763915,109.65464250007244,21928.72858603289,939.9149293751904,13.925195514777917,0.4715447154471545,2.991869918699187,0.4619565217391304,0.0,0.6958525345461785,1.520547945153406,0.7391304347826086,0.7300741127970842,1.2016806722184168,38,0.6467391304347826,0.7445652173913043,0.7484927489001141,Subscription_SaaS,Subscription_SaaS
ead7e9bc99aa6b7cf1ac5ba576bb96bb741af80bff41ff934dc20475b9a57de7,0.6008064516129032,0.2185483870967741,0.0459677419354838,0.0,0.1338709677419355,0.0,0.0008064516129032,0.0,131.32391087680134,195.145417421452,101699.57011921024,6645.227510805556,50.60180941864892,0.627151051625239,4.741873804971319,0.4169354838709677,0.0225806451612903,0.3916947250258603,7.104575163166517,0.65,0.6292512674108109,1.1147540983476023,271,0.3620967741935484,0.4411290322580645,0.6820672530033571,B2B_Services,B2B_Services_Steady
eadefca4d000b806995d0dbd2f266f2930ceea95abd53d3b943340ad272dde62,0.8393991912189486,0.1317157712305026,0.0283073367995378,0.0,0.0005777007510109,0.0,0.0,0.0,-38.00850865186599,34.48502229250959,25762.92048602785,2046.7541362057243,53.84989330715933,0.4155844155844156,8.992207792207791,0.877527440785673,0.0005777007510109,2.496969696944475,7.322115384439372,0.7169266320046216,0.6180586979100403,1.184738955811398,590,0.1761987290583477,0.2201039861351819,0.5241748438893845,Mixed,Mixed
eb0b2c00a30b26aecf5984a4007862c2721449029be4eb44fe93f70c2d462b84,0.5371900826446281,0.1487603305785124,0.0606060606060606,0.2534435261707989,0.0,0.0,0.0,0.0,-1947.3326726455432,172.821060447535,165451.9437802921,32903.877780452814,16.89689606839615,0.620817843866171,2.6988847583643123,0.3305785123966942,0.0633608815426997,0.5714285714162028,5.482142856653381,0.4132231404958678,1.1352588931820546,1.3063063062474636,54,0.3801652892561983,0.581267217630854,0.6138668430335097,B2B_Services,B2B_Services_Steady
eb5c489b0eb710a5a5303e0dc5b352b66e3b759cc07b33688e82a8bccab7ec83,0.6776504297994269,0.2936962750716332,0.0193409742120343,0.0,0.0093123209169054,0.0,0.0,0.0,1.022173048906416,347.3182046092605,169178.3925299781,6623.519955721099,6479.842036540614,0.5905511811023622,5.496062992125984,0.3330945558739255,0.0207736389684813,0.3527131782928648,13.244897958507911,0.7958452722063037,0.6375495427774638,0.9805825242623244,237,0.2729226361031518,0.3696275071633237,0.6723045771025761,Retail,Retail_Seasonal
eb835b800425bf67093f6742cca7a48b674d7d3e7d635d0fef2b857a6b32f7e2,0.8839479392624728,0.0,0.0108459869848156,0.1052060737527115,0.0,0.0,0.0,0.0,-6.561142924404519,109.19209377575756,40261.94096873798,2464.465941778613,375.6153411710859,0.229551451187335,4.865435356200528,0.43058568329718,0.0086767895878524,4.298850574589113,4.872611464812974,0.5368763557483731,0.322921679040782,0.4837398373885418,52,0.1529284164859002,0.2841648590021692,0.3087484597782081,B2B_Services,B2B_Services_Seasonal
ebba38c9d7e582ab5a3970fd45ab5f05e9609264abd90a68715c1e93b954d1dc,0.9826589595375722,0.0138728323699421,0.0011560693641618,0.0,0.0,0.0,0.0023121387283236,0.0,71.42132404436596,394.7214306649639,403783.3580642727,17216.712664243256,241.0584358690674,0.6124031007751938,6.705426356589148,0.3225433526011561,0.0693641618497109,0.3027108433712145,4.406249999862305,0.5352601156069364,0.4009183647779146,0.7048780487718918,275,0.2092485549132948,0.3387283236994219,0.5727505556143507,Digital_B2C,Digital_B2C_Seasonal
ec1f44d4221020a8c36a66c2f4b8363d6635f103cb8e534e615160017631dcf7,0.6037735849056604,0.0188679245283018,0.0188679245283018,0.0,0.3584905660377358,0.0,0.0,0.0,17.4308240241307,170.70439482228366,27665.66908138159,1532.9529332769882,87.94494914729019,0.7819548872180451,2.3909774436090228,0.3144654088050314,0.0,0.2619047618943688,2.878048780136824,0.5660377358490566,0.394445505918982,1.863636363424587,7,0.7484276729559748,0.8050314465408805,0.4508928571428571,Subscription_SaaS,Subscription_SaaS
ec2cead90d22cb5b0d764b5ee0ef1585dc06ea07fdb64b729dbea6b6fc47c3f1,0.9416243654822336,0.0,0.0583756345177665,0.0,0.0,0.0,0.0,0.0,-18.837092511013235,184.24875,31429.784140969165,1458.784100750252,77.4421052040246,0.2643171806167401,3.47136563876652,0.215736040609137,0.0,2.979797979647485,4.253333333049778,0.482233502538071,0.2567406678655636,3.5094339619330723,40,0.3071065989847715,0.5989847715736041,0.5145939086294417,B2B_Services,B2B_Services_Seasonal
ec9345d13b88634091eea8c5fa84a492d7732cc27d82f65068e88aca87a74ed3,0.795593635250918,0.1554467564259486,0.0354957160342717,0.0,0.0085679314565483,0.0,0.0048959608323133,0.0,-8019.761296648853,226.51531385915737,821344.0584396695,74563.00106898346,9.297409026381803,0.7087378640776699,5.288025889967638,0.3598531211750306,0.0979192166462668,0.1671428571416632,13.333333332163743,0.7282741738066095,0.9309047981749748,1.2209737827486709,114,0.434516523867809,0.5789473684210527,0.7190893901420217,B2B_Services,B2B_Services_Steady
ed17b31630776d0d1fc049c37665ab4e40e19f2530e93263571612597f2ee8a5,0.4426229508196721,0.0,0.5573770491803278,0.0,0.0,0.0,0.0,0.0,-247.5226385310284,72.76878694633345,53625.54170287947,3130.509102086359,12.647364784645577,0.776595744680851,2.595744680851064,0.5983606557377049,0.0163934426229508,0.2708333333192274,11.1999999944,0.4180327868852459,0.6691202754533886,0.6388888888001544,12,0.680327868852459,0.8524590163934426,0.449685534591195,Subscription_SaaS,Subscription_SaaS
ed4d96eb18a35c62cf2dc3a2528579f0482e9239219111c0b23cc391c0d8fb1d,0.6850192061459667,0.0,0.0076824583866837,0.3060179257362356,0.0,0.0,0.0012804097311139,0.0,-34.339106624982044,104.61934473495288,18866.380785168272,937.8359989710588,27.311019152014385,0.3966480446927374,4.363128491620111,0.4507042253521127,0.0,1.395705521450986,4.006410256281845,0.4647887323943662,0.3953510040303388,1.174863387946042,53,0.1779769526248399,0.3316261203585147,0.4194587114458312,B2B_Services,B2B_Services_Steady
ed78576b390d12069d756566b1bdf53728fe635a206f70d59d9face3bb263df2,0.7920792079207921,0.0,0.0297029702970297,0.0,0.1782178217821782,0.0,0.0,0.0,-0.0983906642157754,124.31660423661208,23655.07582394788,1074.0860435875816,10916.54318001785,0.7402597402597403,2.623376623376624,0.4851485148514851,0.0,0.2624999999835937,6.214285712066326,0.5742574257425742,0.5778385161514675,1.2272727271332646,5,0.9207920792079208,0.9207920792079208,0.2838709677419355,Subscription_SaaS,Subscription_SaaS
edb132d11122c77ac0d6631f2f4166fe953baf047d33cc724b4575cda43f978d,1.0,0.0,0.0,0.0,0.0,0.0,0.0,0.0,23.28900000000001,77.72625,10427.798769230769,477.178824074006,20.489450979823577,0.4769230769230769,2.5538461538461537,0.5421686746987951,0.0,0.7291666666286892,8.22222221993827,0.2590361445783132,0.5094970009745898,0.6133333332924444,7,0.608433734939759,0.6746987951807228,0.2806122448979591,B2B_Services,B2B_Services_Steady
ee3b9292de4c3e47d313ac0aae7898f7b067d100a6a88b93f6cc5505f5e5cdcf,0.9987893462469734,0.0,0.0012106537530266,0.0,0.0,0.0,0.0,0.0,3.694852841402582,517.9138283510094,127221.61746150895,4413.625702941278,1194.533552605714,0.5376884422110553,4.150753768844221,0.2675544794188862,0.0290556900726392,0.4415357766104578,14.584905659001423,0.7033898305084746,0.788283615201546,1.587755102008413,63,0.5351089588377724,0.7288135593220338,0.7339252085014797,B2B_Services,B2B_Services_Seasonal
ee3c16e8a657d0d3df2fb603ea6766fc2b0033e408db9d5f5ce04800d303c66f,0.8641114982578397,0.0,0.0,0.0,0.0,0.1358885017421602,0.0,0.0,-173.4718847309521,1659.160145604817,931864.6854135308,54261.8532319505,312.79912196135103,0.7587939698492462,2.884422110552764,0.3240418118466899,0.3693379790940767,0.2370689655121321,6.972222221253858,0.494773519163763,0.6894505299689541,1.9210526314525624,46,0.5505226480836237,0.7421602787456446,0.656036964096349,B2B_Services,B2B_Services_Seasonal
ef27a85253e3a4c2eb808a051b50d5c16aa9fde9eeb06d8e1934f0edef9712d4,0.7555012224938875,0.0733496332518337,0.0,0.1711491442542787,0.0,0.0,0.0,0.0,0.4040458873700635,169.2414015343441,21023.053649470166,1126.6845796612654,2788.506422153672,0.49812734082397,3.0636704119850187,0.3251833740831296,0.0,0.956937799020169,4.381578947080159,0.4621026894865526,0.504325963301628,1.6202531644544145,48,0.3960880195599022,0.6430317848410758,0.5988431613431613,B2B_Services,B2B_Services_Seasonal
ef36691262a7af1fb3442f3c0bc4c7db3e82f69c7f4b66a5006c79dd523383bb,0.9813084112149532,0.0093457943925233,0.0093457943925233,0.0,0.0,0.0,0.0,0.0,127.35013675330744,110.2965315535439,34740.536829908444,2415.4095333402342,18.966681895516977,0.6421052631578947,2.2526315789473683,0.4766355140186916,0.0186915887850467,0.5285714285336734,3.115384614785503,0.719626168224299,0.910353134502626,1.2258064514151925,36,0.5233644859813084,0.7102803738317757,0.5330188679245284,B2B_Services,B2B_Services_Steady
ef3c9b66fdc89fe50f3b82132c4931e126ae4376a5a28bf522989f7318ccc55e,1.0,0.0,0.0,0.0,0.0,0.0,0.0,0.0,417.1621138188872,217.61808080413763,213210.1831640204,8689.91660651717,20.83103023608137,0.6068965517241379,2.827586206896552,0.4292682926829268,0.2146341463414634,0.4963503649453886,8.318181816291322,0.6536585365853659,0.6031704739393369,1.9444444442644035,27,0.6780487804878049,0.8634146341463415,0.6287262872628726,Subscription_SaaS,Subscription_SaaS
ef746a03eba5c23fbcd8e35c5110d8cc048036b8d1eac96769e549f3b577b2f2,0.8859649122807017,0.0,0.0,0.0,0.0,0.1140350877192982,0.0,0.0,11.68601508699224,68.18908469978798,9628.117217241706,627.1024182194844,53.66263974628005,0.625,2.590909090909091,0.7280701754385965,0.0,0.5405405405040175,3.956521738270321,0.4561403508771929,0.7720775556954709,2.079999999584,42,0.5526315789473685,0.6666666666666666,0.5359231411862991,B2B_Services,B2B_Services_Steady
f08d8d6b66cb2711306e50a842b86b773e67fe71684d147b583addc548e0a691,0.8110599078341014,0.1382488479262673,0.0138248847926267,0.0,0.0368663594470046,0.0,0.0,0.0,17.05088,57.75,11867.94,752.0774108037332,44.10783551128475,0.5333333333333333,2.893333333333333,0.5944700460829493,0.0,0.7222222221935626,5.575757574912765,0.6728110599078341,0.5678103476851138,2.355555555293827,49,0.511520737327189,0.6359447004608295,0.5876010781671159,B2B_Services,B2B_Services_Steady
f0f1e6eeadafa4c2ba936f2fa3638c507edea18c819fd3f12e21725e9a7fd273,0.4439359267734554,0.3638443935926773,0.1212814645308924,0.0,0.0709382151029748,0.0,0.0,0.0,-58.85024334886551,47.79879440044803,27436.46018706277,1909.8364058508196,32.4524810238208,0.8692307692307693,3.3615384615384616,0.6796338672768879,0.011441647597254,0.1350649350631809,5.936507936036786,0.6086956521739131,0.6439685191993514,0.9590643274573372,65,0.5812356979405034,0.6361556064073226,0.7382093316519546,B2B_Services,B2B_Services_Steady
f1611669071f4e39a4683b660737030ef402df0092dac7b4f68c67323a22b2a7,0.7186700767263428,0.278772378516624,0.0,0.0,0.0,0.0,0.0025575447570332,0.0,-41.62853617869288,737.8422109510209,2713335.89794246,137802.4076227673,3310.287130879157,0.7880184331797235,3.6036866359447006,0.2659846547314578,0.3427109974424552,0.1812688821724883,15.291666663480903,0.7672634271099744,0.921599158854763,1.0198675496351035,61,0.3682864450127877,0.5345268542199488,0.6320982578755332,B2B_Services,B2B_Services_Seasonal
f16e8c9094326ccec14f35a3a36e4ffac6fdbc4dce90191968aa6ef02dceb281,0.9929906542056076,0.0,0.0023364485981308,0.0,0.0,0.0,0.0046728971962616,0.0,-61.35352530004865,259.2889383852024,102275.21583330743,7526.638773566701,122.67654931857628,0.8776978417266187,3.079136690647482,0.3714953271028037,0.0607476635514018,0.1030927835038261,41.7999999791,0.7873831775700935,0.7594287114541434,0.7764705882124567,54,0.4392523364485981,0.6845794392523364,0.6457251644167532,B2B_Services,B2B_Services_Seasonal
f18247bf40d704fe0b2889d1207dd6de59f5acadced22feca320b7c10abd612e,0.7234304472712352,0.0246204349610176,0.0,0.0,0.0,0.0,0.2519491177677472,0.0,-984.3791811735878,200.6948889458116,350296.04144564446,16696.95902621714,16.96191807524944,0.6794582392776524,11.002257336343115,0.4308576118178088,0.0299548625359048,0.1500707881072438,16.407142856556888,0.5338530980713992,0.7845002700794322,2.729885057445116,178,0.1637258924907673,0.2462043496101764,0.6532640513351484,Mixed,Mixed
f22153764835e672b3d74e66993f93bbd03c9a448598e602e910258e1663cb43,0.664983164983165,0.3299663299663299,0.0,0.0,0.005050505050505,0.0,0.0,0.0,-12.48803991326966,54.020689355004095,56998.48278436671,2127.669966086723,170.37661467770587,0.735191637630662,4.139372822299651,0.6363636363636364,0.0185185185185185,0.2611464968125143,4.823529411528258,0.6026936026936027,0.8342590001441139,1.0857142856884354,90,0.2693602693602693,0.3787878787878788,0.6281173594132029,Retail,Retail_Seasonal
f253963b5558282ac37b433c0845360b2659708724712a1575fd26fd6e448fe1,0.3178484107579462,0.5745721271393643,0.0003492839678658,0.0,0.1072301781348236,0.0,0.0,0.0,2.380014142334187,47.41769458899224,68416.9047180133,4096.606594793982,1721.2530399351851,0.9235569422776913,8.932917316692668,0.7272092210967517,0.0139713587146349,0.0328282828282236,3.9192439862206254,0.6531610199091862,0.5083906094309464,0.5991416308987162,129,0.4498777506112469,0.5022703457911282,0.8596001109193475,B2B_Services,B2B_Services_Seasonal
f26860fd4718bd1b7d154da742cf8a33dc516645c383167801506ca510abeec9,0.8798206278026905,0.1031390134529148,0.0161434977578475,0.0,0.0,0.0,0.000896860986547,0.0,393.5793039117763,117.1075616825806,118116.93938884404,11974.847419134132,30.425500781703008,0.2606741573033708,5.01123595505618,0.4762331838565022,0.0161434977578475,2.2225433525690383,12.937499999191406,0.5076233183856502,0.6523274966917001,1.0156249999867757,283,0.3784753363228699,0.4295964125560538,0.6187123259197672,B2B_Services,B2B_Services_Steady
f27b6d113fec16aeb011b040d9949312fcd293bb2ae08fe83fb74380960eb67d,0.5606936416184971,0.3468208092485549,0.0780346820809248,0.0144508670520231,0.0,0.0,0.0,0.0,-8.865372575531193,35.49765536733192,19903.314475759536,1563.462908843847,176.35614225571405,0.753968253968254,2.746031746031746,0.6994219653179191,0.0028901734104046,0.3007518796935949,9.176470586885817,0.5780346820809249,0.7869838949605746,1.7249999998921874,32,0.4971098265895953,0.6502890173410405,0.630811403508772,B2B_Services,B2B_Services_Seasonal
f2a30d536da8bdd38dfea1e91c8314c7c08a0ce7838eecbad8c6ef12c369797d,0.6884242733299337,0.0005099439061703,0.2768995410504844,0.027027027027027,0.0071392146863844,0.0,0.0,0.0,0.2511891638480015,70.33656875182973,61680.00196602226,1707.476226268703,6797.57093075167,0.4220907297830374,7.735700197238659,0.5670576236613972,0.0010198878123406,3.026694045143463,7.036885245757441,0.6562978072412035,0.4296491843130707,5.231092436864893,299,0.2957674655787863,0.3691993880673126,0.7009524726134048,Digital_B2C,Digital_B2C_Seasonal
f323d1a35c5ed79aa16b674fef3c252ce30a2bd53f581ffb2149a215dc8332b8,1.0,0.0,0.0,0.0,0.0,0.0,0.0,0.0,-153.6847105529987,284.96732017200264,73029.22336013165,4149.509519171818,27.00014532331012,0.7162162162162162,2.4054054054054053,0.4157303370786517,0.0561797752808988,0.348484848458448,2.178571428182398,0.2921348314606741,1.0806185058953302,3.8666666653777777,17,0.7865168539325843,0.9213483146067416,0.5882352941176471,Subscription_SaaS,Subscription_SaaS
f358b706f3c6fd9cf856389aaf1adb2404d15cae6ec7a263de1e007ddbd3b578,0.9762340036563072,0.0,0.0115783059110298,0.012187690432663,0.0,0.0,0.0,0.0,4.3623979591836894,151.20000000000002,39777.0456122449,1685.7859451597103,386.43561570224233,0.2215743440233236,4.784256559766764,0.3845216331505179,0.0,2.217647058801788,5.511904761795399,0.8488726386349786,0.2624460385919622,1.3018867924391837,379,0.457647775746496,0.5313833028641073,0.73263992298541,B2B_Services,B2B_Services_Seasonal
f36d4553e8043758b3337b4cf5b68b8b939611612af9e1617abd5be34828e0fd,0.6755793226381461,0.0017825311942959,0.0998217468805704,0.0944741532976827,0.0,0.1283422459893048,0.0,0.0,34.360681191973,24.65557073449729,3593.2957617736715,156.94436313881553,4.567556801807635,0.2027491408934708,3.855670103092784,0.9411764705882352,0.0,4.194444444250257,5.759036144231383,0.5294117647058824,0.3964781144789765,4.999999999621211,31,0.3778966131907308,0.6042780748663101,0.4458628025990455,B2B_Services,B2B_Services_Steady
f3b7088f63aec27c148a725e2bbe5257f9f0642df55d15f225ed1f2aba51f4e9,1.0,0.0,0.0,0.0,0.0,0.0,0.0,0.0,-13.48220604457625,42.90990192695189,7551.642556119958,372.60096561196775,27.63649836708261,0.6938775510204082,2.204081632653061,0.5185185185185185,0.0,0.3846153845660749,4.999999997222222,0.4074074074074074,0.588024388892497,2.3571428563010204,6,0.9814814814814816,1.0,0.419753086419753,Subscription_SaaS,Subscription_SaaS
f45faa6be3ca0b017c7f6262b3cae4173c762f28b1bee13224ede467926b78a2,0.9600798403193612,0.0379241516966067,0.0,0.0,0.0019960079840319,0.0,0.0,0.0,-519.3061092801676,1050.105101018714,898373.627343272,37618.039265880296,72.43904624442004,0.8160919540229885,5.758620689655173,0.1876247504990019,0.2694610778443114,0.2043269230744672,15.699999997383332,0.8602794411177644,0.646416899286391,3.485148514678953,39,0.4630738522954092,0.7065868263473054,0.6182506781309176,B2B_Services,B2B_Services_Seasonal
f49637d9d81bf1ce50225b6a8b163262b9ecdb336d23b1f8ccff0f81ac0a9651,0.8663911845730028,0.0,0.0344352617079889,0.0991735537190082,0.0,0.0,0.0,0.0,52.86634302850058,84.68119470284442,18971.835556126385,812.6665922164774,15.372097737584056,0.2574850299401197,4.347305389221557,0.6225895316804407,0.0,3.7450980390932975,6.408163264979175,0.6749311294765841,0.2945567921735518,0.580838323335903,54,0.1983471074380165,0.3636363636363636,0.4273543515967758,B2B_Services,B2B_Services_Steady
f4be3d86e7dd9764aa168269279f7c03f9a1851bae8321dd86c67b6cc3651400,0.9346153846153846,0.048076923076923,0.0076923076923076,0.0,0.0096153846153846,0.0,0.0,0.0,3.176421692634703,49.2744892832739,23808.29274888325,1367.699589464184,430.5787195477656,0.5868945868945868,2.962962962962963,0.6153846153846154,0.0,0.5950920245307502,5.842105262773545,0.5307692307692308,0.723939548598036,1.75172413787063,104,0.5480769230769231,0.6461538461538462,0.7063317117664943,B2B_Services,B2B_Services_Seasonal
f4e933c3fee72e00beda2a672918b7a2cfee98ffa1d2ff8d0b3d90551b1a6265,0.6242496998799519,0.3709483793517407,0.0024009603841536,0.0,0.0024009603841536,0.0,0.0,0.0,36.59702806556316,53.14542011943182,26034.13048200593,2555.812174586813,69.83660447262926,0.7532467532467533,4.327272727272727,0.6710684273709484,0.0024009603841536,0.2107558139519567,5.827868852220169,0.5642256902761105,0.6104044264023175,1.4129554655584422,187,0.3865546218487395,0.5234093637454982,0.6904727394783617,B2B_Services,B2B_Services_Steady
f51c6be3903cfc21bb0d74fd1a0829ad8b5915c0fecfbdb9b9998675212898dd,0.8978494623655914,0.0,0.1014784946236559,0.0,0.0,0.0,0.0006720430107526,0.0,-2262.3156536054657,357.8571999751925,2476049.6276389724,129989.9890214257,57.45882048496871,0.6771004942339374,9.805601317957166,0.2963709677419355,0.1713709677419354,0.360146252284369,13.95477386899611,0.4153225806451613,0.603618392238249,1.6257822277745573,464,0.3326612903225806,0.4065860215053763,0.7283337777983907,Digital_B2C,Digital_B2C_Steady
f54a026f7020e9b165f58f4622558f31eabd4d108e65d999f1af4b47b7565501,0.8216883403129821,0.1653074718977298,0.0068327088384394,0.0,0.0059510689883182,0.0,0.0002204099625303,0.0,404.4219040697666,213.75,2045523.1479941865,94292.05952300184,233.1527016014544,0.811046511627907,13.188953488372093,0.3160678862684593,0.1088825214899713,0.0761385199240083,3.926167209533517,0.4668283006391889,0.5572858364788565,1.1031270791713137,401,0.471236499889795,0.5402248181617809,0.8038661387106207,B2B_Services,B2B_Services_Seasonal
f5bbc4c8cf155b9c3145a3c1ce16c93eae41fd39452eb08c2e6b74747d1ae94a,0.924812030075188,0.0,0.075187969924812,0.0,0.0,0.0,0.0,0.0,23.588839359658152,70.2247840307373,24387.18647287424,2737.36294718708,116.04483392718738,0.4791666666666667,2.770833333333333,0.5639097744360902,0.0075187969924812,1.5576923075425295,6.388888887114198,0.4661654135338345,1.1437877772228642,1.4565217389721172,37,0.6616541353383458,0.7669172932330827,0.6145092460881935,Subscription_SaaS,Subscription_SaaS
f62efcb75a0d99d6c3b4b4f8487c44aa673e466b1109abc5cc831ecc382eee33,0.9753086419753086,0.0,0.0246913580246913,0.0,0.0,0.0,0.0,0.0,82.84391176470588,51.8035,44415.00352941177,202.17120543462076,2.4403870013336117,0.5294117647058824,2.3823529411764706,0.6419753086419753,0.0,0.7999999999111111,2.857142856462585,0.1851851851851851,0.773478236452105,2.789473683476454,15,0.7654320987654321,0.9382716049382716,0.5399176954732511,Subscription_SaaS,Subscription_SaaS
f63c56103a8985519c695a815da30a803e1645b14de50a3024ca75e949b4f30d,0.9386437029063508,0.0,0.0204520990312163,0.0382131324004305,0.0,0.0,0.0026910656620021,0.0,-2.9102489835328877,136.60850534310367,45274.88605093797,2074.5051677192,712.8273808629896,0.3763250883392226,6.565371024734982,0.2018299246501614,0.0016146393972012,2.59381044484919,5.958801498015752,0.538751345532831,0.4995409127227376,0.9196078431282392,141,0.0742734122712594,0.1399354144241119,0.434546075464805,Mixed,Mixed
f76fd73e00d575e0e849c31802f9e8d599a4049141196ee8a0d3a5fd501b49ad,1.0,0.0,0.0,0.0,0.0,0.0,0.0,0.0,9.52355897104438,113.82525557635353,19565.453317970256,1050.8183634162249,110.33883084126067,0.7425742574257426,2.693069306930693,0.4411764705882353,0.0,0.2477064220069859,11.363636358471076,0.1617647058823529,1.0151040130132554,0.402173913021621,6,0.5661764705882353,0.5735294117647058,0.3376068376068376,B2B_Services,B2B_Services_Seasonal
f77ac83d1b13e52637dc9889f3c275f2ba4b9873f3e2f88a9fe8b698a7f99f77,0.3614035087719298,0.3368421052631579,0.2666666666666666,0.0,0.0350877192982456,0.0,0.0,0.0,-18.71708369398596,30.06354816360925,9123.654109239553,535.7756414469634,28.62495300658753,0.6648648648648648,3.081081081081081,0.6947368421052632,0.0,0.3768115941937968,2.653846153676035,0.5754385964912281,0.2867339356796238,1.270833333267144,23,0.712280701754386,0.8210526315789474,0.7466387288283569,Subscription_SaaS,Subscription_SaaS
f7804bff95955d4880748abe96fbffb995946caf0754057a4565068e1a32836b,0.8361204013377926,0.0,0.1638795986622073,0.0,0.0,0.0,0.0,0.0,47.23396857920347,31.104698032981585,5575.206193375304,674.0380625640912,14.270197544191952,0.2628571428571428,3.4171428571428573,0.9866220735785952,0.0,2.0824742266967795,4.339285713898279,0.5551839464882943,0.6436362883479172,3.7346938771699296,18,0.5016722408026756,0.8729096989966555,0.4085841694537346,B2B_Services,B2B_Services_Steady
f7a005375fc5716c24d735db9424bc53d6241090b2c702e168b94ad5b0b4381d,0.6736842105263158,0.0157894736842105,0.3105263157894737,0.0,0.0,0.0,0.0,0.0,-73.15734822812574,81.88359240539077,22799.76257037968,1428.4388474775208,19.525568953483397,0.8188976377952756,2.9921259842519685,0.5631578947368421,0.0,0.1949685534529884,3.999999999473685,0.5894736842105263,0.5218853445144062,1.51785714272162,41,0.5105263157894737,0.7210526315789474,0.6008263361322138,B2B_Services,B2B_Services_Steady
f7af8bee1b0c7be2c04e324a66ffd963a1f9896ce737beb4c895d14c65f02bcb,0.9560117302052786,0.0410557184750733,0.002932551319648,0.0,0.0,0.0,0.0,0.0,-48.307539342261045,405.7641319163209,75325.8655402731,3422.831127566727,70.85500883427879,0.6160714285714286,3.044642857142857,0.1964809384164222,0.0,0.4635193132947742,4.683333332943056,0.5571847507331378,0.4824643839369137,1.953488371979448,53,0.4457478005865102,0.6891495601173021,0.65114411882778,B2B_Services,B2B_Services_Steady
f7d9dc52ea0870c3352af8a7ecfca4c44c07eaa91f2ded414fd383f2a8ab5128,0.835603112840467,0.0535019455252918,0.0009727626459143,0.0,0.1099221789883268,0.0,0.0,0.0,-0.1207457634981721,97.4401452512458,16796.375742927463,415.7781167053987,3443.4175595528623,0.4579055441478439,4.2217659137577,0.5068093385214008,0.0,0.7453310696031806,6.239436619498611,0.8394941634241245,0.4530474280168683,0.8696808510522649,51,0.6254863813229572,0.7772373540856031,0.7876165391529746,B2B_Services,B2B_Services_Seasonal
f8258f2069b179cceac57f4731646d02565a134b075bf06540c9cdb0631a7353,0.7889800703399765,0.1535756154747948,0.0,0.0562719812426729,0.0,0.0,0.0011723329425556,0.0,-1108.3864703242964,157.81167499856463,233725.2165293169,22870.686158190565,20.634216286754768,0.7873015873015873,5.415873015873016,0.4009378663540445,0.0504103165298944,0.1164921465960962,6.417391304068809,0.5310668229777257,0.6662866944710514,4.3262411345983605,66,0.2708089097303634,0.4208675263774912,0.5730272265805261,B2B_Services,B2B_Services_Steady
f829267789ce9beb333cc631809e44252e71f9d1dd2dfadf8268b192b9850a1a,0.8544303797468354,0.0253164556962025,0.1075949367088607,0.0,0.0126582278481012,0.0,0.0,0.0,21.640946104516107,19.91902996035304,183549.42370075,6237.157348123817,288.2109365791598,0.7710843373493976,3.8072289156626495,0.6012658227848101,0.1329113924050632,0.2440944881793663,3.937499999384766,0.379746835443038,0.1690757567973089,0.5925925925560128,20,0.8734177215189873,0.9113924050632912,0.7389610389610389,Subscription_SaaS,Subscription_SaaS
f87916138b129c4d5f239484e7b16170c3056d9857b79dd375fe8b34f200d262,0.967741935483871,0.0,0.0,0.032258064516129,0.0,0.0,0.0,0.0,51.56757261406064,36.42942506048325,5007.221352014642,242.80322778504427,4.708447875860576,0.4090909090909091,3.287878787878788,0.9262672811059908,0.0,0.8389830508119075,5.999999999032258,0.6036866359447005,0.7081281639269545,1.1379310343846611,21,0.4838709677419355,0.7972350230414746,0.412991002852754,B2B_Services,B2B_Services_Steady
f884d19e02599bb3ea899a66afe3fab97230dcf9e11db992d4d1a4307329ebf7,0.5612009237875288,0.3625866050808314,0.0508083140877598,0.0,0.0254041570438799,0.0,0.0,0.0,101.01421811172254,240.13621548424092,242304.0514844366,11324.65244111672,112.10948965095656,0.85,4.811111111111111,0.3741339491916859,0.0750577367205542,0.0865746549555422,6.277310924105995,0.6108545034642032,0.6745205685438932,2.709844559515289,80,0.384526558891455,0.5196304849884527,0.7203723404255319,B2B_Services,B2B_Services_Seasonal
f8e38e001847cda2172e0d852647ce8f9e08eddd3ee16b4672e326e06ca58721,0.6653386454183267,0.0637450199203187,0.0,0.047808764940239,0.0039840637450199,0.1274900398406374,0.0916334661354581,0.0,-1881.356651088792,71.50662543324441,1373567.710217561,42642.60097544585,22.6658783439816,0.8633879781420765,2.743169398907104,0.5657370517928287,0.1314741035856573,0.1674418604612222,13.7647058783045,0.4900398406374502,0.9829711405506096,1.4285714284693878,38,0.49800796812749,0.7211155378486056,0.6138101664417454,B2B_Services,B2B_Services_Steady
f905bac869f2203494b5241f2fa28690aab9f1682593a9c74b785f36627370ab,0.7410562180579217,0.2393526405451448,0.002129471890971,0.0,0.0072402044293015,0.0102214650766609,0.0,0.0,-164.31586591633052,183.48283487907167,111043.11359325305,7304.812491514153,44.45591696415486,0.2676470588235294,6.905882352941177,0.3735093696763202,0.0080919931856899,0.5622089155004584,4.017094017051099,0.8143100511073254,0.1753893854989347,1.3991596638557482,147,0.518313458262351,0.5928449744463373,0.8194337015661464,B2B_Services,B2B_Services_Steady
f90e69be53b8c9c76bc5cf1ee0339ec4c61ba2c8e12a2d74f0520ad5f3f6481a,0.7131782945736435,0.0,0.0755813953488372,0.0271317829457364,0.0562015503875969,0.127906976744186,0.0,0.0,66.51537026169443,89.71983041536615,22666.65679807969,931.2361766175984,14.00031560846449,0.410958904109589,4.712328767123288,0.5193798449612403,0.0,1.0077821011477086,4.1089108908856975,0.3856589147286822,0.3302511034819015,2.058252427084551,36,0.3081395348837209,0.5406976744186046,0.4561111111111111,B2B_Services,B2B_Services_Steady
f92dad99bf8d4955bb4137ff6658db4233eeda1dab0f95404b29e6340c2d0a59,1.0,0.0,0.0,0.0,0.0,0.0,0.0,0.0,-7.683294619631997,2.2605219382711605,89069.20133596224,11293.160953434475,1469.833124696323,0.4029850746268656,2.0597014925373136,0.5072463768115942,0.0579710144927536,1.5555555552674898,5.272727270330578,0.4782608695652174,1.3643774605226353,2.142857142346939,7,0.9565217391304348,1.0,0.505175983436853,Subscription_SaaS,Subscription_SaaS
f9839d45f0bfecd4127225209160eb1e64a7ddd96a3756083f4f79c8e5a55bb8,0.9705882352941176,0.0,0.0294117647058823,0.0,0.0,0.0,0.0,0.0,13.971242232110171,79.36613707494777,14599.476113888815,1441.09050603246,103.14691285567476,0.2722513089005235,2.848167539267016,0.5661764705882353,0.0073529411764705,2.056179775165383,4.439999999556,0.5220588235294118,0.4977358039132305,3.3720930228637105,28,0.4411764705882353,0.8198529411764706,0.5386029411764706,B2B_Services,B2B_Services_Seasonal
f9910c0c93578af8f783754c22772c21723637121742a5a3ae9687b2dde6f9e8,0.8932038834951457,0.1067961165048543,0.0,0.0,0.0,0.0,0.0,0.0,-746.652509055199,61.68142419696065,66818.71783388399,5131.374691933753,6.8725071296662215,0.6993006993006993,2.8811188811188813,0.587378640776699,0.058252427184466,0.3290322580539022,3.6818181813997937,0.4320388349514563,0.4595926121764409,1.4923076921928993,30,0.6407766990291263,0.7961165048543689,0.6538461538461539,Subscription_SaaS,Subscription_SaaS
f9aac2c0ff37732845ff62859d66aec29e953c54bc6c87ccb48e53406671d3a7,0.556390977443609,0.1578947368421052,0.0,0.2781954887218045,0.0075187969924812,0.0,0.0,0.0,-62.59941991996292,177.19595431638805,41401.65752774888,2315.7298424844817,36.99283228303636,0.7211538461538461,2.5576923076923075,0.4661654135338345,0.037593984962406,0.3299999999835,5.6499999985875,0.4135338345864661,0.8565905206166222,0.8253968253313178,17,0.7368421052631579,0.7819548872180451,0.6878643349231585,Subscription_SaaS,Subscription_SaaS
fa86976f5f12ef9845ef95a2eda3214a7a49c12906d7cc91b810a6e1db6be65a,0.1428571428571428,0.7085714285714285,0.0,0.0,0.1485714285714285,0.0,0.0,0.0,169.16988217823666,21.74313354951667,31139.424065647578,2590.168962459375,15.31105258781982,0.859504132231405,2.8925619834710745,0.76,0.0285714285714285,0.1146496815250111,4.645161289573361,0.8285714285714286,0.8526026484208724,1.327272727152066,8,0.6571428571428571,0.6742857142857143,0.7669491525423728,Subscription_SaaS,Subscription_SaaS
fad9d2ba0f82c10c036d583e2ba129e214a0642c960e6d435bfee8cae996efa7,1.0,0.0,0.0,0.0,0.0,0.0,0.0,0.0,-23.235380103623037,183.84398843323595,732510.393034229,59611.87229211544,2565.5647551539155,0.8507462686567164,2.8955223880597014,0.2989690721649484,0.1958762886597938,0.1686746987850196,7.818181814628099,0.5567010309278351,1.218454988939628,1.0930232556868578,15,0.7835051546391752,0.9484536082474226,0.5621993127147766,Subscription_SaaS,Subscription_SaaS
fb038b6412316f406fcf787918883ef86510bb2e7a505adc04d05c9877e21db1,0.7871046228710462,0.1970802919708029,0.0079075425790754,0.0,0.0079075425790754,0.0,0.0,0.0,13.802149750109498,143.4456347351546,101161.16789299052,4505.795592300841,326.4560717435002,0.7261904761904762,5.591836734693878,0.4245742092457421,0.0237226277372262,0.2035139092232668,5.549800796702195,0.2542579075425791,0.4338208840198577,1.0194690265396509,98,0.5109489051094891,0.614963503649635,0.7962941133131953,B2B_Services,B2B_Services_Seasonal
fb253ed21031af3d57fdb68c1a68e7abb4218313b550f7e13118e488c96f2dfd,0.8784266984505363,0.1168057210965435,0.00119189511323,0.0,0.0,0.0035756853396901,0.0,0.0,1.851177010834113,669.8443348601429,321292.2977048794,5772.145551702823,3118.0948589681493,0.5595667870036101,6.0577617328519855,0.1847437425506555,0.0810488676996424,0.7227926077954538,4.992857142678826,0.4696066746126341,0.453851026139757,1.744094488154644,160,0.4278903456495828,0.5399284862932062,0.627265625,B2B_Services,B2B_Services_Seasonal
fbadd0a2f2fd7d036031ead7d8b66f95c337fbb14fda8ce94741bc59e5488754,0.7247474747474747,0.0,0.101010101010101,0.1742424242424242,0.0,0.0,0.0,0.0,-214.401423795001,98.65828558208965,24127.631174271584,2661.857983467397,12.415299937039448,0.168,3.168,0.5707070707070707,0.0101010101010101,3.2580645159538677,3.9499999997531248,0.4696969696969697,0.6595010283862132,2.876923076701775,37,0.3914141414141414,0.6666666666666666,0.5252525252525253,B2B_Services,B2B_Services_Steady
fbe14c07ec1f37cc13cd6804af883c6f297aeb711a2c85dcb8566753e10a9fbc,0.8369230769230769,0.0892307692307692,0.0,0.0646153846153846,0.0092307692307692,0.0,0.0,0.0,2200.694482778365,538.841105017402,508597.94628809806,25001.92190050699,11.360923606637384,0.6938775510204082,3.7900874635568513,0.2784615384615385,0.2538461538461538,0.2548262548237951,15.24999999809375,0.82,0.7618786470543325,1.639053254389377,59,0.4553846153846154,0.6446153846153846,0.6863454580079985,B2B_Services,B2B_Services_Steady
fbf8cdc830424fee38b1272689898c596e8d1393ccce58dba5bb26431cb97b82,0.7263157894736842,0.2631578947368421,0.0,0.0,0.0105263157894736,0.0,0.0,0.0,17.788232603684648,30.881989467158427,10950.789397556666,568.5438438779835,31.961794981284285,0.7764705882352941,2.235294117647059,0.6105263157894737,0.0,0.2837837837646091,5.785714283647959,0.3684210526315789,0.8576194206958068,3.214285713137755,4,0.7578947368421053,0.7578947368421053,0.4444444444444444,Subscription_SaaS,Subscription_SaaS
fc21f6dc4fa40eef6ef5672bb55dd5462b926f2111c13887062ee64bc65da38e,0.993679134627916,0.0049234690183471,0.0013539539800454,0.0,0.0,0.0,4.3442373691298495e-05,0.0,-882.5687795380284,144.14721684816192,27174620.78710768,422081.8184969768,478.2424081589752,0.3424657534246575,378.3945205479452,0.3773042559045426,0.0335737144677585,46.90634755454924,44.53709198805714,0.933822784076922,0.7552245594120534,0.8225468941464019,993,0.8116049060920689,0.8353751248968244,0.9699999575455284,Subscription_SaaS,Subscription_SaaS
fce992840d0516e3f2921a2fcd196cf9108823309d2ec42133f66d4cb1704222,0.856,0.0,0.0,0.0,0.0,0.0,0.144,0.0,307.23301946170875,570.039425700093,355511.6278847876,30030.216614875764,97.74410532602622,0.675,3.125,0.432,0.152,0.6666666666222222,9.416666662743054,0.512,1.251003577554483,3.9473684200138495,6,0.664,0.672,0.7380952380952381,Subscription_SaaS,Subscription_SaaS
fcf6054b1d8fee1e84e9815c3de61d6f4055df7e630ef3e1d62a7e03019c519a,0.4318181818181818,0.2878787878787879,0.2424242424242424,0.0,0.0378787878787878,0.0,0.0,0.0,-1.6580608755469357,58.45801926785029,8268.695976500758,252.46710968373668,152.26648905625484,0.4946236559139785,2.838709677419355,0.6363636363636364,0.0,0.7837837837308254,15.4999999903125,0.7272727272727273,1.2766909519389222,0.919999999908,12,0.9318181818181818,0.9772727272727272,0.6812977099236641,Subscription_SaaS,Subscription_SaaS
fd1d21cb892fc5085c20a87767e5910e2b0b196802c4a855d78897d787d15d67,0.8006644518272426,0.0857142857142857,0.0066445182724252,0.0166112956810631,0.0837209302325581,0.0,0.0066445182724252,0.0,7.633045258620988,161.5,416691.9167456897,28796.975536272566,3772.6719183305886,0.7133620689655172,6.487068965517241,0.4538205980066445,0.0843853820598006,0.3019031141855454,18.80263157771035,0.8232558139534883,0.7028337312465308,0.9738219895202984,247,0.3495016611295681,0.4737541528239202,0.7482525536193623,Digital_B2C,Digital_B2C_Seasonal
fd88e09953a5b932647bebbffb454bf9e94d8fb3fa215759dce284a555d8ba27,0.7050938337801609,0.2828418230563003,0.0120643431635388,0.0,0.0,0.0,0.0,0.0,-222.8410072165688,126.2015301173884,79535.06140980242,4999.582419457402,22.43564809583805,0.8525469168900804,4.0,0.4544235924932976,0.032171581769437,0.0954478707775664,5.268907562803827,0.6300268096514745,0.5882294323592858,1.6605504586775104,72,0.517426273458445,0.6581769436997319,0.7571127946127946,B2B_Services,B2B_Services_Steady
fda1628d1592ce9c9309e6d11b6b5ecac1b24fcc6227e9189739da581dff2bd3,1.0,0.0,0.0,0.0,0.0,0.0,0.0,0.0,-42.01094699703596,3766.3880724539567,714875.1022011458,47579.634325217,1132.553244211524,0.5235602094240838,3.1204188481675392,0.2013422818791946,0.4530201342281879,0.7738095237864937,16.52941175984429,0.6644295302013423,0.7485773854074095,1.9523809522260016,55,0.4697986577181208,0.7080536912751678,0.6435631482611348,B2B_Services,B2B_Services_Seasonal
fdc5115c16d011946745c7a102949b3dbc7a49646f26099d33e826f7d643f0b9,0.8181818181818182,0.1753246753246753,0.0064935064935064,0.0,0.0,0.0,0.0,0.0,-3.2877072107663943,31.17046285721621,6937.8102745261085,332.74169983487707,101.20782584688668,0.5887096774193549,2.4838709677419355,0.6363636363636364,0.0,0.5876288659490913,4.133333332644445,0.461038961038961,0.5035383569374461,2.6216216212673484,18,0.6298701298701299,0.8311688311688312,0.5748792270531401,B2B_Services,B2B_Services_Seasonal
fde45b73bc86d377d0d1ac8948ab4cffc2bca6be40b05f1b1b1c9ce29319a250,0.915311004784689,0.0732057416267942,0.0107655502392344,0.0,0.0,0.0,0.0007177033492822,0.0,-71.69991794757752,224.0581749117878,742467.4382545676,103200.73284841375,1439.3424119323854,0.3666666666666666,14.666666666666666,0.319377990430622,0.0303827751196172,0.4875444839848976,21.35294117589965,0.8389952153110047,0.7093621019943751,1.3359013867436984,461,0.1796650717703349,0.281578947368421,0.7110278748807796,Digital_B2C,Digital_B2C_Seasonal
fdf1e147137ddc241b5d8323a409dad879ac61e038ad47512a119d06f49edb08,0.8768699654775605,0.0,0.122554660529344,0.0,0.0,0.0,0.0005753739930955,0.0,174.26473026228285,160.96654175999117,119074.15311339597,5475.473842453338,31.4204362173464,0.1942567567567567,5.871621621621622,0.3250863060989643,0.0373993095512082,3.841225626687448,6.758928571277703,0.594361334867664,0.4719259292404991,1.2284172661760036,434,0.2031070195627157,0.2911392405063291,0.6224698127515604,Digital_B2C,Digital_B2C_Steady
fe352c4bc7fca7f2370908e7224821daabfc213a8823f449fcb6741cf0a7a91d,0.7548387096774194,0.0967741935483871,0.0,0.0,0.1483870967741935,0.0,0.0,0.0,-569.1791469136506,179.20505945354208,33748.75640750228,2841.625733068967,4.992497965583657,0.848,2.48,0.3935483870967742,0.0064516129032258,0.1481481481426611,4.535714284904337,0.5161290322580645,0.6826502056737137,2.292682926549673,30,0.6967741935483871,0.7935483870967742,0.6675675675675675,Subscription_SaaS,Subscription_SaaS
fe3ae185583b9cec7f223d7f96337bcbf09c66034478771e194ca3e550c36628,0.734284440481498,0.0378956754346856,0.2278198840838163,0.0,0.0,0.0,0.0,0.0,442.9178469321009,624.8210391070237,979764.2172501402,58540.577334000925,132.17028335652833,0.8073929961089494,8.727626459143968,0.2148907712884529,0.1359786000891663,0.0920155793571275,9.288990825475024,0.478377173428444,0.6729247859516335,1.6329704509981886,190,0.1636201515827017,0.2340615247436469,0.5838847231871211,Digital_B2C,Digital_B2C_Seasonal
fe51c662bf1a329d140286fb9c4e769766ad4a6306251dba54fb5642b8147449,0.943661971830986,0.0,0.056338028169014,0.0,0.0,0.0,0.0,0.0,0.6950027805146222,10.147099419278105,7036.4310919983445,380.4825905389413,547.454766702748,0.2028985507246377,4.115942028985507,0.852112676056338,0.0,3.303030302780073,4.568627450532488,0.4471830985915493,0.5060881161876171,1.7294117646041522,201,0.1795774647887324,0.2323943661971831,0.2660290098801766,Digital_B2C,Digital_B2C_Seasonal
fe5a445755f5a2ed2edcfca40c0f6d638f2f26fed6f57f322d77363787cedac0,0.7064516129032258,0.0806451612903225,0.0,0.0,0.2096774193548387,0.0,0.0032258064516129,0.0,-109.11596276171046,716.1656136289432,649397.6578749747,27059.868812260884,247.99184395114423,0.7861271676300579,3.5838150289017343,0.2774193548387096,0.1741935483870967,0.2109374999958801,7.157894735900277,0.6935483870967742,1.0456257443557018,0.7482993197024388,46,0.5129032258064516,0.6645161290322581,0.6541079993810923,B2B_Services,B2B_Services_Seasonal
fe5a6402698d7bf7a11e533400bed4212ed43f8906baaeb4e160c3b23bb43d85,0.9327956989247312,0.0,0.0,0.0672043010752688,0.0,0.0,0.0,0.0,-31.264855488739563,406.7931822784517,82388.36039225211,3825.4550970857545,122.35639781671074,0.5040650406504065,3.024390243902439,0.2016129032258064,0.0161290322580645,0.8599999999785,10.999999998225809,0.5913978494623656,0.6001392285712239,1.1803278688040848,81,0.3978494623655914,0.5591397849462365,0.6060666401168193,B2B_Services,B2B_Services_Seasonal
fe60280667fcd3e48ae20c70f355283b30036da9740e94f28cbdaa641cafbb05,0.782608695652174,0.2101449275362318,0.0,0.0,0.0,0.0,0.0072463768115942,0.0,1193.7000692694528,5131.469272106842,1516782.89260847,27651.607999564687,23.164619581747942,0.4787234042553192,2.936170212765957,0.3333333333333333,0.5217391304347826,0.9714285713591836,5.57142857010204,0.5507246376811594,0.5598536158238278,3.5833333325868053,27,0.4927536231884058,0.6159420289855072,0.5505505505505506,B2B_Services,B2B_Services_Steady
fe75ad9c28cfddb26b24d3d694ac6c1c449f1409b14090e8a5e334c38a4a2edd,0.9782864342713146,0.0061318773624527,0.0076858462830743,0.0047879042419151,0.0008399832003359,0.0020159596808063,0.0002519949601007,0.0,263.6378302042894,58.12754149348324,656690.5148030978,17489.067051807815,66.33747151382788,0.2640218878248974,65.14363885088919,0.6454430911381772,0.0073498530029399,6.7405721716405385,10.881237524922952,0.7241495170096598,0.7416592161765192,1.0658591975769205,9548,0.0741705165896682,0.0986140277194456,0.5470063906254357,Digital_B2C,Digital_B2C_Steady
fed3cf69a004eda573d0922299398f8867d340a7342e67bf3e1e82e93e06bcd9,0.4748490945674044,0.4084507042253521,0.0845070422535211,0.0,0.0321931589537223,0.0,0.0,0.0,-10.771957446808516,52.5,21186.73021276596,1145.7709114795512,106.36608212329654,0.8262411347517731,3.524822695035461,0.641851106639839,0.0,0.1451612903209082,5.808219177684368,0.5895372233400402,0.5273994361859928,2.227272727171488,46,0.5432595573440644,0.6599597585513078,0.7167760459392944,B2B_Services,B2B_Services_Seasonal
fedd8ec9267c5e537ccd33cc9aae6690be53e336df5423016d9dc5f9364f1f0d,1.0,0.0,0.0,0.0,0.0,0.0,0.0,0.0,69.6989601165549,1037.0147788503268,159197.07725760282,9779.503877910396,140.31061381910723,0.1604938271604938,2.537037037037037,0.0754257907542579,0.0851581508515815,3.0895522387291154,2.527896995653908,0.9562043795620438,0.2968937077131985,1.216730037999682,22,0.9148418491484184,0.9817518248175182,0.858327803583278,Subscription_SaaS,Subscription_SaaS
ffb6ee62b3a2a47583aeceaeff39feb91ac0597c3d448c0742764a9a94bb607a,0.65439672801636,0.3333333333333333,0.0061349693251533,0.0,0.0061349693251533,0.0,0.0,0.0,11.604571815718156,66.747,8622.204634146341,555.1974962979544,47.84299710804674,0.3685636856368564,2.6504065040650406,0.6850715746421268,0.0,1.0897435897203045,2.517985611420216,0.8875255623721882,0.3557957089215853,1.166666666624396,12,0.820040899795501,0.8343558282208589,0.8089430894308943,Subscription_SaaS,Subscription_SaaS
ffbe5bd31c040dace3e025b7fc690b6f4bdc2a419b07e52abe084a231b8124df,0.4045454545454545,0.1227272727272727,0.0181818181818181,0.0,0.4545454545454545,0.0,0.0,0.0,-11.365726371436011,58.34124330581112,15433.248356335727,775.1842934791231,68.20367369966387,0.7921348314606742,2.4719101123595504,0.6136363636363636,0.0,0.2865497075939605,4.3658536580041645,0.4681818181818182,0.5921238875507739,0.864864864806428,17,0.6409090909090909,0.6909090909090909,0.7680355160932297,Subscription_SaaS,Subscription_SaaS
