cust_id,customer_type,parent_company_flag,CUST_GRP_ID,BRTH_DT,language
3caf82febb1d4e64b140893d9e89d748115ec5b70455e1bf0d5fd9842018420a,SME,0,eefcfda39744d0f4c7d1f1f6f13a53dbf49f7281de5de0ff43a2c75fe55f167f,2005-2009,ENG
fd0d32ecf697980ff5b750d18fe6f8e9f96f2e31fba130a125cc69e0822086f1,SME,1,,2015-2019,EST
320b10457c9c109c2b4f00b0fecac1cc8cb7c2da8ad936fdf0787790517f411b,SME,1,,2020-2024,EST
d4d7e033ed758bb075ad96435d4afb505b7a4059aa3f374f4790d92e42163c88,SME,1,,2020-2024,EST
e9b8374b1f3ae04cc65672bc5907726d962edb35e057364b66cfa0f7b7f0f9a0,SME,1,,2020-2024,EST
7e279911d836b7faac7e7d002f900586c34a2eab3ffff74a23e97bd6dc113e0f,SME,1,,1995-1999,RUS
d21f764e1f20035a7c9a1405a3c6d1d1e69a0267490a271cd8cc284f151e126e,SME,0,98c025b63690d9a3ede06a48a394dea29157bbac20c3ad3d712d2015e407883e,2020-2024,EST
1e91ce9062f0ea2e8bca5b3a2ecb4944fe0de3c1a26e67339a4dd3162e6ea9ce,SME,0,84ebef7e21dce74cc35fc6468758ff1fb3e0eb31a2d821e8ac8d07e7f71bcaa0,2000-2004,EST
aa15a7d34a9b21e5fad5655a45cb3744b3a995ee9d0b63403bfbbd9c8202eb75,SME,0,cc848c9285c5d1700691737610c7233785fdb880b5539d2be754410247fdb2d9,2015-2019,EST
036404e22158cbfbe3b57dec87c2af420e9119b3aa455d4711d91bfb02211655,SME,0,e3a561c61047351c300c0071a846ae54b8be4bfa2f03bf3ffbdeeaf1d2b4569c,1995-1999,RUS
ca33fae0428f473307618a4a8ef15ce52f3e24df70a5f0223173a6cc5604f0bd,SME,1,,2015-2019,EST
b77fb5941739b36e0730f61fb79156e23037351493fa5bf9d748e984a25f5095,SME,1,,2020-2024,EST
422616b46e51dbb5c6739c01db7d30bbd96491cdfa7b6a367e8287569d88a8b3,SME,1,,2015-2019,EST
5ca14f7e028eac30ae9a6466f1763d48609e80e47d1d779e1eb375a8b4d0943c,SME,1,,2020-2024,EST
ec1f44d4221020a8c36a66c2f4b8363d6635f103cb8e534e615160017631dcf7,SME,1,,2015-2019,EST
3c98e7c0fb2fef28e50ae21f49386195c278d241e5675655881eef77601deb35,SME,0,,2020-2024,RUS
47a32d9231a0570a6ad079851cfda34352aca49d473a63d3bb61abfea8747683,SME,1,,1990-1994,EST
c9f39525545b62b25ac3cae7f85e3f9e98f6f76b97dcad5c75af0b101949ab2f,SME,1,,2000-2004,EST
138b2b0a16860d60e82dd7e2aa8169f7396c89e04c31e3393883f2e21018c920,SME,1,,2000-2004,EST
31c0f12f1ae9e0e1e68b86835417bd10cbfe80900c0284788737988e0ded4db6,SME,1,,2015-2019,EST
763662f70dd4a9ff4be0a74223832c7642d7102bd35837fb1e8ec5b046014f94,SME,0,0b3abbd5b8ac2d2cb9d390d9eab6f96431a843c99d16c8b356aa66d1a2a6fd72,2010-2014,EST
75dcb6e3681402fc4288206bd57e31ff848a6140e4d1777d9b7a622fde3ff045,SME,1,,2000-2004,RUS
796730d8f5a1c8839d5a730c60639babb15879e69eca21224755a95ec042c9a3,SME,1,,2005-2009,EST
073227222dba6004a7b2a633c250a84313bad677cd415f14b7ce70677181033e,SME,1,,2000-2004,EST
5cdd01d58cce9983520de2abb59a9eb0799f8340046e76debe10470644924f30,SME,0,ac9d2961c76ffdc72ac0635898a32a254a9a92ae7b8d88728947759fbdd68d69,2010-2014,EST
c0d8c7cf491b785fdedfee6ffa2e0a3d9b57283a642e4ad9a845211205d53614,SME,1,,2010-2014,EST
880506a0d6bba15899d336bcadc09691a200b5ae48a3fecc887b210f42762e8b,SME,0,55d764e2191a0826d06ed9c3fc9f9e31537d066f2c60747da0384e4a4c5a7e37,2005-2009,EST
4d6b999968b25faf92a84ef108afaef563b5d83d6057f315e781ead39bf67e33,SME,1,,2000-2004,RUS
37429d4c41a513d320377b5c03241924a3c8838117008470946bf6dec1f1bb43,SME,1,,2000-2004,EST
171aa77f037e1f9ec7ceaf715171c04465a90bd1ff7d3b22766b68df611b17df,SME,0,de5178285905dc19ae681db54afade2f7b1512899e588a5498509cb7ebbc180b,2010-2014,RUS
47a77c6561f0a2bff8795fe946508f256844147025decee0ec2532eb74bb4ee8,SME,1,7696a4ccfeccb92775e8b81147327af11edf01351413d7c3660cde49c5e179fd,2005-2009,EST
6474c286089f52b37303c81f67a5bf12f6f0d9a9fa3297dd6082dcddf87e6369,SME,0,3a26aafca2043a7f82ff3d5ddc9ae6e5a748c97c1ecfb2173aeee10a5bb16367,1995-1999,EST
973ac8e9e9e371d2441805f734fcd88a6f7dcf5025dd70327e90668fd3f5e797,SME,0,0a4e326266b4077a8808753669af91ce3d6bf2d33fe10aacbb8ddf09750cca6c,1995-1999,EST
931311dc8fd485aa61bd36bada69c55faf70337b3940906380fb0d25df951da1,SME,1,,1995-1999,EST
dc1036d065d7a2b550e91d507df3f76ea723e4b64906153bd8d0bfedaa680ec9,SME,1,,2010-2014,EST
51f307316f460d7167e01296ecdc85ec8d752f76212db24f020b2225a319a123,SME,0,e7d837dd9c3f0a9f41607e8cd1e8b7a50a9f2d8faf545f655a958477feb63530,2000-2004,EST
fed3cf69a004eda573d0922299398f8867d340a7342e67bf3e1e82e93e06bcd9,SME,1,,2020-2024,EST
2c316a2e4d3ee1c02a70cdb755bf69db72b0ae3b2805d9499f17e7f5ebafa933,SME,1,,2020-2024,RUS
819e88b0da398b6a94670bf7c7f27138546a2b8be98b3f4ce92d343e55943362,SME,0,5d126796567d4d229d4e4a806021a00625abd002be63e4adf15f883cc8449f58,2005-2009,EST
f5bbc4c8cf155b9c3145a3c1ce16c93eae41fd39452eb08c2e6b74747d1ae94a,SME,1,,2010-2014,EST
af73d0f5ee699d5b69eb18a000eb4a23a207a1e3f311c8f644e3e25266d3ef2b,SME,0,b69d958bf211979176c3d8ca04d3317d58407c269c71375d53f5487a273194cc,1995-1999,EST
22f54eddc27946e5802ba3fa67d4942d43b3f5370eecb58a7d81904884eff229,SME,1,,2010-2014,EST
24ead4075cd83808cb3ed91592a7dc4adff7eafcbbe44cc36038093a0342ea3f,SME,1,,2005-2009,EST
3758cf1e18f95e33d96a465f6d6977c8ba4b147b517295ccde41fb6f06993404,SME,1,,2000-2004,EST
94bd766e18507355023998f64dbc4741ae0b52f16130c2af1761ca06e17adaf3,SME,0,3655de836627d0fba2d26851e953e408082ad93fcc2c287ccf8f02a00dd11eec,2000-2004,EST
10a2c1587278f4b4b9555ca854111066a6416abe5415a68ffa8cc49dbb8e3e20,SME,1,,2020-2024,EST
1f32af12237e20233e3199f71dc447fe395b2784c03b16da360aa773cab23278,SME,1,,2015-2019,RUS
33e103e5deb169609df3b4560f3e405a66ed5ac29e1689a08c26fc9367e278d2,SME,0,7dd396ad503cab882042b0c20bcfc5fa2e49102b293ed104558629cfa6eeef6d,2000-2004,EST
356bae7a5758946b94e2dd6ac31aa41aa40191a74fdf3754c52a7eb8401a1e71,SME,1,,2000-2004,EST
4882230c849a33f3df1e8be7fa2cb35d032c1560401d79dcdb52e98d459162cf,SME,0,c4e5d179af5fc75683a30dbc5bfc2caca5eba1f864214d0f066f9a6b3139dfd5,1995-1999,EST
b3acc6ed7a6effa87aade52cbe1788c691eb5a9aae02061a971c8065e6847149,SME,1,,2000-2004,RUS
66e2f067881d000c918b59781237cfff135a379bc6a87fee4e77cbee1886fb98,SME,0,ab5d5ba8dd3d03c91133a6f99ff0711866130b74d45c72dda77108d7576c05e3,1900-1904,EST
04cb0f16cf177d455b1a73327a9ef82f8a4542a90a474965fbe1339e23651bb3,SME,0,b9e4f862f614814a0c97fa9868fef211d34a02e3007e321e7c6e8ffecc618eee,2005-2009,ENG
ed78576b390d12069d756566b1bdf53728fe635a206f70d59d9face3bb263df2,SME,1,,2015-2019,RUS
295547bb4cdc44019ac261fc5a3503512e4ab78ea9cff11b16e292e50d2ddd82,SME,0,0f8e2423a0688cd6c6e2aac62a0af418e2d624061f3f0a9e8156c4f6dd81990a,1995-1999,EST
1ebeda03bd0231c32c01d13c5035512ce074a2d5496b238c7ef77ddcce658fda,SME,1,,2020-2024,EST
b2ca703e213130c530f79412d5771f27a21aa4764dcfb7749e26b9b8f715a6a6,SME,0,0f4e731b33dd68e0e12db660e3f7d3c5adc91ef49cd974713c4252b4cf79cc24,1995-1999,EST
f26860fd4718bd1b7d154da742cf8a33dc516645c383167801506ca510abeec9,SME,1,,1990-1994,EST
a15bf4769be979db36d36eb9547ea33fd5110e2b12bac4ea07e1ba5a8154eef2,SME,1,,2020-2024,EST
c7a7ee09bf0845468bafb714b70d86b67a2911f5cc6fa868d013d8713c642dfe,SME,0,b8540d8d2e4669486353462a1e2883892caf0f0555872a66fb87d3f0aca7ed69,1995-1999,EST
f45faa6be3ca0b017c7f6262b3cae4173c762f28b1bee13224ede467926b78a2,SME,1,,2000-2004,ENG
7f008aa9d3ff3740344063bfab88d7068488783f7159d6824410a7b12d6590de,SME,1,,1990-1994,EST
b8ae3ceb5fe38da44b57bb88609c51fe705776333d66242b12e231349036c4ff,SME,1,,1990-1994,EST
e0d0289d7595abc20cd3be377848d1fea1ca813b3d540760a05ad0eb017d5a3d,SME,1,,2015-2019,EST
7971cbcd62d1215bd45280a3dba6f7fa76fe1064ba4c6c1e8136e985acf6e780,SME,1,,2005-2009,RUS
2636e257eb2f43cb2ab63bc0df6b650dced33cfaac98d06739c6f9507b9b7f4c,SME,1,,2015-2019,EST
c20f46c02d97791b6130839128b62ab27cb60a6fd1576ec10dc2aac6063e9177,SME,0,f2e60011538b5586f421d495e660c5608d079ebd283b857486b511268723bd98,2005-2009,RUS
9e7b245f33dc66227a4148bd1b52616eaf243f7c9f8129d9ddba4792126bdbd1,SME,0,370bc0999ccd8413773306e9614ef4e3d3f062ef9492367d22cf347e202a074e,2015-2019,EST
ce00ce9641cedb466f9282355f3f2314d4a4d811c870b0b1175cefa77c44538b,SME,0,,1995-1999,EST
b1259b9676172674c992ec8ee1ce31f618ad244c3fa90663150159213e84b74e,SME,1,,2000-2004,EST
cc90d1e1c2a266bf1aacc38abcbff55ca2593ad19b9a4e14eb10d3abd39447de,SME,0,ffb2a6311dcf956a3458739f13fcf69ad21b6f03f33a00ae9fa9a4c547bd03a2,2015-2019,EST
80571bc865d0ea4c4e9ff3b11c608994466f6d013503302d77eaea9dd7a8c683,SME,0,62da422a4985089578c56e00287466af6c244bc4ef80a74bedac04c1db1ccab8,2010-2014,EST
f92dad99bf8d4955bb4137ff6658db4233eeda1dab0f95404b29e6340c2d0a59,SME,1,,2000-2004,RUS
a4060ddcc92a4f0a9aedbc6889937cb9a8a1cae5fe1aa08398310ecdcbd23d79,SME,1,,2005-2009,EST
828bdfd07e3abb0050bff0af0d7edac753255e93fa72845b070efb4871dfd55a,SME,0,2aad01b1a134d2048677c82827b65faef2a577afbac56110759980e4b8e54fe9,2005-2009,EST
acc1721c0587aafb40f276588a1c1a9b069ee443cef11d9b96fc49b663391fb9,SME,0,,2015-2019,RUS
c8df40b557f4e307a0b431050914bc33598f44e576ceeddcf84789198b9cfa9a,SME,0,c979de29063ec7cbfd604c90ca2b1096afca5679dff92a2859f123f837a53a52,2015-2019,RUS
6c694c102c81f3abe08e08e5ae729a0cb67dee2f04db5e974d238980b4d351d7,SME,0,9c376a2026484a64c17bb0b515ab8a953f53bb716cd626a6e981dafef8e4e1fb,1990-1994,RUS
2a784ff9ace06a7f6f352da27e5881bd6e8817eb55344cbdedd7666d2a8a6736,SME,1,,2020-2024,EST
a921c54b47a5707f3984cf373195cf3f45a74fddf7860a1333948407e739c64a,SME,1,,2010-2014,EST
40eeb4ab94a4e977f1369b487c0dec8686c142dbce727a1c7df1d1ada782b0b6,SME,0,c2cb3dc2bfde95fff733f45ea00af70ea7f0cf1d4128dde344a404a81ac5c6a9,1995-1999,EST
5f31a32a1e53abe756997d5c19d047104bc2fbeefe483b300132c4070cbdb1b9,SME,1,,2015-2019,RUS
f77ac83d1b13e52637dc9889f3c275f2ba4b9873f3e2f88a9fe8b698a7f99f77,SME,0,8dd6754c7cb8c619ce4d582b1abc527ca84d287ab02a3d7160359b3751343796,2000-2004,EST
1b89743da089e5ec62c7244dc06e1f444e32580d49e2998d71d73c62d3da7365,SME,0,d8c2b3bbfd5fdf85723d4096a46506a39e0505808c70819a451e541b897aca7b,2005-2009,EST
bc1776de06f494435343b3a7ffa39709bf982792dc8661ae70a2e800817299ab,SME,1,,2000-2004,RUS
57e832f0ed2668ce82267a102af6b1d0f57843d1d91ac416b4542edf218a2ef6,SME,1,,2005-2009,EST
f358b706f3c6fd9cf856389aaf1adb2404d15cae6ec7a263de1e007ddbd3b578,SME,0,a7cc6b8823e6fb92aa1f05be7252e6494fb38e7c255464a363938f701bff25ae,1995-1999,EST
39e10006265724846e556f2f52108b9400348fa9c84be34c551cd31dcf5e7e40,SME,1,,2010-2014,EST
7d6946cb0965b4da561c4048eca3d7858a606a71ef676c4c452c8fe79e9198b1,SME,1,,1995-1999,EST
b80dd4f8da4504c16954d2bc799bdc179bc555081a3cd7e34e9ab985433d3dec,SME,1,,2010-2014,EST
3f48415c426e16f14fd160272a63b7367290a586aa8f84497238ddb40354427c,SME,1,,2020-2024,EST
b15a35aa660f1da3fecaf6b877d09062f50b87ff53282cdc0b831906b6b3c772,SME,0,5f8bc6cd30f95bafdf23d12a30b59c626c5ac5795d78170541876cea431cc7bb,1995-1999,RUS
8e58fc88a73e23cd3df8eaa3d8fb2623bb819ba31ed817bc4ef90720d6bcc1cc,SME,1,,2010-2014,EST
d6cda88a1a810d65bcde0695601aa12f7325f6fb6922627bbfc8261713f35ff7,SME,0,cdc7f515d5125ca62b3d5719ff42f527e82d21312094ca1087fbd97bc1270e7a,1900-1904,EST
18cc56a1f6bb165bab5907b30040e5443d50e1ef41867c6908fb350f8201bea3,SME,0,acfcc68252b81eeb478612ec21f8170aaa43ad0b440903a68f348a5019819da3,2015-2019,EST
2b53ecbcc4f4b5e256295347dcc29780507d8b802fc38121d13b5754e4a77002,SME,1,,2005-2009,EST
d324d329d5c320f73156226554cf225f2cae348c52b150061305837c9d6554a4,SME,0,75b889dfbb0a6c1dbf2a3795740f93b04ed94adc9e6e073fbabb6e27e9aabb93,2000-2004,EST
4e1e904f361c2fa34b64da4f6ff7222e98454fb873fce02ff7877d5f08f3d806,SME,1,,2015-2019,EST
7540ef079ec3dfc57fb11246e1c844d7d11e3b9eb8bda417ef1f07e1d53e24c1,SME,1,,2015-2019,EST
128cc2366e71e12e6c5e5ae107f36a410ab0db3e324c644f55ec587ecc8d681b,SME,1,,2020-2024,EST
bc5de7ef7a0ccfc9e231b156c6aa7e04d71a812596ef428a3a1b0b6ca533e8da,SME,1,,2010-2014,RUS
0b027d130a965d0dd03683055d14868929fe2810ce9459469b2af35a47b326f9,SME,0,969497c34f8b872c339b23f3ef6daceb769eed96867a8d616b90c834d9b4859d,2010-2014,EST
0c7932a7e9e11c8efd050341a9f9a4cde98c4b3b3ea32152e6c6e1fafa4adc42,SME,1,,2010-2014,EST
3c4f1d8270864d75da0010617b4f3a9b240bfd68a87b7fa0f0c655a7ea0fbbc6,SME,0,44fd5c66fdbe7e4ef5b19f5bf9e7f479fdfa7b4537f0ddeacb3ebe9023c5296a,2015-2019,EST
964b26191619c4868e467626829f23564efea275a2d1c26313389bc5701129df,SME,1,,1995-1999,EST
72ff6a450ad7047758e997bbd72dc05b1c6d35df90507e968e594fc80b568bb8,SME,0,492d5bfb3ae4e7e469ab6903b36bd0decde7577f0f6c3f6934f5f93fc097a37d,2000-2004,RUS
6108018781862e2b59ea7f3a2b4e1447a3262190c6fb0413fe0eac995a5c0db8,SME,0,f9fb0cae68ffda402632e9b5bc4a48185cea3d0443c2ef46e7a92b4074798cdc,2015-2019,EST
8e630b7ad82d77b57ec7033e32c993c5a4dd8a2732f98fbeae0cd60a8cf7afdb,SME,1,,2010-2014,RUS
a30bf9363cdf792cb9c5d639ad6fab8ab75a9eaf5e98957da30fe97acbb5cbec,SME,1,,2020-2024,EST
0b83f8e6f058b1a72e2f16dc03b1f8df4b683fd256185f480c0bef7f276d0f2d,SME,1,,2020-2024,EST
5963d94a3e5f13410d42f6fa28110b0b2e30d68761580829cc88e9041fe3d495,SME,1,,2015-2019,EST
f8258f2069b179cceac57f4731646d02565a134b075bf06540c9cdb0631a7353,SME,1,,2010-2014,RUS
01a37f0fbc7245a14b2dee8b1a3146ac52a3f0a8b89d5fe0f7f14041834f6a24,SME,1,,2005-2009,ENG
31ba57979774e7b2250ca058af3492a8c528adc088b0ef4d6e645578483bf9a9,SME,1,,2015-2019,EST
6fb60f499b5bc6f09a17d7729a847a746595932618fad3c4d55c33f3ea44b25d,SME,0,468353d73d555697c192490dd474873bdb752f324eb13639e279778cec5b2852,2000-2004,EST
24c35caa34a933a7d69bc76fe5c408e6925431c23988ea2524a95df801197020,SME,1,,2015-2019,RUS
56dd94a33881674df8d91eda06fdfb608f5d315bc7e955b0624105b4e721bd7a,SME,1,39ab7d913ee2bb369a2b3f627d3908afb853991729134d4080670bba5534d96c,2005-2009,EST
4c422d8e0924c53ba5a2e9588542b068262d856967580bfefd65e17f87f68bd7,SME,1,,1995-1999,EST
786b63819f3275fd26ad8460f328f1829a253aeb7e40ee9cbdde741c454a98cc,SME,1,,1995-1999,RUS
a50ab51196ec025849a451b1fa55a8127c1f4925f410154ed79c35290eab27a3,SME,1,,2000-2004,EST
c72100ad1e8a8a2cd14f19aa8707da7064af4d68ce63c2dd0a8ff85a92c9f73c,SME,0,a2a78376022889ad48ef2fadeebc2d8c2bbe5512499d3446cf890ba0d21441ea,1995-1999,RUS
ead7e9bc99aa6b7cf1ac5ba576bb96bb741af80bff41ff934dc20475b9a57de7,SME,0,97a125eedd6b965f041ed7e357252ec50afb68e8b660fb3e1baa2ae09dd735ad,2005-2009,EST
889288be1f98eb3cd038130385b1f2ea23e715dea6d22cbc8c095e039925d957,SME,1,,2005-2009,EST
0a39bd69329f082f0b564f4cc42e79b1aec36dcd0309adb4e632e30b312597f0,SME,0,686279ab5bdcbffcdb102d931fd58a62dd318157dc5647749c22a2170af2189c,2010-2014,EST
f54a026f7020e9b165f58f4622558f31eabd4d108e65d999f1af4b47b7565501,SME,0,cba6aaadbec6a29ecae4dae0d945cd5a02648dd1e8f12d33f9d0ac205d04f72b,2015-2019,EST
cfdca91214185ea1795d5050089454a73091ff14c90f45f9a083c87c0173bb6b,SME,1,,2015-2019,EST
97a3ae832b5c1a092f20b8ea6be8e3b73d217286f168280299d69007973d1e43,SME,1,,2015-2019,EST
9d33f07d37b6d4c13cdb3fd68d3126c18188c5f9bd1442717f1d8d3ac9c8327b,SME,1,,2020-2024,EST
a87b0da5c9f3e126472d93455eca7fd140ff784753d81af86ad8cd7e450f22c6,SME,1,,1995-1999,RUS
04e1d3e843b1a9969233d3896cdca1fec3070efd4920502312a0707000c5dbc8,SME,1,,2005-2009,RUS
99569f70ad3650feb44cfb3f789a78c1af4ae86cb642f0500f297e2c78dd09c6,SME,0,62bebda8e2c20d49fe77c77426252843bfaa06c1b8ac50538cb1590bfda18960,2020-2024,EST
1bb63e2b411d4cd7ac3e159428e6dc269617961efaf60a81e29ebecfe7cb1b31,SME,0,3d337ea774b2a95409e1b7e985da183f92258ca12cc345f308c34ac501e555c5,2005-2009,EST
7dea8b1d7475745122556845356995ffbda2cf46ae1cbb36894b3a3debb553ee,SME,0,fbfac1dc0a70cac45bbe26a06d11e8bf24a3a9ddaf5d190b8f99d03848c5d86f,1995-1999,EST
cc8d44796a372d325ee5a7de0961781c6ccc2edb62cc83324d43fd7ecf3f7191,SME,0,de5178285905dc19ae681db54afade2f7b1512899e588a5498509cb7ebbc180b,2005-2009,RUS
855cb250d4692812f1930bb2b19e0124c036a73f35fd0e6efe2310d4b11290ab,SME,1,,2015-2019,EST
b4c7526637617783244c4e714d84ebe9726c897361dcce70eed9ec3a578e3a28,SME,0,8c7a12dc2df1f534b9909a4a0f194ee1436ccfb7cc3fcb483b195e87d73774ee,2015-2019,RUS
84c0272068e9b96183c5c391a8188e6ab82cffdf01cfc26902d9b2c0725d27d1,SME,0,d37f826178235ec36916d2529f2e48cccf2cdea9132de92016a531930446550d,2010-2014,EST
431756e7b29236a1f0d7a99fcd7aedd5f8ff6c6bf82f42d3b3787e4548be17a6,SME,1,,2005-2009,EST
2c03a404111a0a44f3f473f1f209021e2c17dd72944684f1e62ffde228f98b6d,SME,1,,2015-2019,EST
a4dd52de2c635b2f8cbc6e7bbc6c8c97d2d1eafbb279a11f38d953775fbb49ae,SME,0,2728febcb14ac9906de597f2f982ea7da045e18cc4af494b13934178e7922f4d,2010-2014,RUS
f51c6be3903cfc21bb0d74fd1a0829ad8b5915c0fecfbdb9b9998675212898dd,SME,0,2de74caa100ee6d116ceff1d48f418e80a8b8dd73a07bc1d315d2304723894ec,2005-2009,ENG
af9a602df28f802a09169f082a1cb8bdba290f4a4e4768777ba4358b7fdf63ef,SME,1,,2005-2009,EST
a4b592552c86ed57171b809dceafb47ea20707bd116752237475831affd8dce5,SME,1,,2015-2019,EST
edb132d11122c77ac0d6631f2f4166fe953baf047d33cc724b4575cda43f978d,SME,1,,2015-2019,EST
41ba8f8d2c25231d009ca1fa344d2bc5fff7b147f437d8773344e044d2f8a6d6,SME,1,,2010-2014,EST
216358d5f1c47432c2a16b15359c8bc0306fb7f140c48662c5934675270ac8a8,SME,1,,2000-2004,EST
83d86f81236268056ed3b0833a76fbc7cef3187198a51b3b77aa9349bfc62baf,SME,1,,2020-2024,RUS
1a0fba41e54f6880eb177f22bcc7e0788431ef9f650804c6b065c0ff036ebf88,SME,1,,2020-2024,RUS
069bdbfe92ec3dbe924669809d52d6527c685a667e6f8035f3a5d90bc0427434,SME,1,,2005-2009,ENG
78912267a30fcf90edccbcdfa40c8ad8c078ecfe1ee3880bcb17fc6001d21d73,SME,0,c44ac6c3f0a6d1754361af4d621209bae1abd36f51b2efa5e863467a19913130,2010-2014,EST
aa0af6436fe515f538fac89b154ff7bfbb4e3a2031a426fdea8693ab5066307e,SME,1,,2015-2019,EST
ade7bbadeb85448f499782633d6b11572d5f3b521e65f0e5803fe47eb12baa9d,SME,1,,1995-1999,EST
7cabf58fd8b3f149e6260f86a82290fe2dea2a3a3b5924d1a642935683112985,SME,1,,2000-2004,EST
b99d9a1d848b571a5c3abeb5e338a665a23aee3e0dbbd9c899de8d9370cfd5bd,SME,1,,2000-2004,EST
e7f0206dcbe22408a32fb2c4b7306a5c8fa7c1fcbbbeefda6591d4a6e2f443f9,SME,1,,2005-2009,EST
0af2174e92e163faec9b757f5038b7219210bbe39bb7191e00cb563c81030565,SME,1,,2010-2014,EST
53a01fdb023d3fa98b2bcdb991842047e9469d4bb7ebff1935ac2d664251a084,SME,0,094ab058ba4f9bcd735f07e67269ebdedd61cef14c5cad3204743792a1fc4f83,2005-2009,EST
1159f0c7af41fc71b094e33706277ae7bbf4437bfb79623ed06ba541a30834fd,SME,1,,2010-2014,EST
637ce08a11136df38bc81a023d3a21992d3ab2d1d58b39b7f83e0090cb2e3887,SME,1,,2020-2024,EST
66a89434ac8bcbca0287db69a7b0b3f7c699c2767efb9a941fd9b2b6d8297485,SME,1,,2000-2004,EST
831c504fbb84c4de84954e967161be353db175b392b9dd69e54f2cc25a52c720,SME,1,,2015-2019,EST
c1c56126eed845ddb5ff974d3e752c9c6298fe3ac0a40178e2bbdc94ed3e229f,SME,1,,2015-2019,EST
22879084925abcd4a1971122b768dc762ebaf69415e7c7d5e0b5db4d465f0c55,SME,1,557e253999363f808ec2ed329398f504f0c544bc8ace096ac00718d16da3c116,1995-1999,EST
afeb545b7ec8847ae917d947f4e248d9bf8947944ffe73506b6a29cce159c81b,SME,0,716305e48cecc54ec18e99543a91c2399a49ad816adf616adfdf6e8334987f5e,2010-2014,EST
e6f5b5c09bc4db401d4518fe7e8eef7fb5b935542d5aa77393758f9f35e0d82a,SME,1,,2020-2024,EST
d5543f9b17768cdb4239872a7052ed143f15bc0560322639629e16a1573493ab,SME,1,,2005-2009,EST
20d4121393003f660f49d1ea9e7b7fbd7545e6d853afbaa5e8a02601e56ec707,SME,0,266bbf06c785a7995d55c337a0350ab023ba0d76f247cf0db41952dbc9f6970b,1995-1999,EST
27b66d6fd5957904676ef0b5c7be27d0642d117c43953e90da58f7ccf12c64d4,SME,0,f146ac5d0a971aed0c71ffdf375ec3d8cc09d83c254432863f98fb79248b2221,2010-2014,ENG
0f318fa315b2b502550d08a85f2144be3c3dc033f2ddaf5cb800c19042d48c84,SME,1,,2010-2014,EST
520d689b3bbfad1820eb23232e3645f3caa1b0fdb83c2f8cbafd80549a1b9651,SME,1,,2020-2024,RUS
328c1364e07ac783293b8af1c77ad276a5b31778399f52b667db8ffcf5e2cea2,SME,1,,1995-1999,EST
2d0d4fb962a2df7c6e581e4528bc6f4d79773ebfc9f2aba35ee32a692217fa8d,SME,1,,2010-2014,EST
ceec295bc97a3c6727adaf32e3eda1dc7a7d6b22512b5d4325070007582f587c,SME,0,d212ce536bfa9da365f89ebb61d580d89681295612170d43ad06cbc851018839,1995-1999,EST
0d10a64cd9e31e6c6ef088bcf5ff948d6db1fcb703848a187c97d6f3fe7ce923,SME,1,,2005-2009,RUS
1886202c619e5e77c9d98a0ad99be07fff420782db65e91ac885caa1f207fffa,SME,1,,2015-2019,EST
9ad638466c16bc3ff0463ceb5b23b8fe2af522fb061fdaa46e41b9cc2d4a8830,SME,0,3f4b9e472b2a31d1bfa8f7e5b2e20b583173c984b1198e9bf9200038335a120c,2000-2004,EST
cc992bf5dd4cee0174d1089d89033e4d94022e3accfacc2718ba6e63fb7d55ab,SME,0,bce6a273329925b51ef7fd2b074c608375ee59d6fb666a6803dfe6e85d1250a5,1995-1999,EST
7ded965554f671f1ebb1c8a2d50194f0e917d093acee1f648bd1b7c3faacb778,SME,1,,2015-2019,EST
4fed18f133b9328872755682329e4cdb62c7cb6459fc9e4980e75c730007e89e,SME,0,aeebcb7af227a3bc150e2b6869ceaa57b3692d71753a4a1d0943d14d83f67b47,2010-2014,EST
065b2c9bfdb1419a556e8f19bd21b01a9d41eee41db06d72bf338478f43ef549,SME,0,88a26b5939fc9ba9ff0bdf3b30e66798b7a5100d33abb0c27c323a84992fb302,2010-2014,EST
a78953c1ca2a727561d8913c20b41123baf0c6ed03de809d08edfd2aca918f18,SME,1,,2015-2019,RUS
661b8bc5e0fcd2a77fceedd28bb4875b2bf67dbe7c9725ca2489cce536cba972,SME,1,,1995-1999,EST
b49641c45ad672df670a48b0c315cf0ae7b7819245e9b75b6b5f448b2c1f1375,SME,1,,2005-2009,RUS
fe352c4bc7fca7f2370908e7224821daabfc213a8823f449fcb6741cf0a7a91d,SME,1,,2005-2009,EST
015a03199023ec1485bd99e3f6743aac4e0917404e2c153bcb8ddf52aae24748,SME,1,,1995-1999,EST
b8fb58244f1de907f673a9a391c395a9c2bd410e2463b89ca3a3bbdc12a6cb8e,SME,1,,2015-2019,EST
14ad255b6e0543e7bff504d48d76790fc02991d68318ee0503745c95552e8ad9,SME,1,,2005-2009,EST
17d7b14f79c6d21272b2c2fc6cac936437f73e242e952fec98bb7b1d25fe8baa,SME,1,,2005-2009,EST
85472d9b2aee8d4dc53b668b5adb21159b1130fdb9ff5c644db4d0dca5f2394a,SME,0,3630db78c118a29304036dc8460ba70f48654cff6ef3288bcf502de467dc84b4,2000-2004,EST
60984bdbf90bce5a530e18d45575eee64356c408dfd52b2ed937addb5d28f6af,SME,1,,2010-2014,ENG
4cb4ec58fbd7f15142689b36d88640b205aac40fef648d7b30a9f0a894bf20d4,SME,1,,2015-2019,EST
39d3c91371ac502638a131cafcb03a00e6096f8ecee14788b7d473387ac160a0,SME,1,,2020-2024,EST
5c17d696e679b74bea4382d80efc6397962829a0fe257dc2de3e75f769182d5d,SME,0,a807e2c144b6079951820a37c0cb8e7987e4602b767dbfa35ae97bd1bbe6f40f,2015-2019,EST
cd2c0d669e7b5c840bd2a84965191174f4ebad6102a949fe25a647c3f79b10fb,SME,1,,1995-1999,RUS
2a17f61ea548f69f4051a69df761aa2b0bcb5daf79c3a77bf68a78522b07d3a3,SME,1,,2000-2004,EST
d0f8ed7b0e93bcca5ce31b73337b2fb777b1dd959f41aae2dc88f9f62a2fd5cc,SME,1,,2005-2009,EST
683b7c2d802963529d555befc3a88d1a32fbacb18fe8e11cd61dd211510b4ce1,SME,0,08c5310e79d56b8ae4d52dad75d0dee3283f43f2f9b12f76620302eb18a6d749,1995-1999,EST
22b251308d98954be0e5e78759818a0acc0c2efdd6d798a36a5acccc674458e4,SME,0,52f75655749bb281f247af960b3b6258dc7bd79723565f2a3f18ff98fbc8c533,2015-2019,EST
5fb5b0f3477da81075f9f2dde4a766205b0cc5262e6553d9c66a18730371f349,SME,0,aa472ae408aaf61796250b4e2226f40ab1bd14dc1ec50504b6b8d3132ef3f541,2010-2014,EST
e3b0ce7cfe37433394b0e7fa16b752fb3cdc89714b5ad2ab5e87e148c6929375,SME,1,,2000-2004,ENG
3d1bbb714fb21d7d10189be85016e264aeb4c7c0979eb2b5a3bccb0746dbfff5,SME,1,,2010-2014,EST
68b093c95ea0b8572782599f39a42ed3cc91f10aebd7e182ccaf323ac5868de7,SME,0,e209fbda7f1f48a1d57cb2c8990f06cde849a5ff3211fab925260a1d8c8dd7d9,2010-2014,EST
a6d1c84416de5e7fab9aadacbe8d4775d5a09075fac31c26c7cb4c73b61a027f,SME,1,,2005-2009,EST
d89c341eeb34d10417121f6f96f5ce20c78446167967260da48ffb798192b330,SME,0,da018cb0ad717fedb0add3c38e0f8122ef0b00cbcfcbd83f69aea288887ffb3d,2005-2009,RUS
77f97d5f6c6487c20e3817bed9cc86b987c1cd07629712002880aa47079c4001,SME,0,35ddb3c330e57ff0b6808f5396f233e6340c7d21f4ad5d1e9f3973e430b9e104,2010-2014,EST
077a594f95f91e0ce89566885f1334d9e014b77fe94e23d91d517ce24c3a212f,SME,1,,2015-2019,RUS
b481032b14f6254d73e647bf402c55add3196b363c9ae29593f8bc0ed30b8e4b,SME,0,97d8f79c6bc926848cf48a28774424231a0bf3090c8fc7a418c1a915b241ec45,2005-2009,EST
f829267789ce9beb333cc631809e44252e71f9d1dd2dfadf8268b192b9850a1a,SME,1,,2010-2014,EST
54c5bbd5b020fe264fe278e6003aea2ab97f480e09f0d7a1d9cadc7b6caf928a,SME,0,0f00f61ce024533d12ff82d979846f95c7b3d01ffb3c8d42ee44c416a06ef41f,1995-1999,EST
dc3ff0d115f8988f99838d80597ecb8682ff7320efce65b803c584cba09af57f,SME,0,c9e47a899e0a26f0b16307813a635bbbb5bbf36d6681e943f48dec482b4cea74,2005-2009,EST
172ae61b83dcb2241bc00169107fb24d0d1803f5f8e57a0e36ed3ccec918aebe,SME,1,,2010-2014,EST
d7cdc150a51706b347ed1be433ac4cf5f377f38be76483bebc5cbc6043891b4e,SME,1,,2010-2014,EST
b9e2da40bd9478292efe71e48877d794113af8d8d29a5f6f0540744e87eafc88,SME,1,,2015-2019,EST
5c296348921d632d08dacaaa4b724d967b241e8267c5af941e0e2b8af8b44425,SME,1,a13d13d62d6f5fe3fb6eb9c3ce0b54e639e085b78363332fdd07484b8a4fbce7,2010-2014,EST
39f55647a342ee64903d8e7bedb6ec2a7cf22ab6f9cf970d270e8e0d0ab5d362,SME,1,,2020-2024,EST
726d8c69b840c67874ecc2afe43ffb73a9d18e5fe179e28803d8b93f3294002e,SME,1,,2015-2019,EST
2e62123eab6ce6a315c736ee80906af37c694f2428ed48ed80b6fe469a40ea0b,SME,1,,2010-2014,EST
a56b3fc48e14d4aa3ccffb1a92904b226f67ca6f42a896ec99afd21a9b2ec1b2,SME,1,,2015-2019,EST
af8423de6ec2fc18a0b9cb65cfaf8e488be6434e4280682a0565d62fcebdc696,SME,0,1aa32bac35fc6de798ed84266886947b9703105f47fb22faebdd77599498d7fa,2010-2014,EST
3b3ef2a0a093392a22e2d1d88640f8fb548105b7d6b645dfdcea557d2fe7a786,SME,1,,2010-2014,EST
99be8d0feb26033a41bf6979681244f4dbc1b4d163d0a4b43f6ae539aa36b788,SME,1,,2015-2019,EST
38ea5c63ec46f626d510be7ab4246ee08a7dcb13d7344c72a34db328a88b06ca,SME,0,168427e00053657623db6be4f2b1a4d7a590c6a893de10886ae7935c0029fd57,2000-2004,EST
2f878a500974e878662ddde8524b1da22397702c77745c3884510b3a007d6584,SME,0,c2678753cffe0fe50f0faa06a6bae4ace9a1a90f7c12e38d9347f6da5d72af7f,2010-2014,EST
ee3c16e8a657d0d3df2fb603ea6766fc2b0033e408db9d5f5ce04800d303c66f,SME,1,,2010-2014,RUS
f9fc6260dc245cb89875794c58b72bf5a73e413a0b7275483a15f9dd145a4e81,SME,1,,2020-2024,RUS
82caf9b34d055eacaa77a6a2969fe76139f1fc1987da616a54f9bea11d6f0bfa,SME,1,,1995-1999,RUS
25d6bbf8d3b0d4f4c65090add716aedea721fafda2ba66f669adaf738f748fdc,SME,1,,2000-2004,RUS
3798e1c9f85c93521dfc5615c37329e66308aa07f8f75ef6d171ed181ccfbc3a,SME,0,9142ae7288936aa33c94d12358c5dfb6a3a7f77bac01567d1de5311baf6a4209,1995-1999,EST
df288076b96def17b4a6275ff5290ffe5cdec6eaec8084b412482d5f5a408cb5,SME,1,,2015-2019,EST
262f3eebdb1257d396bd0c9d7eb668fd8901bb8631e75a21498d7a8021451679,SME,0,f3314f9430277cfd0359e1936d27c013ec389a64e80f4ca1e6e5476cddaec0b6,1995-1999,EST
65742d6ec9793a889df5a41806d1196581dcb9d03bfa35b1376b48da0119250a,SME,0,0b37ecda7ab7c336dedeadf3181c6981fc8a3ef7cad542daf2902f363b491951,2015-2019,EST
fb038b6412316f406fcf787918883ef86510bb2e7a505adc04d05c9877e21db1,SME,0,44128a4017e18d781a9321cfe2c1598f20ff2a4033b3edb028c8ba1b7975bd01,2010-2014,EST
4a5e5b284619258fde148abb34c5f424006314487be37d0054fc7517474002f0,SME,1,,2010-2014,EST
39ca5d7f80c6a60806a5f8260be637045378e4c809478d14d37b3de916aa085b,SME,0,3cf5bdde04412aab23e7728863760751f7b06e7f6845272d1e9a323b8ce0e0f6,1995-1999,EST
c6eb89f343e8692fef5b07693ce9976cdd16f949ba1da6a48e4c5a167faca811,SME,1,,2010-2014,EST
bb8f904dd634fcc9517afcf01c29df235c47b2de300f2b12236f1b57748b857c,SME,1,,2010-2014,EST
af84ceac89f3a1f61e5d6c8f51164f7b3aa657fd36e92fe8140229ad186fad36,SME,0,,2020-2024,EST
a06119e565aa8b93c435cab6089fb7dc14ca81a093de10141d70206669869d32,SME,1,,2015-2019,EST
b2ce3820aad3d36a10b2d30baac191dc03bf5cee74a646a297a2dfa986594ccc,SME,1,,2005-2009,EST
a51bf083a08f3937f9fd98924df2193b50f8ec378ddc33ed56b438ab1c1ffc6b,SME,0,304b79077cda6bce5fa7b401e8b111054cec1684e00d5ef35218093e35394908,2015-2019,EST
190be9826eb42de674028890a135ed4cf96f2e61622d3b43e3d32beb60163d42,SME,1,,2015-2019,EST
33269ce66000b85c68d4c0c25401b7b0409c6925e0277e98828a5e8637ee5069,SME,1,,2015-2019,EST
4f240eca4be3a41fb3795dedef7c78e44619b8387f17c6545eb1a69fc296814d,SME,0,e8202c79bfcd2f13a68b0bcc4e7ae3b1482a10d6eddc5b97284d87a6a2afa232,2020-2024,EST
cb2256df40101acfe2100947b8c0810cdb0350969a566b70a60c3e712e0e76b2,SME,1,,2000-2004,RUS
973235673dbc57b24b2637bef88b305c0f435ab54a0ee5cc3a851a5e809bbcfb,SME,0,cb2c63cdd5c7e129517b2d918bb0279708ac85c7de29c5611bd02790dab52508,2010-2014,EST
13ede5dacf8cc1983359c9d1057f7b98e43575a3caa03fa6d9495ef8e8d5bf3c,SME,0,edcb3b3f49f070d873431ea66884097834d7677f5de6093ee9cc013b485f5a52,1995-1999,EST
e5b0534677bfd5862fa0aa8979d7e0ea6d657c1b41da5d43729d7d2d5565e43d,SME,1,,1995-1999,EST
72cd93dafbed39194d082417e7b521daa8c4742df30bba7571bb68bd703b03a7,SME,1,b2d358e5609f8ed2f874a1e02c41fafdfa1d34cd8465329c15f07b14f33fa684,2015-2019,ENG
38744c4bf180ea82a9ce3ef91d916641e3c32b13151f1aec3a1806ac43b4d97e,SME,1,,2015-2019,EST
8f9ce9349aa502edc2b6591a5cca34882effc321b7cd594ec9eca7a19fb9a7df,SME,1,,2005-2009,EST
213954a19b3e9bc7a142e606cf8676f51d526a78189ba6cb9bbb32360c094b71,SME,1,,2020-2024,EST
9fe6b4fc2f6046267b2ee117213ca1b892079c23b2e42b41d7efe17a08ecf4fd,SME,1,,2020-2024,EST
4c6fca567e14b974fad36131ba82ad1d5ecab2e693e2c9ce4f6abb0b6b2ff87d,SME,1,,2005-2009,RUS
8a50127da97ac4cb512b4baa53661ef545a6d0c592427549e441cf7504604237,SME,1,,2015-2019,EST
ca856fbf707d135f14f6d3688bbdae730b46ba041e2ee56ff93b47c921de3e5e,SME,1,,2015-2019,RUS
363271ae3d77532ab92863eec06854c74798a1ca430fb24d03bc3b94f79a8670,SME,1,,2005-2009,EST
8f41c1c4b09761bc6fe0ec9bcbcd962d992e05f0d5820e5c262bf24b40d5ab14,SME,1,,2010-2014,EST
148a399f8b936d0c39a728d27b26b0b54f481fdcc7b963fb8434c356d1bc9f34,SME,1,,2010-2014,EST
2ec5346341c14e4cc4e846ae3e831b736bbf115e2ef0d9bba79a971557aacd82,SME,1,,2005-2009,EST
d5aab3aba3ee4b642bf520aca1df754f3d5e731b76a60a50e9534039c3272602,SME,0,8e1f4f9823765b70c987def118fa2c74fb25201b06964857000d4fdb086d30dc,2005-2009,EST
1aba6a9eb7596c599ee2880df8181571db03f9ec15d05dc2a360a234f7cc89f6,SME,1,,1915-1919,ENG
aa4ed96005bc6e382402a002c3f7227b7121a4437cd3fcbbf87bce837136e4e6,SME,1,,1995-1999,EST
a09995e3807b797c68432f48230ccd65c475c5ad2feb84d5a4b07c8760f5b783,SME,1,,2015-2019,EST
1936ddc68ec81706e6c601ff410d0ded891c4d3f647148ab22376efcd71b0e72,SME,1,,1995-1999,RUS
01964c2a2101c91f297b2b3685320cbd5bf62192a0d28e62ccd80d1f2ba09482,SME,1,,2005-2009,EST
67c86aabb248d149c1ed51978b5a8d8deca83e8ca12d33f100372b0bbdd90454,SME,1,,2010-2014,EST
8c779db1e4e693c0775cabd2ec65f5ddd1b939b3c2e193f3a478832d0519f0d5,SME,1,,1995-1999,EST
5762aab0bc1fd5c94d5ae56a2670de27916bdb04a1e94401a7bb4f6ff09a237f,SME,0,54a15e2a6f1ca8ed74311d80590ed648b05a73464722e47193d56539f1afe271,2015-2019,EST
7b4104024a3101782d077c6b5c1930ce7b6e88170f7be61dfd5eb3f2ebdaf087,SME,1,,2015-2019,EST
bad19dca4ddb9148ace373ac328b33a1c8d73f8480664f7d722fe8c7ad23b1e0,SME,1,,2015-2019,EST
fe5a445755f5a2ed2edcfca40c0f6d638f2f26fed6f57f322d77363787cedac0,SME,1,,2015-2019,EST
ab27fe1d10bbc3e81f0566fdc56a9c9a5a9600496f003f45f6bb74c7f9032c7e,SME,0,9f9ad5dc43b95e86bc4a5ca491d9cbbcc23ed2d51af38ff2c87c60d47e3320cf,2005-2009,RUS
fce992840d0516e3f2921a2fcd196cf9108823309d2ec42133f66d4cb1704222,SME,1,,2005-2009,EST
4c13a713fbd3e89ca7e593acf06d09fccdf2b711bd4cfe55ae32a06707f227dd,SME,1,,2020-2024,EST
fe51c662bf1a329d140286fb9c4e769766ad4a6306251dba54fb5642b8147449,SME,1,,1990-1994,EST
8863b5e312d40bb14b56584022063d595a158a1d595f9e636e8ebdeca2f5a5f8,SME,1,,2015-2019,EST
c7010b89d5116f0911b4f511c1caee9547dcc39380242ef27ec1e81f166c1a8b,SME,1,,2005-2009,RUS
5d55b4e066e58dfa3839e3ceaa6106c4821006fe662a9c6fabdd87840a0a5633,SME,0,f48e2a7d9320be9411745a0ea58ffc126e678f9118aa855bb5a7ddc9da0ecdd0,2020-2024,RUS
d42b26aa01c62f5b96a298b0d1a333e0d7141a97d49d1af2db7be0df5328fc3d,SME,1,,2015-2019,EST
f49637d9d81bf1ce50225b6a8b163262b9ecdb336d23b1f8ccff0f81ac0a9651,SME,1,,2015-2019,EST
fbadd0a2f2fd7d036031ead7d8b66f95c337fbb14fda8ce94741bc59e5488754,SME,1,,2015-2019,RUS
065eeb5d19acf383988976cb407fe69cba09c1616f9618e280a03fea626d6cd5,SME,1,,2010-2014,ENG
784eeecbb2c4f3c1cbd884832c20b000fe0f9a69510605ea78ee85be91ac51b2,SME,1,,2005-2009,EST
6fc7d914d592550b938f6594fd609a1643931494ec261fca1b9c2d19908db19c,SME,1,,2010-2014,EST
25e4eefbb3f8e8b0f0577bed172a084802edec1ec37c5ee4b5aa183091cf2586,SME,1,,1995-1999,EST
09953e8157b4579ba2f1fe5e5df29a15644028ecf71c992eb6f110becf7589aa,SME,0,d659f679ae07df7e60046d25fe580545e688d72605142c1ef252a171282a4705,2015-2019,EST
d207a7d7e23ba6ba5c469be9f17e4e85fcfb1a064af1b728183d5dbdefeb5370,SME,1,,2020-2024,EST
1e15d38fafba30ef9d306ac15980823e8f871b3b2d253337f8f81c7f7a6ef87f,SME,1,,1995-1999,EST
4048ea986777f54bb2839d059bda9d96ec49c21ad7d2d0e50b9ed442789f21c5,SME,0,c7f539762b99f259b1af58eaa0e13ba8d206ff6996c73cd294cb0de32a022638,1995-1999,EST
116e72d762232c45549b9e4874d962b48b086133e1f540c0bcdda6c0d8fbbe1f,SME,1,,2010-2014,EST
2103637db6f143fafb9c70e11b740c9d7da2a03592a9a78a181bcc6bdebe923f,SME,0,2fb8c702a686a7fa0f6b6a23c43538fa9b4e36464c85b97022a8951a9f30df42,2010-2014,EST
d067efd82d853035bcc85ed52ea3f25fdcf287c2f9e89e835f8ed6a21d17fe7a,SME,0,882bcac7f7791498b93ab44d9f7ea52cff77a7614f451be433e62e6f941a8795,2010-2014,RUS
2f65632dd79969fcea16f9713fecd55754842f1fc315fc0a88427fe810f4d06a,SME,1,,2015-2019,EST
0dab1c3598830cc3627621aeea766aaefed8163e51a1b3b26c57a82359d42064,SME,1,,2015-2019,EST
6af12dc7300734ea3a7f0bc8359bac366a4bf761079c5cb20015c31c1469d429,SME,0,dd0683ebcb5e3e8f0ba2baabc327213761526cc74076079a574b1f4d76c3c03f,2020-2024,RUS
c2f1c62c3d97afba8df3efa037d74f34019a6e6d5b8e09f6e331d471e6fdd519,SME,1,,2005-2009,RUS
ca74f0d636efd785dfa174316368bf328f35516d9fbc7376ddb26809338f5c14,SME,1,,2020-2024,EST
52d98689526bc43609806d7fa0b67bfc63d67813b904b5507814bcc7214c7ad6,SME,1,,2015-2019,EST
abe156823a637f1d50c5522a382f5f9bde6025cd07e4113662faf3ae7464c72f,SME,1,,2015-2019,EST
a7bd79c620481b3258cb7b5e6f74f68acfda970839147ad33d468c52c57f1ac4,SME,1,,2015-2019,EST
df2d084eb869b3930e299f26f9d42b045116e55bf9109842f07233af7e600ac4,SME,1,,2005-2009,ENG
a86373897d4dae8db900a5e926ac0e30c789d610e9816ebabde3060b5bb5c1ce,SME,1,,2015-2019,EST
b47c5ba506043d22336d006acff93d453a705ab796728937a1ba756c71203a73,SME,1,,2015-2019,EST
55f7456c6b0edbe15b7ccd220eebde306c77b14f3a2bdfa99a1ba29be93d4a6e,SME,1,,2015-2019,EST
e1d1fd8400564968fcec84383d7feeb3015e41e7b2ebd00159748be559ea0bfb,SME,1,,1995-1999,EST
09f5862aeb266d1058a87686407a74843a6a6093755d7b08c8660c9c752214da,SME,1,,2000-2004,EST
835cb79f152b38bd1ce1127edcf84b1799dc44970609a3b09486f930a0c625b4,SME,1,,1995-1999,EST
47cb7fe2c3399b88da7fb94d4c68bb399265c169e2f32b584a5869f9b6e8359f,SME,1,,2005-2009,EST
ec9345d13b88634091eea8c5fa84a492d7732cc27d82f65068e88aca87a74ed3,SME,0,210e8b9c4281ea78fe2715a0cc4ae55e314abb20ec3fff4ba7eed3b2634aa9cb,2015-2019,EST
a36bfdb5b3a7e7f84b339d658cec793609c92b7325958090797014370a954d77,SME,0,57e90ba74596de708643be3ec0f6151c8c23cffb4e131d12ab68c26f5caef8ff,2005-2009,EST
8f601038062ff25285c9f0c97179916acb4c1580c452183cae1e3cd0b4f899c8,SME,1,,2010-2014,EST
7f546e4d9963a80997d7f503005bbf4f7d8130e94448a1b15c04ebb74a336aac,SME,1,,2000-2004,EST
aa4b674b81196a515f36fbe7d06947dc620d7bc2ce266f49911eb41f1936b762,SME,1,,2010-2014,ENG
964070fba85c87bf211ec21b68f42b41eb64694732197876a261d22299ac9ab2,SME,1,,2005-2009,EST
3daaea6536573af37f1a92095f8e5e4d4a4baa8b85db00e49976c80ed390b0c3,SME,0,08f6bf001f0039369d39e670a2535333598a9242578c88bd813120b23b23c2c9,1995-1999,RUS
f905bac869f2203494b5241f2fa28690aab9f1682593a9c74b785f36627370ab,SME,1,,2005-2009,EST
5e7f00cb3d169212bb140c52a933046ca73c6e6098c885e933fff8fa89f1d2c7,SME,1,,2000-2004,EST
5f6aedca7343730aa295106e563192810df21cdfd5d1767b54bf5f11c32f7fad,SME,1,,1995-1999,EST
d8fc69ce147b00147a7b1200b980e2c7ee069dc948e64f83c87bcbcbd6ef0ef2,SME,1,,1995-1999,EST
7c3c925fb251763d2ce2cfa42f7d1b5682aee6fb95f6b93ddf827c2e64a1a7b7,SME,0,4207041edc9534b942cc6324e0277d76333140e4d35d73498e759ae4b450c13a,1995-1999,EST
60ce540a843c23f720f67e790f3fa6243198cf0895a51932b7e259a7c72ee647,SME,0,91ad2b884a3b879d10bd6fee8d44ad2885d6698c4a4caed7807be6da462f0d3f,2005-2009,EST
060849649046ee2a70f680d4cb22f95e954ace23967c1f25f6744911ff1c76df,SME,1,,1995-1999,EST
10fc0fe72e79d3c78272cd1195363c1884b78663fd1ec1bb34d89fa9564af9a1,SME,0,db2f53f73f472d2eb05e7f6e33b63006719a80adc5499e36889a7b4f0ad0e0f9,2010-2014,EST
cc59c025d2c17c1c17297146e4a13579ecbb81af3cea3c66f7678fe5f6b62252,SME,0,f8b9c32b5e20c5313b22007d2c3a2ebc9d034c63e371b910c8da545b6c0e12e4,1995-1999,EST
adf3b0784854e5b098943d53b6e044652710a241ee813db88a8afa36e48016b0,SME,1,,2020-2024,RUS
732a6a6594f9a60278e37893d1bed9542d49652830ddf70d7765feac97094347,SME,1,,1995-1999,EST
62cd5c96a41a514d1eaac2340347ddd4a7f932d5bfafd3d0ebafbdd890298509,SME,0,c51ac8d5a60078c59ad2411e140eaea39672185f74e4c7aca25fcbb1629851b3,2005-2009,EST
3eb39de32302216f604f42bfea4d36fbd26be370ca105079e7221ac486c82c73,SME,1,,1995-1999,EST
9a836cfec757ebcb2e1ac5a94df488a25fdcc1b558857f8d008454cc72d06b02,SME,0,fca201884ca031e17515a033852b78c322ab62e9391a6e936d1de624cabc1d61,2010-2014,EST
6b31a73094cd515a8b4c87cadea8097bc04a930b3da481c1974a22186c392df1,SME,1,,1995-1999,EST
fa86976f5f12ef9845ef95a2eda3214a7a49c12906d7cc91b810a6e1db6be65a,SME,1,,2020-2024,EST
fda1628d1592ce9c9309e6d11b6b5ecac1b24fcc6227e9189739da581dff2bd3,SME,0,e520b08568c9e8bb90bdfe348067f8ef12399b40c174909bc684b947511f8546,1995-1999,EST
5dc5771257ee0d069de329cd503f58f607c1aeee0e1002b126eb498e0c3d05c6,SME,0,0934c8ceb572e53fd78b49e9c1ad53e0384258b2f07361d984d95a66bc33139a,2015-2019,EST
0d47d18c49dac11fb7c9936e9a16ca11494a77d1a210e5f1e410f6353f6915b7,SME,0,2a629aa9fa961bf5aba2cb4e4bbbaa3508227fed0398c653a73f8e04a3cb541e,1995-1999,EST
abbdfbe6fed49f1c722a0708764293154e8976a1a6c01e88d137ac50951b174b,SME,1,,2020-2024,EST
9247dc3a65e3f20efb4833013cba1dc692bf655ce8f2139154f24dcdf2cfca74,SME,0,ab418c1ec4a9aede4f9f06a80ad8f0508ed9c6c8f0cfb71b139f2aaae6b1cf6f,1995-1999,EST
7866c121215bd75bf60498748aa127a52aa6b82d03c8938c685e53a6e55db04a,SME,1,,1995-1999,EST
4e8249b09d45e9f13a7a1728e867ed36c6d9df65f292c3438f97f719c2a6f49f,SME,1,,2015-2019,EST
c17617fa89a9d33022b4b914a9e83b61503aa786ba7ec3337e6a667768e5194f,SME,1,,1995-1999,EST
d7b0a1793b1df288b8a978e71fb63be339db8653269d1878a272a06f19b760d3,SME,0,f659f19f89a2a99852a009289277c11d9049b322720448a85539fd22082a130d,1995-1999,EST
dd4d932c949eacae8d2061d15e75f743bc3f0e7ed2d4484cec1bae7e8e98757a,SME,1,6a10d3ecc3fe3a168d4e2ec43ae6216a04ada96dbf497b7b1950f7f2a804da48,2010-2014,EST
5ddc47f9f410b759119743ecec7c45088af32ea9a68a86d8d7780da2e4dc1ee0,SME,1,,2010-2014,RUS
bcf0f1e1125d73c1401930b39279833e8b00a77124e927129b05350e67c0fa8e,SME,1,,2005-2009,EST
24b0b16d9ed324136a951a4a5f628b7772ddd29efefff170aee5501e7dacb855,SME,1,,2020-2024,RUS
ba1e0fff07cc2e387c2089c05b7d0106b7e888643453349bc225fde38f1930b7,SME,1,,2015-2019,EST
8fa9a5b1b43153ed711f056e671c93ef6ab07aa42a2b3fb80e66e06482ee2958,SME,1,,1995-1999,EST
fedd8ec9267c5e537ccd33cc9aae6690be53e336df5423016d9dc5f9364f1f0d,SME,1,,1995-1999,EST
becef3f7fb67bbca4d11485581025be3e929ae6f953a5d5fd3df989fb8bf27b3,SME,0,1bb05d3500a7ba01609b396cee11517889597a96c3f823ecd68188f909a0d262,2020-2024,EST
0d72948c6b2099aba323eefe0640ef190fbbbfc1aaa77d3722d9dbe5bf875970,SME,0,85b13010f6372e1c578b2881db4bc3107efa7c71e45fe3935f5c1231b3942939,2015-2019,EST
9e6f719767f3d1ccee7a6a5c3eeb820c1cfdb9f588eecb80eedebdda0e6dca74,SME,0,5b1cc1125b144e867758f446b559e5516cace5117465dc17e39709c1852e2d8b,2020-2024,RUS
5ea33b1021349c59ca738d2683cb7b744387a6ca0465de560aa0cfbe622f15b7,SME,0,25cebc2a8a61c60f25a67d3cacc4708d0d36193b74925e4a29e08b10be132cb7,2010-2014,EST
586dc76b478d1222adf6cbc52689c550081088c2fc3b339d1bd797055ae4f2b1,SME,1,,1990-1994,EST
84ab1340d61b517bac178c35c889ab3694799b489365d66e29b7bc68cd7f9860,SME,0,3f877cefaee2b177488689870b564be6928e3f00e6e3fcae7bca385b743876eb,2015-2019,EST
0242db9ceae4b20cfa04f73d8c44ef47553b687de2a1c163f94ff7277826590d,SME,1,,1995-1999,EST
c980e15724fe2d126b4352f2b9368bfc2e384676389635828e6b292b31f11998,SME,0,09f71124a9779f62a49ea57eb45514eb4fcb4d4964bdd72e04dfe958ec7fd04f,2005-2009,RUS
65210331373abdf7c1653f708447b958b4f380e0c4c206cbbb6e54e21d91204d,SME,1,38517ed4ab6d2e7778b754adcb3b79a28006901b4bf528b8f94152875946cbd0,1995-1999,EST
088787606d415ac7d8fbc8d58389c85c27c940556da10555579ac3e73e0d0da1,SME,1,,2000-2004,EST
a72e4bc4eaae238c4fcd118d680cf4f8636fd0f75d366607595b5f8b835268c8,SME,1,,1995-1999,EST
30232068e0608a219363d929da707a236485f2d29f7444b5c6395f8f33a4248e,SME,0,f5e626bdd7acd365346c21c4a260fb84a3522fca97d0576d0801d4d670fb981d,2000-2004,EST
80cd56408e5d325d43a620111bc528a51207cf4393808fb0d3d85809008a0e3e,SME,0,2a52342cb790e996f555fb47e722dde31871940fdc7b496a5ebfc3810548e34b,2010-2014,EST
e3708b89865ff41794a5c2e9fb6998ea3abaeede1135b622029b2bac7338dae5,SME,1,,2015-2019,EST
4f4585a03ba7aa9dc5a6b2df42d92b81f3939e6d4b8c994f43833527f4b8ae7a,SME,1,,2005-2009,RUS
b4a43528854f494623bd3f7147dc1068d09312f0b5eac0995607cd9b01f85549,SME,0,9633661a6850e8adaaefd1d8062b70e1e21f86dda34a8f81e1b74794da4a5bfd,1995-1999,EST
dcc35831fe2532c4295166516af5a4544caf035dd99a17e60442013fcbb5ad20,SME,1,,2010-2014,EST
e13a12c6ae747fdfb1b71702c4d83da5a16c936226f04afcc853b0a28674f5cd,SME,0,8e32efcc644a14c3fccd66b145bcf2551fad8039183bfa7bc6c9f683ac2a9e46,1995-1999,RUS
fdf1e147137ddc241b5d8323a409dad879ac61e038ad47512a119d06f49edb08,SME,1,,2000-2004,EST
a7bcef4130c1888957ff252784456105fed4464ed10d2124b56b3166614e8b75,SME,1,,2015-2019,EST
4d201b4b8fd6e62fb2cdf634d28d8ddb0e6fbb6967da57b0d0a334e29487f6f7,SME,1,,2020-2024,EST
d6b3c078117d8cd0b2ddd843f102b7e72219b29735a36f5d73edd942ce10b5f8,SME,1,,2010-2014,EST
cc39100cfdb08e63a84fa4ffce2b5c00ace576cff74c1f92e0fd81ce270622c8,SME,0,712676366b9c0e8423ac400e74183b4bc6101b8b119d0f5fc8541bf4543393bc,2010-2014,EST
b21aeb7f170505a9b74aa085072c96523c64ed13990ef28844abf9e1fdacfee7,SME,1,,2020-2024,EST
048c3cddeb564d245057189404c5bbe797bab09b33272814a1b06444cc066ad5,SME,0,fcb598f6e888afce4d1dab51d191cc77edaa96ad6341a792ec410311dfd47f77,2000-2004,EST
bd747859de728f2aa2e13342e2b4214c19a3f6fd1784ed6b7d3a679e7727504a,SME,1,,2015-2019,EST
67c5bc39014c8c56c160deaca26265fd317cda94e691edef3b98b62f16433c15,SME,1,,2010-2014,EST
0bdf7bb7223572c68795e35bd8721d8170c02eb9ea60b00e239a23f1f62a4abb,SME,1,,2000-2004,EST
fd1d21cb892fc5085c20a87767e5910e2b0b196802c4a855d78897d787d15d67,SME,1,,2000-2004,RUS
69a51ca404c5752167db277fbfae0877687f793dc9cecbf00e0904116207aa13,SME,1,,1995-1999,EST
ce2632cda515d3e9f8e68edaa913e7d0bea44552ab5bf2a31260534db4ba4c5b,SME,1,975a8b9b183fb4924de31eedb2f95ac3864b76edbdcaa5d9b7bcb75d05aa4d67,1970-1974,EST
5c6d668a866c416034a2267fd3670995512e1ea117974559801a59ad45faf554,SME,0,13594d87cedfd1674263941dcaccf028e277730797b1078993c73fe0d919d11a,2005-2009,EST
89dd9ebd66139f0a761446c929b157bf8bb3378c85e75d2cd8b9dd5eaa26e547,SME,0,,2015-2019,EST
d08f731b65c43a64139ed4403934d25d1040fde34b6992272b3cd63ac57f60dc,SME,1,,2015-2019,RUS
28e9fb07e4a7c42d57d0c3d06f2a996abffe0ef71290da0c99267a0112ebd23e,SME,1,,2010-2014,EST
591da3c0ab2cca469c55d49553112ad951984d02947b1df9d048f4b8aa637ae5,SME,0,b44194cf0f696a98ecfacb6086b6038c6623452a349b6b9474051bfa21a73d51,2020-2024,EST
c0bfe7c5b6ad8810dc086f663c8f29d8f98c92a89665651f3580d2961b6c17af,SME,1,,2015-2019,EST
9b8f900579c2f70c3eeee1e2eed93de4465dd93db5acb4c5e5b226c08932488e,SME,1,,2015-2019,RUS
7dbf7648ac6fc57646bac1cbd5da16cd999b018adabd55a197184998bffefd5d,SME,0,,2015-2019,EST
06cd3fa35dac6ecd3926d152ff8c29a13a968a708db4e08c6a9b3ada3963bd80,SME,1,,2015-2019,EST
8d2e7af0fb62101c713849a8b2f5a4703dcb3016eef378a7a3cff5417feb1155,SME,1,,2015-2019,EST
0dda2af2db6bfb896be24b0c7ccea4b99bf8088ba15f72fdc575d3c0e962cdcc,SME,1,,2015-2019,EST
2da10190bfedaeb26e491c87c70ee880701b7d5f81e95c352f0b697922472073,SME,1,,2010-2014,EST
d37e82edcfede5197af4b026177ee7a32b30a0e7e4c10d9e4feba5b45b2ad934,SME,1,,2015-2019,EST
f253963b5558282ac37b433c0845360b2659708724712a1575fd26fd6e448fe1,SME,1,,2010-2014,EST
6598b9f46b4255e35937cdfdf0144702a52de6a047766f857b4a3c064529f8f0,SME,1,,2015-2019,EST
cd7cab24c9752a6bb0c92934ae877dc5d400cffdb88ef221ac5b6599aa748224,SME,0,dff9003cf83ef0f35a989009b68a122e9636d7f7605dc2237b8c3d1ce4077865,2015-2019,EST
67cc26267ad7fc8f89cb61ec521c1f16891a6b319f2cdb14e6342f810dff5136,SME,1,,2015-2019,EST
72478d2c21259aaba62a7c8142dd3c7d722b616991a1df59363f09734e99467c,SME,1,,2000-2004,EST
82cd524a1eb74dc3d3c02a4bfc83ee74606992e60b2f921398787255860548ad,SME,0,f64ffa0ac8e86d55b78301760fb89497d2c877ea949f94954c6a1bd676cefe79,1995-1999,EST
4bc5ff0363a4c7f4a92dca9c430a23286d6f5010a31b11bcd1cd6fbc3ef8a3cc,SME,1,,1995-1999,EST
32510a261168dc8a375178afa6f8687c3984a5625074c106af1b66e3a969a3a5,SME,0,cd995e28115fc3f0929b7c89b002d1ad88a968125ca6ecebc9821e71f7ecbd37,2015-2019,EST
056bcf99500c5d21848dae2bfa26ef754435c5ee50f0b7ba4a2eeae2006cf717,SME,1,,2005-2009,EST
1eef07fe6668a131f7442500e39c5ba0a46f37553e643fbd5886209fc2cbcaf5,SME,1,,2010-2014,EST
216f0f2b141543975f88cf601fe066ab0969a66168a34cf76cf710d328fca03b,SME,1,,2010-2014,ENG
95aa1d2a51ed81700d9c8563b73c089365d060101281615a7e49f6b6d94455fd,SME,1,,1995-1999,EST
2855a4a1c9c1b4fbd08068862d4bea39568121e6b792ce0d57367a5e371d6d1e,SME,1,,2020-2024,EST
2bf9dcfc5e477a2661f1bccd19d453e4f7460e990832eadd40ae7e0e9ab4f80a,SME,1,,1995-1999,EST
d2b3a74b3a8addba0116ed9ada00d4704d0a66c4745dc039dc33249648203e41,SME,1,,2020-2024,EST
0f5cf8462a300db27ab653d7a40103d80d0b428d5da7fb459aa38e3fab728cc3,SME,1,,2015-2019,EST
9a52dfd2730cf4d5f73e7b99e691361a4aad17c71a1f098ebdcc43991fd46221,SME,1,,1995-1999,EST
5b29458b81c37ea5bcfddc86e903ebaf13690e2a4a8a8bf5b51fba56b22a0833,SME,0,0bc407bae486076e58de58484ba87e24af513432a452751e3b2dae32c2e0019e,2005-2009,EST
77a6a95cd8fb8e4758b94370dce32355cf090dd52d1d68b83865640d96625f63,SME,0,7c1c19ef7bc4b6cbe8824883c7d5c7d13c6a407aa622f673ab5d8511d725a571,2015-2019,RUS
fe5a6402698d7bf7a11e533400bed4212ed43f8906baaeb4e160c3b23bb43d85,SME,0,3e067eed0c57591fc6165c2be1df1546d0f94d320f57e70d8d9b9f7948f8271f,2000-2004,RUS
e42757ec492af77bee01fcdc38b6837b0b48ad5112aa3fd5e3ebe4ba03acba71,SME,1,,2015-2019,ENG
abf1d4f7c2be2109daa2d122f151ac129a99290e3117958abb9dd3297d664415,SME,0,44da1e027e9f4c180858ef1e1c8f5b06f8f59a331a57805c5f73d580ccba9b89,2010-2014,EST
ed17b31630776d0d1fc049c37665ab4e40e19f2530e93263571612597f2ee8a5,SME,0,e7157dc833256db3bbe8ef7f2b87fbe0e9ab73483f0d9d0d98adf140bfa2df42,2020-2024,EST
a9e3c514ce916d8e91edfccf49dcfe0bc0d371f45faace4025c22b2a12888c42,SME,1,,2010-2014,RUS
bd8f556a03478d84ae662337222c7c6a82a034ac43129922d117fefad3969d16,SME,1,,2005-2009,EST
8af631981640a425ca393c9789fb9a13b917f612c9ec9b4e250824d8bc47f00f,SME,1,,2020-2024,EST
95cc5699dcf76145cf71369486cbb6be8d1c52041db056326dbade967a57bad9,SME,1,,2015-2019,EST
5eb97dc534b2187e503ba3c9097dc3e383b53c9f7fad7447bf0019c01b0df7f8,SME,1,,2020-2024,EST
b7e2601287362716cffc5f37b56fa36c421b0cfab28f7dd696302d0ab8fa373e,SME,1,,2010-2014,RUS
238bbebcad96900e4be946a8b8dc8cee2607b9ab3208f1d2548ee0a28f10209c,SME,0,8614353bfe60fb754ecfa7a7e02308c8a7b06d3c7b8ce3daf896083cce9f4bd8,1995-1999,EST
819dbb9883c21a563f10b67712787e10a714d6fe07f710eccdfa3161dac35674,SME,1,,2000-2004,EST
480d674c2a4587af34bca12fef76b65b14993246bca9d88d1a10623f21f427d2,SME,0,f325ca5ef7ed0588f5cca60083c4396415323ee379d31db3b326a19eb6304147,2005-2009,EST
f9aac2c0ff37732845ff62859d66aec29e953c54bc6c87ccb48e53406671d3a7,SME,0,dac6ef88491a14742ab6e96c7e02ab2a552754d7738e089bb72107fd489c9f06,2005-2009,EST
6811fb955da3aee8c6945783cb7d211f66b06c74a807b7ca2907dc1122ecec49,SME,0,a412ea95ea5905ca8b95151e3ae443493f6a0c011f4a05e7809deae01c5d66e5,1990-1994,EST
23695dd151db2d2639e427a42561166d171f9c163771f679aee2245e27f359a5,SME,1,,2015-2019,EST
ddb8b740995b2a7403de50836f3a69a08c344da737ec1fe81776ef5cfb5bb125,SME,1,,2015-2019,EST
686739420b5a708a34b2ab0eb6da86ed494e3b04fae568860d4152f8eaea72b5,SME,1,,2000-2004,EST
7fe655150a3e6d799b200e286052d064b72e19843eb05114d6a16c100ab7724c,SME,0,71150c7022c5447518fdfaaf41a2dccde1ccf62221f73ec968f5943c2ce9e47a,2010-2014,EST
405f8c79efc2572070312c1949c952b08e56245a677fa48973e0c2fdb3657c17,SME,0,0c43a82a607f9f3901655a15664964ade450efbee53a006913ff162e019fe450,1995-1999,EST
b7ef7fb0daf524b4d0be5d76c0e0e16da7d97e350d5bd089985a1154335afc0a,SME,1,,2000-2004,EST
81147d2dfcd0774d5e1d1efd794cfd7e980ab1b17472460507d4550f02b4038b,SME,1,,2000-2004,EST
e3f0fc08a48a924215560a5d08822af917ec1fc6e27753f22d4925dc3fb30120,SME,1,,2010-2014,EST
bd0341728c413f6cfc2bfe25c44c37b96ce1588414d8966c13e806540a6eb0d3,SME,1,,2015-2019,EST
759002b234b08ea0498f7e6cb7eac572c4c9a206ef866db8ab77ea5d770bb1ad,SME,0,8a8684ff56877cd8bc58d3642600059b4cbed4ca8bf8ee5ae8f2d5936325e32f,2010-2014,RUS
f34b33ced1c9c6fcc94c840042a7cde1090dd897457e3e6dc4ab6f4ccb7beb6a,SME,0,,2010-2014,EST
c0bb0d7a65a4ba10dde78ce1bc3739fb5e95a973b866ab196457e69eeae37750,SME,1,,2000-2004,EST
6919f49f82c427b842ff83f67f19a6c95f538f11f891de06209ee393f9f6aa9e,SME,1,,2020-2024,EST
53d0c3f22e973270be01524c5e39b9b2867a05539258882dbe044efe510c3ac2,SME,0,1c73260301326aca080fbdfe430bf2f4095858adba33dad6bbb0ccb19afaa57b,2010-2014,EST
07b39354714e400bb3b3f82fd0548f5bb2c1d8884d747d23c95c7fb77e6ea401,SME,0,1a9e0d852e0bfc5c37c6e934d206802815e0ba4337b711b911fdd9c33faf7ba4,2005-2009,EST
22c1df416e8b5edb7a1d0f87cabf3051c3a2a0be1c633d15fadd0cae3219592e,SME,0,b7b7c4759a30e2ecbe34b5cc2c0bd5e7937e9b2db90a9142f026947de51c1ddc,2015-2019,EST
b96a06fa7fc3436317861d1694e1df4e91c72633cfea751396c7e298d7ef9c00,SME,1,,2000-2004,EST
06118162ab812cbd7b05f5b2ba5f8ebb54ff18b59c1bd8b9a81ef1e6bb893427,SME,1,,1995-1999,EST
b9da1f4ace48e6b096aa77b85cd2e9ebde8fa21337dd78844910f43c9047670e,SME,1,,2020-2024,EST
ed4d96eb18a35c62cf2dc3a2528579f0482e9239219111c0b23cc391c0d8fb1d,SME,1,,2000-2004,RUS
0c3df2f1e3acd4ef8d8ea680cccb9ec39bbeb438cea333fd6bda07a0fff0b9e2,SME,0,80349d0394af44b93557454d848ceff741a3a899dd0c79ac71ab0f7ca677696f,2010-2014,EST
7d0cbd41d6d525a6e0f5a34711ff859733996e2dc5fac70c815b46fd8c4e34fe,SME,0,,2015-2019,EST
23303340796ff432b8475f8bebf978ac42f99de73bb4ab3182e046b68cf2a8d0,SME,1,,2015-2019,EST
dd118611a995aae51fd341940f9a3e40fff30cb3e9cf695cb73d283330d089d3,SME,0,4c5190b9694d6480c8048f276f60a6f17f206ae12a4212d44aea0375bcee027d,2010-2014,EST
680a1e828cd3c8d62545ffeabcce52aa83e486463b016c6e2993d92215133166,SME,1,,1995-1999,EST
3b40557a08d7106d1421b1731c17a3980b99cc7c975464965091c0a208366d69,SME,1,,2005-2009,EST
d322921e979a35353740c33e450ecb35de2eb22ff1895031f134b1460d2f96ab,SME,1,,2015-2019,EST
710970022f7d25c95d6fec146301a30939f6a08cac5d15d752031dd4ed610be9,SME,1,d97d9f88eb4bec9dfed7047ff0a46d059fa72605bf9ad1564dbe6425a23d7d4b,2000-2004,EST
46a7842028d59b5336fa2fac334981861086c33977268ab3cd99899867ecb1e5,SME,0,7fbd5b58003a68af98b48b15347e256a7c3af1c7005680ded68712e9edb02e28,2000-2004,EST
900fca1ccfe2aeadeabf1892ada90f6a7bd976ff2423563074cf6ee71c251355,SME,0,5d8ce44028ee4e1d8a18a22a375ffaa33d2d978d3617a6fb8c654ddfcf6d8838,2015-2019,EST
7d549599ef923734a67b0956ae572a04cb24cc87a0a067ecd55f314c2845e55d,SME,1,,2000-2004,EST
83a07a8f367e0a84f8da3fdb59f58c8241a42f20bebbddde8f91f72e49625833,SME,1,,2005-2009,EST
053c270b181ec9762fff1ea17a6dd91fe292a2dae6a0ef4cce3a5720f55102d3,SME,0,366868fc80fc94c195fd4e0b1f89416b8a57f862290e07d51238dfd0f4d4b594,2015-2019,EST
bff0cbe7cc199db5c33cba49abfaf1d9c0eda157ace8fb2f1e706c7bdde7b95b,SME,1,,2020-2024,ENG
33475f32528dbab8e8e9915b4aa303486ef3ff40e35d3bdd85abd10cec61dca2,SME,1,,2020-2024,EST
851282709ba824d7ef600ae4bccf414bd7bc7e357668e36f0beeaa826f0a487c,SME,1,,2015-2019,EST
7b8e08918c8fd44652968299766aa02f612184be52f0dec7ed41dff3b9e359b0,SME,1,,2020-2024,EST
0f9bde8661a0b3a00799ee8272b1d57ecb3a64a2da7faf95d28b77fa0883f4c4,SME,0,8317a6b48330af3f705212be5c9274d50573fa5da3198994a02c34c3baf82509,1995-1999,RUS
cc309780a7494d641b6acfb7c61d772c308615159134c011f58941563d5af63c,SME,1,,2020-2024,EST
abac434effb6b78655944571286d8b0f86f480e7dd749697f53bb824c5f7255b,SME,1,,2015-2019,EST
abef078fd82126e8b70b4bf8ff22caffec83868221243ad26791cbfe5cc7627f,SME,0,55db18d86058bf969961877cd14801fdaa179852e0e728439e312bc8cac99553,2010-2014,EST
8cfa42c85b243d3db3b43d2d1810171cb08c3a361d739a6acc7671a79362bfa8,SME,0,9251348800fc20beb2dc9bed86ff2a5d90f0192d8a9bcdf93c32fd19d9a5879a,2005-2009,EST
fad9d2ba0f82c10c036d583e2ba129e214a0642c960e6d435bfee8cae996efa7,SME,0,2228a70067209d75fc1f45e08ec8791fa35200afd731a0fbb73e569391b57a57,2010-2014,ENG
18fb8fc8514288de7e3ec9aace76a72fe6bc54ea864cceb7c810add67012bfb8,SME,0,a752da1037d9ce02345939a49276ee9f4f325fac66afd4962a4fe4249a5bd80a,2010-2014,EST
0ca41bf3699b261b6fefcbaaa6f86f9b0301448ed6a9d7eddb5eec2db23122ab,SME,0,c201cd744750304ed4345cd435a23e60c9a60851707dcea6fbb7cef83cc5c2f8,1995-1999,EST
7141e3869148cf28ddf65f4ef489acecd37e6ce969d467532f3adc7fa501f29a,SME,1,,1995-1999,EST
cf7676a28fb1ad2bea135bc81afca311664fbc734eed46e6d74e2442829fe45e,SME,1,,2005-2009,EST
5d4c6638eb7b6e7c39170afc2c0c8ce07854ae5a05843b69388675a4c2c5c8f5,SME,1,,1995-1999,EST
b1768b8ec83c50980f5cef915f493aa62324df5216268209f47a3b841a93a9d3,SME,1,,2010-2014,RUS
5e4150866aed330ef38bf7239aa6838f96f72a0b6169ded3351337cbc24167bd,SME,1,,1995-1999,EST
439c8fb50f14809241e4387f8c1722802bdd8380023b1296126dd8c0036ad1c1,SME,0,ece1b0b3672b4195cb06e779dd51b8c47b145b13b68708c73c86a17a92cfc3b2,2005-2009,RUS
4772b6d842810c2eb713508890ac51a019694766f0e2b3c6339f871bc3dab3ff,SME,1,,2015-2019,EST
6f230057064aa791a8b86850a4d0e9cb687035146a43211538592c7ac565a581,SME,1,,2015-2019,EST
2b038aec20a7e42c2b0ae61eeab1f9cfbbec3d57e7b977e55f2cd4f7780c212d,SME,0,f7257a6ffb9363e31ef4715b51e1d4cc78721fddbf792721a2ce08022bff9689,1995-1999,EST
e9b6d5882d63434732a9c1c5767b9ab49dcd409aeb0b2741933fe8c328bc257a,SME,1,,2005-2009,EST
860a10748744bdcacec51b02d044cfe73f4e633197d0f2d5c3e0ded411761064,SME,1,,2005-2009,EST
e1a661295f207512b18cb95e6494a76af6995fbcf09771586e42ce11111efb52,SME,0,aab05c9c3b0d13d3dccd6d734229d0a5c1b5fa7e4dc383b350ad9e087e0f98c6,2005-2009,EST
20ae98d0d0bc005cd4cc15aa72cfdea05dcbe9e6775f784af57819da712f0cd1,SME,1,,2015-2019,RUS
691e0bdc5a7b05365d11fb1a2d05ca2e5bfc597ab7278cacac3ba15150531040,SME,0,4bf9e2da079709eb02c4e04314f756ff00d54ddc024575975255cb462a52e7d1,1995-1999,EST
f62efcb75a0d99d6c3b4b4f8487c44aa673e466b1109abc5cc831ecc382eee33,SME,1,,2010-2014,EST
9605f0c29c778d6c8a6e12c616de3ded9ee9f402a3049197b0008138872a3264,SME,1,,2010-2014,EST
4116d10b04177aaac430c980a11e9e7f3b32e22f751bf1fc540d759d5b97ae93,SME,0,2c43159ad57687c5d484408af69551bb5b9ac96a3a3a6455d2306482926b8881,2005-2009,RUS
240531d4901864052059cca7a0b700f9fe4108a2454108d7116c91c95e2fea0c,SME,0,,2005-2009,EST
eadefca4d000b806995d0dbd2f266f2930ceea95abd53d3b943340ad272dde62,SME,1,,2015-2019,EST
044dffb6835cb8ff50d393897996aad21f372a696030daa61519e804e6b2ae06,SME,1,,1995-1999,EST
46adbd076a4106c539c6e9983a159e97f7a401f8bf7c72b0ec33af2febdd6532,SME,0,f2b934414ecbcd8b16d6a6fc106102cb8cd9536148cd662972603bc0f4fbd39b,2005-2009,EST
1b2716b8856ee9943ffccb7453eb9db4a572d418f9f23b8a2e064f815febe5f4,SME,0,3f02c81a6b7ee3147a8502888a9ba2622fd55c4bdf17e84969f500db6167e239,2010-2014,EST
76f0704a337f648b3df48a3ed46a0f541a6d52b41df0dd962b8b5e42490eb5fc,SME,0,31a856c1c5c610475faae123f2f0e295cdb9996a49eb05f60f40bb1db27a9b2d,2015-2019,EST
479c137991409839e3bb8f199affb6cd68fe3dc0c708dcc117533d787d54132e,SME,1,,2005-2009,EST
24d508cf71c6f1e85ccfbba15163418af6c19c4b1fc57195778a9d223e44abee,SME,0,da7a9c6f7bc72b91235a3a085041974b8415d46c223cd763a2620f1f17ecae75,2015-2019,EST
0ef2e0ee3eb485b76e5b4886104b400944ebf17e608438072fe2cc1b68f0627e,SME,1,73e85ab861ccf0955e030d11afea7450b61140ccc83b8c9011192c6919b62208,1995-1999,RUS
7a837de7b8b9fd54c0896f4896a942ad0d620eae1f7745752d1805f341054ed0,SME,1,,2000-2004,EST
91a8160aece69293a2b32b84a36b30daeef941e7dd156d2af21accb7501b15ac,SME,0,91e0e6fe4b89b2f4e8c43cdc0a51e8454b78eb998f2a7592ab8f65d1ebe719d1,2010-2014,EST
b2a3ba2313dd2cae9ee5b266b7763edfbca32ebb6ef8381cfb0d854e938c81b5,SME,1,,1995-1999,EST
2ca8f4577afce77d54e3b17e3d67da3adc0ee23db7191a7992aa8fcb05ad979d,SME,0,629fcd4ea81800f8d87e287bc73a67fb9ba12b984882ad19a76b63c4d4070d71,2010-2014,EST
cc36090032ec311623707d4f9ba0381e65655ef9e659417b9357ae0d2495a6c8,SME,0,a5ba82b35e3a4691ed5076685408f4206f8fef925de101e93eb76f105e1147cd,2015-2019,EST
d37902d0f140d525c3a6835c6e6b2e16d78bbf301c53d63191874788c3433a13,SME,0,1d7a60b065c34407004f4a9dc1c90716b0915903d9873a88b8d951737f56b056,2010-2014,ENG
bceab861e076a46de68112da0f329c929b51ab176b40e5fe9eef721953c86f13,SME,0,261e1f828b81308f8240fe08dca6fd0fcc9c920563518e179cc770902e2c70d7,2005-2009,EST
af25360ef80b21ad4df417fa566b81b58f504de8c9ee8786a71b1cf3c19567eb,SME,1,,2010-2014,RUS
0e107ddaa321a73bca0010e4065302d6d4fbf2a4b3040cc4cf1b4cd81e33115d,SME,1,,1995-1999,EST
3e8cd3bef67c51b82f819318deb7fd6091ede934044ebc86d285eb0abcaa082e,SME,1,,2005-2009,EST
332b1bd74f5725b46c86c5d9af99aebb06a3329f287043c34eb63b914db860e4,SME,1,,2015-2019,EST
39ecaa265ce92238c7423d077665f0944a80bdab1e6659a3a1d3e32390a7d3ed,SME,0,2492d7a1aa4a2f602ee89dd8d97e25318dd0194c642f58b2e6a8b7437c452dc1,2000-2004,EST
87e5c3c191cff3ee13c72724151035fee69c753c02d5c970389b847af749ffdd,SME,1,,1995-1999,EST
2f53c1bdb4f94c8c064b9c5f2511752d618a38d52268e5274cb06a917d99911c,SME,1,,2015-2019,EST
1a899d0ab95e1bfcb61eb7c4ea46d9cc523c784623237e5acc20b031a21843ad,SME,0,299d2f5a744f89316321a5c341de4d044ad4dbd1102fd18ec329fb39f06d4dbd,2010-2014,EST
fe75ad9c28cfddb26b24d3d694ac6c1c449f1409b14090e8a5e334c38a4a2edd,SME,0,2cd425458cf15574fd22653e2a825e0bf137052735603ff4e83f6d6d0960d1fd,2000-2004,RUS
f3b7088f63aec27c148a725e2bbe5257f9f0642df55d15f225ed1f2aba51f4e9,SME,1,,2005-2009,ENG
3d4deb69455a3243fed2a24712bd1945402ff307a7e14588db94898b631a8045,SME,0,5526cbe38d50506a2bfcc2371fe21a5456641293f15ac2baf0d1d328ca4a4972,2005-2009,EST
60189ef9e619fb03f0734593ec3759331bd9a191e9b5029214458519f39675ae,SME,0,8bc3fffba2fc56d916c14bd80ba4590fe643bad7d710c9e2bd64ddfbb34bdb95,1990-1994,EST
d72552ab977758514760010492cba36f3a7763681693df366f94ec4ef39dc0df,SME,1,,2005-2009,RUS
403ca8525d126f0e5b881278f06a168adf3ec79bcc1b560b9f32cce837f82189,SME,1,,1995-1999,EST
0ee806fa0f2a56dd2545d01a2f45204496d2bcf6307231173493bedfff7d0604,SME,1,,1995-1999,EST
48b5a47b9566311b23aba8161445d28eb7d38f4c298736f6650892a949185781,SME,1,,2000-2004,EST
bda3e0fe693c2651d1a7f06d15442df22a67544159ac6398ae6ddc702caa3a86,SME,1,,2015-2019,EST
f9910c0c93578af8f783754c22772c21723637121742a5a3ae9687b2dde6f9e8,SME,1,,1995-1999,EST
43e47f1d0d9bfff0a6aa7537d70847332251ee2571b05a940fc2a7fee061d2fb,SME,1,,2005-2009,EST
ea7e06b3b0e6de927a4e399c27204ee26fa5d011e6d758a981ce0d5f7d478952,SME,1,,2020-2024,EST
1aa1d85c5702429874b69c61a14d36b0c55b1a66b1d37a7aa017c978186c308f,SME,1,,1995-1999,EST
9ce3bda8c27d17c3267abc076d5e6c74fb5d023fd95ea5ba01028ae72a6586ce,SME,1,,1995-1999,EST
e43daa3ea57778978e26f6cc14b476572ffbefb8fb4bf58adaa23e8e8d2c0cd7,SME,1,,2005-2009,EST
4d4db7627696894b384877043f282ce70b94c72e713f73891555b7988fb1cab9,SME,0,f7647ee90c2dd2ee1cc31c5bf20d4e91492462a2e5b0100b05a1c79e17a83271,2005-2009,EST
6b38c8523c08c1d4128524bf012dbfc53733db58ce1ba6c6775a15aa09cf522c,SME,0,f926a34318a09bfacab6f5c82633925c2c11538c25588f466cef6a1ce0ddbd4f,2000-2004,EST
d4141ce3592a988d5704a56e47c44b6a0cae2cb3b87da38a88664add079dfdd2,SME,1,,2020-2024,EST
9e9d98e63099baff42d5554cb728148a25b975bd4e266b79eb5da3a6b906f7f3,SME,0,e098d1efa9f0afde85e1a8dc30be2be313fc640bf02202f80bd82d7494edce2c,1995-1999,EST
56a2eb02b59e3e7645a5f27d5a623bf1d94d9aacdfbf275058a4fcb1538c579b,SME,0,f7c47fc5962a9c27bfffcbd8f2ee1672f1071887e3916325367a2b267a264422,2010-2014,EST
30a28b7d6be97cecb1ed5b1b72a07e81df8f26069ddfc463d03988b97b4fddda,SME,1,,2000-2004,EST
cf9649528a5f1e2bb810cd849f0940720b2c91af4c13a6fb9f625190c8097547,SME,1,,2015-2019,EST
c4bfef6713089a4412a242783b8adca86a5e05c299091dad9c3b3392772b0d5d,SME,0,3edacc18d1c4c24d4c19c6664c894b1acc2c8fed9164a8abfb1cac3c75018715,2005-2009,EST
51232e263ba8d292c7759c0fe4f944879b76d92fd6b090903a4630460e1cfe8e,SME,0,226f3fcc5ec233c833ed9bad14eeafa16008786ebfdd9b2a040ee67d865fcd43,2010-2014,EST
b28025d8429e8ff47a7842e2fa7d184181def2c80153cfbf62f159222e252f7c,SME,1,,2010-2014,EST
a20d1f827e8dfadbcf8086a47c80cf715afeafa252d3db37b9ac0cb5b9b561d3,SME,1,,2015-2019,EST
ef27a85253e3a4c2eb808a051b50d5c16aa9fde9eeb06d8e1934f0edef9712d4,SME,1,,2015-2019,EST
05402f41cff22fc70cb3a824bb0effb8b831c38bca295b1b06175832f187af66,SME,0,2667a2f7732742d3005417316eada640d57327c5f5c4a84ef611df5fce64781c,2010-2014,EST
1f4aeb3a2c94ef9e34947928cd47ad952aba25106bff1df90854713c1faa8c20,SME,0,a061c1a11e266b93619dc4b42e195a759e5e90013a9f3bf44906fef499f15384,2000-2004,EST
fd88e09953a5b932647bebbffb454bf9e94d8fb3fa215759dce284a555d8ba27,SME,0,b891e946f084ebb18de6b3fa0b2279449885d809ed3e52204a06aa25745107f1,2005-2009,EST
d618fa1e5575d405cdac5ee3f62b1d179d3414e6ab083243d932a636962750e7,SME,0,dcbc045079db4b835fc8539fe0edb6f7e4da429fe4ea386fcf6bb972229f7c64,1990-1994,EST
41d6219a3cff3dd568cb0d0e062ad5353d2d3969437cb0a47321d355cda5a30d,SME,0,1006fd460c334e4cd473a04d74323c95bbdee22ee8df3ce34ded27be657cb048,2005-2009,EST
69be1668948db8fecc465a2dc2bc99f7491898fffc5b2e322d1fce71fdb49b83,SME,1,,2015-2019,EST
b06ace4ed04131cd8eb985ac492475c8fa40e72ea8c6a29566b782861478e939,SME,1,,1995-1999,EST
8ae08c872e9efd03378e466c51a4f517580120aab407bea852299310f60eeab4,SME,1,,1995-1999,RUS
80437e15f080e8fa2293dd5561d5b6cdd4711f78705de2a6b8a2f6dd18e08cf0,SME,1,,2010-2014,EST
ef36691262a7af1fb3442f3c0bc4c7db3e82f69c7f4b66a5006c79dd523383bb,SME,1,,2020-2024,EST
2f137185f8deb238dd65ed0f355af54578bf94b738a12829119978db040e6d82,SME,1,,2020-2024,EST
94ef075cc5b5ecf640771fa9810e660b1ac6d156a338b7860e62325996a0a636,SME,0,877adebfebd0d3e84d3799458700b59dc40cf350321fbfc0207af6c027f82a8c,2015-2019,EST
8a115f938f40f7073ddf692fb5b8d23bf970872ecabb07e94b2b457e7b6dff29,SME,0,18372c6e84d5929e86c57692e64c205b050ef8d2532ae960cf3ad9f8b58cc498,2000-2004,EST
0e125a7feaa92e7e6c892c585238d62f23b58b2a6b1597fcec40861fb99b3a62,SME,1,,2000-2004,EST
733df0fa6b6f2b8fae71c4562697fd83d4966d97cdae723dba396f7216decaf6,SME,0,5d971ad2f6afe36231ccda9492b88bd001311e9b59098d9d48a56d0d2dd18e97,1990-1994,EST
d5294eaf6979e1d35efd269d413c245e10ce402cd21d7ebfdf34731e25307983,SME,1,,2005-2009,EST
fbf8cdc830424fee38b1272689898c596e8d1393ccce58dba5bb26431cb97b82,SME,1,,2015-2019,EST
a096b1630b5f9b8fddbdf0042a7e6f978268036c0abf29f50c2107b73505deb1,SME,1,,2000-2004,EST
8c5b0623a090cb18aa33c0cecce97cd931ee19273ce6e48cc43573b07d77561f,SME,1,,2005-2009,RUS
807d2b8fc1a3f2a06615f83d461448831550bf168a30b972fb62883d759d3c43,SME,1,,2010-2014,EST
cf7c5deae9d15fbcea867edd734efa8461d774a5c4720c90bd690172c87014f6,SME,1,,2015-2019,RUS
a6e3fba685c758b94ffd8c2a8da9f5d3eebd0ff848434b4484a11de777f1fd4d,SME,1,,1995-1999,EST
6d9d0b7cda637b9b095aa706636065fcb4763232dd22cc359c91ad3aad2949b0,SME,0,53d9e42432874d6b3363a88358f68a63c91feef00821f7d09ea0e5971005f2c4,2005-2009,EST
b1ed2bbd65f8c177b2e7a01e65f98daeb30ad2152029b2628618ef20dc3ad2b7,SME,1,,2000-2004,EST
8338f57c6feabbc957121e8e0b167412e4d522e94168aeb502d7ff7de69c875f,SME,1,,2010-2014,RUS
83eb437e4fb726948307470d659694e9e130b5b25fd3ccbe6f0e235e635b4371,SME,1,,2000-2004,EST
48b30f2f5d10c4f72f203e2ed82c0c0815aa01a025dd46bd725db4a33a41d988,SME,1,,2010-2014,EST
087cc632aa5440fb89fcbd72e8d36cea1a15f503887a2ee5dcb81868afdef954,SME,0,3eca41f6382e84c00c86895c8424b099f9e9d9b6d05eeab24943d2a0d1dd393b,1995-1999,EST
bbbe6b165a89709fe7253088c11f2e048443243ae065b6e3791a22f4642cda76,SME,1,,2010-2014,EST
e9cdce8fd9e446960c11aabf7a0c7743f06f47a7f8a0a7787428705e80d42476,SME,1,,2010-2014,EST
a52e3b64249b78c75a3a8af435b9d4b87b4fddf61a6732d158b2562a27374991,SME,0,8492d048b35681e314338c664efe150ee6ce10cddd5bb049964b032dfa475125,2010-2014,RUS
2a8a175d8046ff8b1fb5707d80c6530c5680d5ba0f7d140896f06e769edd2743,SME,1,,2015-2019,EST
4dd8c62e8d47ee244bbf825e5b2c1eab708faee77269f1a25a4f0babaa3c1056,SME,1,,2005-2009,RUS
d5464e6822a7561e4cfc959cceabf69bc670b6bb135c13b03ef350d2e6f5c073,SME,1,,2020-2024,EST
1a33de5b869f922409f62b6ea183eb110987c70b2bdec3cf66fd781a874d3701,SME,1,,2010-2014,EST
fcf6054b1d8fee1e84e9815c3de61d6f4055df7e630ef3e1d62a7e03019c519a,SME,1,,2020-2024,ENG
da6e32de4cf91070a87a3579640357f910f1e4fdae901e0c68827e9c0b868287,SME,0,30dd638a1d0a5584755a750c4a5321944ac3b897b9cd852441c39a51cd5efdac,2010-2014,RUS
0c91a740c9beaccb45f3cd189ce84bb216eb24c6b4258236c4fb1204e86a577a,SME,1,,2020-2024,EST
a0afd37bf7456c6dcbea9b8cf49e2f23865fdf17bd90c6120ad96f88390d473f,SME,1,,2010-2014,EST
ffb6ee62b3a2a47583aeceaeff39feb91ac0597c3d448c0742764a9a94bb607a,SME,1,,2010-2014,EST
d1d3f6954a94c18d69165a288834cf3fb52123d0fe91e6326f2718def3f0d6df,SME,1,,2010-2014,EST
a71c250f081971b22d82c2d8d0ec443870b93856c87d0723c34cf8b3592953dd,SME,1,,2020-2024,RUS
1a5fc4f61c650e82a12104c7d68d5651ac1516196f15a3e65a8d909019284480,SME,0,e2929330b476a22950bae3bb0c448a2be4bb3978c0c603d3f72db34ef5ff4898,2000-2004,EST
68d46f6f115b8f7ccfe11b050e52ccac9a8e0411151ab21a51aac89259beb2fe,SME,1,,2015-2019,EST
d1180bdb0f5c05e240c4632b4fb0914f8e7b26778fb20584e181782310ec495f,SME,0,5ce924097e9287d8dea005e188f2853a147e155675c174f22210e8df8e32dbe8,2005-2009,ENG
f7a005375fc5716c24d735db9424bc53d6241090b2c702e168b94ad5b0b4381d,SME,1,,2015-2019,EST
cfdd65fda78bbc3c60cdbbd8bdf517d57748e5d4996ecd9a41eee2a8113185d1,SME,0,0a0eae64d759c82002d688ba635ed636092053b04cfa389d6993155cab02a257,2010-2014,EST
fb253ed21031af3d57fdb68c1a68e7abb4218313b550f7e13118e488c96f2dfd,SME,1,,2010-2014,EST
604f37ff7c864538f5ececa0b4d6ed8a6bed33811b2f0ba81d66f7279fdcd113,SME,1,,2000-2004,EST
f36d4553e8043758b3337b4cf5b68b8b939611612af9e1617abd5be34828e0fd,SME,1,,2000-2004,EST
f22153764835e672b3d74e66993f93bbd03c9a448598e602e910258e1663cb43,SME,1,,1900-1904,RUS
88bd88959397e792e8cd1f1117222b584cadefb06d285005ac992a60eed8e03b,SME,1,,2000-2004,EST
1f5e4b2b3f4ab1ddd5de4d10ba8c3c43681eba22ae6a7f826d58ef8e80a2f11f,SME,1,,2020-2024,EST
02275ff8fd6178d1c5bee68c939abdeae4485a3aeb460ea5fabd4a4dda52ff3e,SME,1,,2010-2014,EST
20e343fec300b59e51b399648d3f339e2eda1f62ba832bf89781cd22e3254c15,SME,1,,1995-1999,EST
2c77ec89d1b6c19c5e218330883e4b787e655c612ee4e7173bd34679fa1978b8,SME,0,7591ccde390c7bf55c9994a247d18ddb3bb341a15f0e2e7aabce633205eec252,2010-2014,EST
c21f09b4bfcadede667c67f188d485dcd065c26c8de54319e68ec2f484b8f11e,SME,1,,2005-2009,EST
95695bea64ccad20363cc6b144e26fa67a63ffbcfee1498f574d74f69d840117,SME,1,,2000-2004,EST
e5ac0407b39cbdc90907acfb8a295615cd2a45b01d6a687e8fc21ce58008d9a8,SME,1,,2000-2004,EST
9502ca261831320f6bc1db4264fb8ab91922985c530cbb8dff60c9aceabc4949,SME,0,286b775a4b61752b4d0ff82b4237efb9d12b5bb384e6ecc20db9a65d57560202,1995-1999,RUS
f4e933c3fee72e00beda2a672918b7a2cfee98ffa1d2ff8d0b3d90551b1a6265,SME,1,,2005-2009,EST
13e7d0b8f4ebcdb75f1bfa57211a0954fb9efafafd98009ec9241e08fde5d6c3,SME,0,46fb9f38f814d902b57386224343f9726bf6002b19423de8c4e8bffd8d55de26,2010-2014,EST
78891dc297a488d98b331dd22596fdc108c9f1f540b457eca138b8d32858a3cf,SME,0,1b87e7f59cf3c13eaf8ed5165723c4a4251612302c0a9ec03f70da61019395ef,1995-1999,RUS
e3483870f99416d385a0cf927efa8f071fdf1c15f9b08a3f26d98009a5dc8f03,SME,1,,2020-2024,RUS
cdbb5614b357467f9baf28a153ac6eaa1bf7529219648d20d548ed06035396dd,SME,1,,2015-2019,EST
951d7677d84a8c8cf36dbd308de1690c21fafb4c5fcb92eacb1e95313115c992,SME,1,,1995-1999,EST
ef746a03eba5c23fbcd8e35c5110d8cc048036b8d1eac96769e549f3b577b2f2,SME,1,,2015-2019,EST
a677580b5e619fd6e9c3cbba78f353d44fdaefa536f614f44d806fcf354128f1,SME,0,dfbb0535676d9f16a31ef539109d522e27ab86a7750baef5266a55fc634e902d,1995-1999,EST
a130cf4c1fc910e0ca8382b70982dac72e656b2ad5f7110909e93e38d0a7f718,SME,1,,2015-2019,EST
7081388f22e1629eb0597355f484ac2304c9da0339e31b7233acc6d427049aa9,SME,1,,2015-2019,EST
d11ac6251cdad307b5fcc112cfa3e90f6e09f0b61037b106ff43bbe77fcf74e7,SME,1,,2000-2004,EST
9ee23f6c812b610a2c1bb4b9058c846bb2d0a35f3d3c063de7f115a88d78104b,SME,1,,1995-1999,EST
1c17e21e21c04f965e0647707e61da883a7e7b8a1e2c7c6a2023189a678e32a0,SME,1,,2005-2009,EST
2b2189a331d9728f04e16d7567af472437f05d9414bb003f37526983d69adff3,SME,0,519a3e622bb86c26222fe6551e2de4227e4543172c51dc55365db8aa54b27215,2010-2014,EST
9289d68f416d28d44806ed0ac463786bd25fdf767f2b80f8a58824337af0a7cf,SME,0,7dc754056f902113a1efcb01a9dfbbaa7a50c2553656ab8b6dee94dd9c170d13,2010-2014,EST
fde45b73bc86d377d0d1ac8948ab4cffc2bca6be40b05f1b1b1c9ce29319a250,SME,0,d55e94efe43c645e2bf7157a55c41ea4fb8abf07dc5316fcf2a9269a07d067e9,2000-2004,RUS
0a49cb2d7c330411e4e876501321cbdbca1fcef797c563fe09f940703046cb26,SME,1,,2020-2024,EST
8c0e3964c8e0eddb42b7abdbd4d6cd9a38a9fa60b97d1e12d99cbb378c9c74e0,SME,0,71456f05d3a2ffc40344f26d75c246d87f93bc23f6a5fc0c5cc67bef4e35ef58,2000-2004,RUS
d3e7cd43a07ed072766c3d134d964711e25d04aead45879543c490744812a2f6,SME,1,,2020-2024,EST
58bb4d6d90d46ed5dd64a225ac40220518c585250292f16522a38ef0146cfdce,SME,1,,2015-2019,EST
0850742ab7c68fb4d70db3a8cec5a406cbba000df17a8e0416d886a02ee44bc4,SME,1,,2015-2019,EST
b2077edbab9d7faf48a137c7e13547d3246af43dc8062456f6c56b974f3a7600,SME,1,,2015-2019,EST
6779fa57c79880f450c327be248fad5c6c27b6b5aca6c9a2cf87d87b1f08c147,SME,1,,2015-2019,EST
6149fe92aea1b7b06b0d8c45a539a59616a2f827b555dd17797135759c690bc9,SME,1,,2015-2019,EST
942ff75ad10851088280e46313f35066aefd1eb4e6e04c8d1dc531ae66eea8c6,SME,1,,2015-2019,EST
3838f7af77f4326fe7ee901687a0d035db2075eec2c80a686318d549b0bebedf,SME,1,,2015-2019,EST
913839d7eef79f5db3cadbf59b2071afad558e034168a8dcc65cdf7ffc726e7c,SME,1,,2015-2019,EST
7f5c265e525dddf2462cf2634cdf1eee2155464571639c1a40d476cd4790a98b,SME,0,56cae776b45751af7eaba1ce8452e097617e74416db931383af010f74027a59f,2005-2009,EST
827b2c8f5ff7c75bbf338f45fe2f7f4325b96a7f221c9ed240d1c3303ec3e715,SME,1,,2010-2014,EST
07c257d1ba69f603bc69ac348400ae7a0de01b2f171eb98c8ed52f59f67a014b,SME,1,,2015-2019,EST
f323d1a35c5ed79aa16b674fef3c252ce30a2bd53f581ffb2149a215dc8332b8,SME,0,a7d593d0d5b3ee55dbe6e3cdb93bde4032fed7503031b57f28abb19b36cf32c5,2015-2019,EST
13f029ef3576f037c54fb2230d33937736ace5d0f9f0d9c1fd814170c2366fdb,SME,1,,2010-2014,RUS
c39f50c13cb00e09439ee011fb4e6dc4df1a452932b61ce4ea450fde46e52cce,SME,0,b95aa1174441c26d41f79b2dc101f46946d92b2a012f8762783f43363ec66520,2015-2019,EST
e40f3e97106feb3e26720d3751ea9f801b68beb3866fd3ba9ee8adc5a2f4b053,SME,1,,2000-2004,EST
3ab3c68f66f2f27ace27943ec2111de5a729be82554fcec699ffcfd8b05cfd33,SME,1,,2015-2019,EST
f27b6d113fec16aeb011b040d9949312fcd293bb2ae08fe83fb74380960eb67d,SME,0,ca2896f9a04d5c338f9a65ece238cfe909a4c5906ff42e6bf0d25bb543c681ff,2015-2019,EST
2d6cfea625b474941b69984698e04a275858c7f6d4cf517a17333ab614bde0f1,SME,1,,2000-2004,RUS
06d7b5f0769eb5e7cc226ccf3afb224643921413000b87efc1b85e1703797e5b,SME,1,9e4dba5253b577e9a16f883144fec6e12aa433851a6d9c02c3f4758ade3ae5e4,2005-2009,EST
e85c5d2514967d63a911799aa0883ed1e304f2a47bc5ab66e31578a96cc24db8,SME,1,,2005-2009,EST
58cf2560f38f0ebe54787ea7c92d41f3015193e5bcc840bc4e145f36f5aa2b25,SME,1,,2015-2019,RUS
265001516a9eb41f09e20058199fbb0f49c345e447a3844c47573fab132f95cb,SME,1,,2010-2014,EST
406e07c31b93c81820f74ee127141a9eae8534d05c0e89e49f1d0f1ed0ba145d,SME,0,,2010-2014,EST
1e9caa816d2a43a3e8c2d8e975bec5248989d1f51b7fd48c79df0d0c7dffee5f,SME,1,,2005-2009,EST
ffbe5bd31c040dace3e025b7fc690b6f4bdc2a419b07e52abe084a231b8124df,SME,1,,2015-2019,EST
c0acd5fe2c8282947f61b334313f6b6f11d4535ffa695b667725eb92c0ba8486,SME,1,,2010-2014,EST
e1d83e05da9fe72e25149f17cf3a32614eeba958f9152e258f0c8c0dfbfb3eaa,SME,1,,1995-1999,EST
6aa6382bf205d4c8645d6f9fcfac3f21dc95c7abc882c913b1128a343ecfafe6,SME,1,,2000-2004,RUS
11224b5937de3414cf096605e4d2a06ee5f1310c989f9248ffd63de1ef53b14c,SME,1,,2020-2024,EST
1953b884aafdfae8360ca5d39e455a57bb23f02b7917b9d8d913223791ed0871,SME,1,,2005-2009,EST
a8498109547b7061f7c22942dc738c1d1de6a7ecd040c1ca7184485c1e4c908c,SME,0,6b30e3a50a978d2def57373f41dc52b41b5147620c7bd7db51a03e091eda3e05,2010-2014,EST
8287d6d1cab095a8b1ae969e70c43c640277b548e0d4d715c492d0bc7fe4e3e0,SME,1,,2015-2019,EST
f884d19e02599bb3ea899a66afe3fab97230dcf9e11db992d4d1a4307329ebf7,SME,0,95c9b16ef0b33dcca74d83bff812f43b22f4383a5da1292c1f91f6ec21ad7462,2015-2019,RUS
f4be3d86e7dd9764aa168269279f7c03f9a1851bae8321dd86c67b6cc3651400,SME,1,,2010-2014,RUS
90a1b014809450454504de71e4a51274ab10b5ac826b1c2f36b15bb2f4b147d1,SME,1,,2000-2004,EST
02fa116496b34e142677c09434ed453205274d329c1d2814c314e0433ce3266b,SME,1,,2020-2024,EST
5fed8062400ab09b89ac681abbb630e93dda8392616345db9e125eb0426fdd18,SME,1,,2005-2009,EST
8452530b4bcc3a0ff5ab48fac1dd09568bfbf7726ffd04ea826b574b855484b0,SME,1,,2010-2014,EST
5ab87d69e0db1e87deb2cb6d712b241e15a8b6db3120133418bfd31a2aeca01a,SME,1,,2005-2009,EST
c87c540fb7dafc9afcb76330406b52e0870eb33a4989b36a4e7a77a23d18866c,SME,0,ac32ffc85ebc64ff9107344d4a45f4ffa47ea5d3bf4648c5b7475eda6cccb3da,2005-2009,RUS
ce7fcd9e24896d2eef7819d0dab6587526c0e2671c3ac911a809adebbe6e6413,SME,0,451e7d57695051f3d6ac8c4a3ff4d8abbdcde6c59c64dd8d2eec6caf067b0734,2015-2019,EST
9a9618799fe119daf7464c8d64ede9479bc33cafdafefd1a4c519f97c0812cf4,SME,1,,2000-2004,EST
ee3b9292de4c3e47d313ac0aae7898f7b067d100a6a88b93f6cc5505f5e5cdcf,SME,0,764ead8e4c56b11d3c01d949db78136d7bbd90d1eb2aed0ca2cbe7ed5830968f,2005-2009,EST
7626bc6ddad0d6760735a940c0f4c6978e70779b5deb97302caa4249c1fab255,SME,0,ad36e6e49ae1d34bcc01c809e239d96410bfc922eb823695ccf14c7df07e246a,2010-2014,EST
409797cf41c22bbfcb70b98d9a5bbedaa0727b9c7b95a3401006ca39c58838fc,SME,1,,2005-2009,EST
1857b3ebd26df9dea5eb89659dea4e09b4b2f8cb009f9107587e8e2d61870587,SME,1,,2000-2004,EST
804cd909e3b80d983b97b725418df236b229d27c95def4093a5f36186ccecd00,SME,1,,2015-2019,RUS
16926f2b299041614acae43fc3bb7cf2708ebf8e57a209175dbddf16e6b4ae57,SME,1,,2010-2014,EST
405d2354d84c39fc15594f8c16f53011a89d06296e69d2ed9d420d7b5a3b2868,SME,1,,2015-2019,EST
9c0daa2870c29b2c4b515e85df5da56fd4b8d07eeb6ed8a509bc5c15da70eff1,SME,1,,2010-2014,EST
babda6073d469e73a80f7dd53952b1132e0ac1281762736f3253585ab160db5e,SME,0,fe0134e045d7919786f6c7d08edf954d5e42a1ed4d7a84603e39f0a9ddb1f8b3,2010-2014,EST
819310aef0cbd39449d0bcfd987d6069f99e39348779c0eea0a41a42727ef301,SME,1,,2010-2014,EST
4438a7e2a5c5ad903c67db8e55358973ced69fb9771206c140d365cda497c230,SME,1,,2020-2024,EST
cfc01a4bfa74ce9ec18e7c32f47abf4771a84b066181edd35c52fb215aca26c6,SME,0,a411cea42cb2e55d24aff7ef78a38dadcc1af6b93ee118a6c8539c52bd6da9a5,2010-2014,EST
333f98ffd954b560e3602f8287b43c86b8b3b1d5c4e218b2035dc26aa17283a2,SME,1,,2000-2004,EST
0dbf018ee2769584085e32399b1633bbd695f99160f77c1f27e738c0d052f23c,SME,0,23165831ca93f73855d8f23914ac26e04c1a35675ea2b725267829b623adde82,2015-2019,RUS
cbb748235d7b8aaf0d091799c436e2cc6cac375583e2242e0fe8cb90621c4bf6,SME,1,512a98cb18cf52e0645d250c027f084b3dbc45416d70388484561a9d0e67c28a,2010-2014,EST
4eed9aa47acec51df56166282153469ed6bc1d5975cd735e924d39e3be45ba4c,SME,1,,2015-2019,EST
e1501d82a9a481e5efc9719b8fe43702ffb7e213a0093bc5700d6ad0a1e94da6,SME,1,,2015-2019,EST
7dac3f0cec6399aa06c68b4cf3a82469fd18ecec1118e9e8e6a156bf684d8a7b,SME,1,9d7526d382314f11f203c0ef59705f58c842c8867c3e63c5e0fd47b5cf25ed83,1970-1974,EST
c4c763670719c199b66ebbb4c8bf709778e27f32d0a35ec0942d9d4f1eab175a,SME,1,,2005-2009,EST
5976a2cad5a54ea4913637b982b60905181c0849cd37788a3b55a4c5cf51a98a,SME,0,73322a6e895eadd787b99de25a7448f930dbe9890dbaf6ef030b24a158d9a6bf,2000-2004,EST
7d2af431d7c78a091485b0d158584f7dbcd3535ff0e44150fcae9039f13f938a,SME,1,,2020-2024,EST
47e5c8dd60fae9416fc7a91506cf1a4ae0e0b6cb2e70bcce026d3af986b2eb15,SME,0,03581b049b98b2fa6d7f9b3074518a2240eaa580749f59d1af8d48f578e0b5fe,1995-1999,EST
d1b1a4046a48a4374f044e09f48341daadf159f5fcb3216686b8256e7d7a596e,SME,1,,1995-1999,EST
ad9ecd40c70fa79b813a41f57535d62557aa2cc7efb61a839cc1a3466dabc7ec,SME,1,,2020-2024,EST
9c6eddbf1f6f4615054607fd735a9dc680c5a7c8f417b8b26ac9682a2fb5d804,SME,0,e7a114878bbe359e5fdb4ef0a6999f2cafb275a17c2865f2740f8e29b81ba4ca,1965-1969,EST
430167fba6c03249389058a5242a303fb057ecd4fd61a0618b423bcae28781e5,SME,1,,1995-1999,RUS
5a50f7d5bd743d89b8ea09673139013bcb0b90a315784e2a99171fb67d12fa4d,SME,1,,2015-2019,RUS
be3fdfe23744069454805c491e37e9bb1a1a9373e555e86cc52976dc353ea4dd,SME,1,,2000-2004,RUS
da009a805e9cef39a30533a60f6c851a57efd0efeb966c7a49b4ed42ce4ece55,SME,1,,2005-2009,RUS
ca27555826b0a5b8f7ca5a2a9f8d58c46293917bc551811e2f087ee1c1573536,SME,1,,1995-1999,RUS
5f568d1e39c83514adff30dda89da9e135a8f288c07294f5519caf67139b26b3,SME,1,,2015-2019,ENG
55299fb7ab183363dbeb505cb63d936281e1b1c151bfb2e432b6ec156a6ca936,SME,0,d1b697d8c0b69d21e71f13dc85b982dc9529f4d2537d692ce7550d65d0d9934e,2005-2009,EST
a07c5795c6797ad35293ea615365332c1e8ef55bdddc49b2d0a40f986748a589,SME,0,5ce5215c72d4d4cf2b4f05df17237d62718a28a5cd7580b6a357903c66157c94,1995-1999,EST
6243d84f2efc932205601ea08a06f2ed646375365c6ac0f0267e7cd35b439cb6,SME,0,5faccff65e32419ac803c8d9a4506783af63ac64cf4569e95e184823ea416fb6,2015-2019,EST
d36f20eac7f9dc0fd715cbd1e83b0fc1b5a3bdde48066e094cea3206fc681403,SME,1,,2010-2014,EST
49eb5ca6a41cbecc60e0d452bbdd1439ba79baf31815fe702ebebf5621867486,SME,1,,1990-1994,EST
2932229b1d27946c6d03d46f80e35fe5cfc10957a38499a46028265cf195bae4,SME,1,87ebd657dc8c8d96c28951bb2bc5cf646c8b4b4bc4f4b1ca536867da80cf67ef,2015-2019,EST
87d8f74172189ba317ac9c5bb60ff00c642605b200742d7184769ce0760ccfaf,SME,0,b6fa245d74845282111abd5405f196ae6dd2cafa8bb1f8fcb5c824d0be65824f,2000-2004,EST
fe60280667fcd3e48ae20c70f355283b30036da9740e94f28cbdaa641cafbb05,SME,1,,2015-2019,ENG
3fd846cf33829547470edee900628b74003e2135873c51afac83940bfe05517a,SME,1,,2015-2019,EST
220edf8b1417cf25ee34d20a604ec62113d4d0d006c2beed09c7069c176d1143,SME,1,,2015-2019,EST
f16e8c9094326ccec14f35a3a36e4ffac6fdbc4dce90191968aa6ef02dceb281,SME,1,,2000-2004,RUS
bb8cafb193f4bff2f88aa9546cc3f97fa796dc837017b8acebc2a2d53fa75334,SME,0,20cc0d5d41740caf0e2452e5196b2e6cec4195bcf7299a501a208830b3f42ea2,1990-1994,EST
a3b8c1333d72f8ddf72641a3bccf9ebfb2187e70e96adc7779ac762e2a71b32b,SME,0,a412ea95ea5905ca8b95151e3ae443493f6a0c011f4a05e7809deae01c5d66e5,2005-2009,EST
ec7afb3c850d60ca962d438f4d41aa787c47cf76ed8667fb4ed09950436196a4,SME,0,a412ea95ea5905ca8b95151e3ae443493f6a0c011f4a05e7809deae01c5d66e5,1995-1999,EST
921b9942d8b3ce335b2797d7dc2dd4e26e29584a46a4ba1e23ce94d378e4f29c,SME,1,,2000-2004,EST
6a6fe45a3efc62812b5a61d9118be9fc252f6fc74876284c27bef75392a49c5e,SME,1,,1995-1999,EST
6152d4c6f3ea62a44f175a3f6a4f166790644d887af4de72423d36a71a277e62,SME,0,168427e00053657623db6be4f2b1a4d7a590c6a893de10886ae7935c0029fd57,2000-2004,EST
7c19036e2596d230396a67092956b0fc92e3b130440f5ddd455bc41737eac5b9,SME,1,,1995-1999,EST
11f3cbc0c5ee1c32fc7baf7144a5415cfbb497608fed80f7b7d2cf72172d7597,SME,0,2dbd0923c537f101c9d6b0d9ba0a2e60ed0284b25922fc74ecc9584dd32a33a1,2015-2019,EST
c7fbe543499f6b1883407ebf51d72ea0ad33c24dfb8819143eed3d1cda22dc26,SME,1,8b62e49c5fd3272f1f854f65b5870b0d9134ebd3a32c02c8cb7333f5d2e938c6,2005-2009,EST
2ca7a6787f6c18f5de7a58d1e1b221c4572dd33b66d076b446a22a764327cefd,SME,1,,2000-2004,RUS
0cef7192f6cf40e7c019d3293833a2eb0c7b39b9ff02eb228f641574507251e1,SME,1,,2005-2009,EST
62fdedc613f8300ea6e52755e233d9f2baeb64c48023a76957a301e311af3ba3,SME,0,7f356adde1050fb59c7a7e42b5e514fcc1e99b01f222605575f643ad19babfb6,2005-2009,EST
6d5d13582d11a8ee14e0e026fe2567d466eb91fa151eb5c50c769da71089e6f7,SME,0,caf9c8e30b020ee5d3275929b18a90f9394740f133f95d2a8b3feefb51090b92,1990-1994,EST
320d9df4ce94e83c412379fc591aab25823c4fbd7f85ddb52a189af87f720ec2,SME,0,ddc9637aa3cd995fabaac52b41316d6202c485ad3160d0336a942bdcaf7534c8,2010-2014,EST
58c45fddbdc94b9f9a80442d6b56a6f565d87e525b3450c064978845a5c8a479,SME,1,,2005-2009,EST
afc84b46d5d6dffb122d35140f61d35c6602c44ef58621f7f2f3bdf97fe5be97,SME,1,,2010-2014,EST
5c6ca9a836caa99d697d8181a647ea0e1896db1ea072c84252954fc9e6003c6e,SME,1,,2010-2014,RUS
e9b1372ac60a8aea381ad9b67010df051050ba2e48ab8ade9de242081fc6203e,SME,1,,2015-2019,EST
348aa83e9bb1db70c463a8c46024dc84e092d2b32577095b3072286e228c197e,SME,0,3cede6c6d314768adaa7ab84d2c0c19ed9f19ed1d5e30cdd769662a235ff62bd,2020-2024,EST
1952b29d8893d6ade169ffe5af3c369ab6a09f94f4eddf0aa333c4a199b17a2b,SME,0,,2020-2024,EST
ce927d52c0acbfd92534c5a8d379618d0175ea66d8664d5d333d04da28c78aa0,SME,0,1017d0eb8b89cc76927723863ba602709e7cdd025288d61175ea3443e2834e3f,1995-1999,EST
181985d3ed5d7ae867fcc48b0eeba4664dc0aad7e2a0bc3aad0f49ab8f6ff742,SME,1,,2020-2024,EST
0a985bb59f18846d9a10eb1b0e36b2adff3e7b75616d1331f6067bc01431aa54,SME,1,,2015-2019,RUS
ab2a86f0dfd8a991c4d87e5df252bce9c7fe6e29d491d5dd1014295c77c004b1,SME,0,d2ad76b0699d51b47be2bb6ac0dd4ff66aa3014b3f31a93b5c62937bd7c2e1ea,2005-2009,EST
894d5e85cd0fc83e7321cbd1986fb6805c61cfb26b3eb5d3efe657f2dcb61a28,SME,0,d8b6977062b0ac179bcf4e4cd513ff0cbcd8483bfa4265642c265b5517da1ef4,2010-2014,EST
3cbaacf63ba73f94ffc21e7cdf8198e2588e050a29325bf2bfb4e0b2c4acb7a0,SME,1,,1995-1999,EST
eeaaef119f9ba79822f4de980f745e4056f7c955c23f587820f549d961fc1b76,SME,1,,2010-2014,RUS
41a3fcea1aab1289d20ead6e17cd66756aa8c08f4e3cacf5ca5442e0ca7174bb,SME,1,,2015-2019,EST
42e82f90cbe489da43f8bc7b78948c7fae90ae93d9cfd2f41c8874c4b778a25c,SME,0,8787c39eaadef27c2c5907813c7ee9d99b68355b642d685fe1b2208519fdcd16,2000-2004,EST
e145b9512a1dd47f7093f5e38c9ec49334e0967a4ceb4847c2aa8ab4e600ca6d,SME,1,,2010-2014,EST
0e68d5e57ad307222a9f38365f2cb3d8af7b347883d8a402d4d849aa1f79e724,SME,0,60f2466ad553d0c0c0eb39b115fa824aa6bc61c8d6761b1513779973416b90a7,1995-1999,EST
76abe47a3e9607e0d2124821038f772fd6b18eeb2e0dd1b5bce2efd0c547fa5d,SME,0,ae3dc90e6ebbcb24b3269f74644b523e04378895c8782f5ab42cd99eb025cbac,1995-1999,EST
00feb0ff373287a3b1b210369f5aef9bfffd5d02f6bc8fb9b42ef724881f8f90,SME,1,,1995-1999,RUS
eb835b800425bf67093f6742cca7a48b674d7d3e7d635d0fef2b857a6b32f7e2,SME,1,,1995-1999,EST
b78c1fcab91bef2ffef851f44de75747adc573c7ca7992791d3c2e95d4f1071c,SME,1,,2005-2009,EST
4dcb5a2c9ef0aaf3b4f2645fe32aab31aa78c38206729053efce0e51eef46cd3,SME,1,,2010-2014,EST
30bae716bbfe34b7aac88c2fe032114dabb45077d9c0bd9a89910e20a69333c7,SME,0,bf74263bff2269051f75b33bbf9f32998eb6764d67fbe535ecabdec840c29fa8,2015-2019,EST
a00075d7aabd4076debf05dff5278e163ef2734cf840c6455322367f156e9b91,SME,0,,2010-2014,EST
9fb93e31da214397fd1c9013948dac4de06468977f3c193c760f97c10278f6d6,SME,0,5d815bfca3509cf8089be6db4539f5662302ec9d9314d4653c00d9b4346fe91f,1900-1904,EST
2a999f5788821cf1496c0094e247535d20bdd2a757f9982b9045ebb8e9b97837,SME,0,4f7cec9b1687acd662fedf44883ff538ee7fa86cbca7223e159bd19afbc315d7,1995-1999,EST
4420d7c78c863dc6b1484813c597de4dedbe04b40d3495a6952fade9418b726b,SME,1,,2010-2014,EST
d09681acce4242b2ed5eb4b9fd8c8039327bcae2aa00157a7f2bf74aef72a3f2,SME,0,6997f2864364c3e85490b3415533d15c8d82eaa53696f953963fe22f16657c12,2015-2019,EST
226d00ca71d2308cc25d5ff82c893cd24ffda726921a93c48752b5c67f510c25,SME,1,,2005-2009,EST
352e7f01da5d872038d9bf749d5a670c3b274285e69ec121ec394580c832ef3d,SME,1,,2000-2004,EST
431ee6e2c0f722a28b019ec4d0be529b4e300bb87b096f8d8beb75f273dac37c,SME,1,,2015-2019,EST
07bbbe9adca7fda0a0e7e7a77094098115b38947db5173cd272ad018eb52bd9d,SME,1,,2015-2019,EST
f08d8d6b66cb2711306e50a842b86b773e67fe71684d147b583addc548e0a691,SME,1,,2010-2014,EST
4bb70f09975444715f14837eb44236ebae27246ce3965cd712fbeabd08e9e139,SME,0,33b79b8856f66451778f65f80599b69618aa7ef25b9abbde76c1b19da4ea086e,2010-2014,RUS
75eab1b4ff28355911bebf4993b97f1887a2f8432af403ce42a9f08cdc7e630c,SME,1,,2010-2014,EST
4636134d91e3294695f8064107ff32fabfd5247f1b6b49b7aaa7c8c33979dd87,SME,1,,1995-1999,EST
e5d5f8f1e7727239c9fa0e00d5d96cee0e43727b2727a676ed706a2f50c31352,SME,1,,2010-2014,ENG
0fa6cf80db5f806f5d70b8ba34390c429a823faa4f5f5cc4a2bcc1bf1fb718c0,SME,1,,2005-2009,RUS
e017cdc71aaeb89b1daf3f5473d3ad19eba8bc10e5e6c853f2a58805bba68d3e,SME,0,e62d40cb48e2b12e9b3e1b2b4fb0f8c8411e35375d011c859976a14f1117b9bb,2000-2004,EST
122b4cf5b921a0f631c68204ecabed3b3bd7b3d7105028a0fac586a88ef8001d,SME,0,9166ef27b7f076c48327d4064c29cd43e580fa9b8af9e79d07f891457a1585fd,2010-2014,EST
d8ff0de62700ea04065d5c1f5f9cfaab4a5a2665c61ac807db618313377086fa,SME,1,,2015-2019,RUS
3f405095e970e98654326db195c1eb98f5d9f6c396650f0f8db1f0f6ab664447,SME,1,,2010-2014,EST
6cc003574159e91bd74184b6f8e23923c3d60d35fe6204fabbd4ab2aeaea34a9,SME,1,,2010-2014,RUS
d1ccd52ccb4d9a5bebecef3e132b2727bb50495d4cad562d50e1648dd2f8c0e1,SME,0,b2a8f19448eab196c120601d6b09fa9fbec99251f9492e05a1ec1779d1e234d9,2005-2009,EST
7655d281bc3175aadc1d12b6af9e857ca140677fcc1794cb9493de65f4730e77,SME,0,ceaac739fa34f041966dfb47b82040a1190fbe787303aaefb791e9ad7dea7ee0,2015-2019,EST
71acfcab3f1007d179e1c95a9594797f88237d8e8f06c39abb002ec671b3232e,SME,0,ed9afd38d7ee02137ce6215573b3d42fec7342ca2b3d88a56918bc9ba010e093,2010-2014,EST
f68b691b2c85f9d92137722c3b8144daa0976fcb45d9a0eac6b9cd2c6a9ced9b,SME,0,5ccfa791644da524749f6ba437aec96144a14d8ab46386770ac7da78a5af7e91,2015-2019,EST
b1c98bd59c3ac9c97578be96b4139b3d977d17ee18ce3af2dc1fcbaae1bcd499,SME,0,,2015-2019,EST
5974977df254b454b60571824a1ba8103bcfd0ac5de970c0a8e24d0b03faf20a,SME,0,02f9d51ab5b5714d3a0e506ee4a468ca6865bcf19d6f8faf2fc1a9b9a48a5797,2010-2014,EST
0c36cac5781e150d544db428c481ab8ac64f9bf5e7ca4a5a22a0e565665ff915,SME,0,2028a4fa806ec026a6746b90d62314c344087a2284f2ba942caf369ab7f5e143,2010-2014,EST
d56eda7037aba6f870739e374979b4f9533ea325c01229a2d5725272c16a4de8,SME,1,,2010-2014,EST
8e8a97ee95567a591898920401d613249996a7758b097c2d22c77b937599c134,SME,1,,1995-1999,EST
7dc43f3ccbff536060f5124fadc55d084cd0571266eed45bdd0588fbc11707e3,SME,1,,2015-2019,EST
7e3a7fac7a24ad6e091f0fe698a30c42a043b1953b9243adb7b5a199afbad34a,SME,1,,2010-2014,EST
fdc5115c16d011946745c7a102949b3dbc7a49646f26099d33e826f7d643f0b9,SME,1,,2015-2019,EST
f8e38e001847cda2172e0d852647ce8f9e08eddd3ee16b4672e326e06ca58721,SME,1,,1995-1999,EST
25008ce968e7c2a222499045e8f5842f756df55738a2a900b158ab0c3f66b927,SME,0,4afaf58e40172e3311dd5e88c4f5bf4ce41ae438be0b9b134bab38067586fd8c,1995-1999,RUS
cfbe2afe348a96665311a06184c3d905919df8b789dcf139d19f8c90cb8b87f8,SME,0,61b252e0f17e2a992f57826c4e1ef02ad53ec3e9d9a49093371b53274f27b5db,2010-2014,EST
b0bd25768952d4ce8d35f2271c46f1930c5c5288961d41921d4febc1046d86bb,SME,1,,2005-2009,EST
d14a84d4441e53f81fb4edd43be870d2e001cbdaaad2a05a573127a47840f776,SME,0,33cdfda5b2396debce5deb8b8405714453bb115e620b4c68a140a9b73dc839eb,2015-2019,EST
99066ee6df4e0d069fe486fe1a15c59d9112b9f24c211640533443b4cfcf96a5,SME,1,,1995-1999,EST
e091d72f990f9aec0470636d3ea1345c58d8cf0c45f2cca2d07ca9e283bc9a1e,SME,0,dacbda8628e756b4d42cabd46255bcb709625de0950a2cf5a061e97a33b3a9f0,2005-2009,EST
7338602625fdd28e4a518fc28067269dc4d704baf707d64be256ff26a07bcc46,SME,0,dc5e9a268828406d4a424018c0069e87be9272c8ffb077d376560be5a4f128aa,2015-2019,EST
65b9c8683ae573b18b63e9186468a601886c4e2e45057a8c21e72e3d5ac557d3,SME,0,f50f9ac3b52eb72cb312d7f376af768f3d5e0ae034653f143c001f863426293d,2020-2024,RUS
abdd233228fd60779cbd74dfde2afcae99974a900e0d4267c1685fc9d1e57e65,SME,1,,2010-2014,EST
ae04b8aaa484368cc1fb8dcb78a9a94c04294b4fbae080553b60d50dd8f87ebf,SME,1,,2000-2004,EST
47536741039519c283064635e0358d989206a35fcd8486d0f03f4aaa336abcec,SME,1,,2015-2019,EST
4e54fd000c2faa9f22b74258cf4edd2dd54207d0f820f4ab2e351f33000f2f36,SME,0,e5ea236bed76904cf17e8385773c2688bf024f82e6dd6e56f2ff33e978b7f87f,1995-1999,RUS
8d62fd6a95ff216df813b3df6af25544e2ac789399544955e6a4ffceee2842a3,SME,1,,2015-2019,EST
46f9e78040f93fe4674a7aaf48792c53eb8d1a3c0adf092f3444fd0253e45730,SME,1,,2010-2014,EST
30792bbcd78f0eb311a1c08e1a02fccc95f317ec652f330db0ef28415910f4df,SME,1,,2005-2009,EST
4576e35ea9643ed3f5465e6197f6173d63864c38c08ab2c0dfa60bc52bf9781f,SME,1,,1995-1999,EST
be9f2a03637a00b9bee3bb26e0aef519e4617ddd9a7eeb9fb582293582aa28a5,SME,1,,2015-2019,EST
94ed5af1252c350da14b339bac313e24e63ba5e82072aaa8cb8216293b671945,SME,0,136ff5dae6ff2954cc4657b6d45a723fb572a932da3c768db27355a42e6e5f26,2015-2019,EST
2b0adbe4937034829d7e1e6ef32ea8e9d65e8b26fafeeeeae1c6aa171763bd74,SME,1,,2010-2014,EST
774bf25eb25ba807b9799214f58b03121b01f934fcdf28db7593e1d7c76957c7,SME,0,99467947acaedab641a2536c95ad70ce3d302fd68043f1c7c24b0b6c6d012ba7,2010-2014,EST
5da784d6a5125a9a8d3709f0b883d8e58ad4eb22e911dfca2410937a68212c6e,SME,0,9562accaa229de695dde71ddf2aa32822cdfe71cbc21cb5f817b66805936ccbc,2005-2009,RUS
9549d6753306b182d853917f83a191887f9f300ff7e5d68bfc42e79281781e74,SME,1,,2015-2019,EST
f7804bff95955d4880748abe96fbffb995946caf0754057a4565068e1a32836b,SME,1,,2015-2019,EST
d22ebd9934ba93855f0ea267a323805b0cfc270307eaa2b0c5f1ac9e377a6822,SME,1,,2015-2019,EST
d7138e9cfa3088dd4643258b0fba4698566de8cdba33c85a4446cf6e5ca0cc8c,SME,1,,2015-2019,RUS
d99757da295ea4714de7cf186ea5f7d11f3cdd18de6aba2ccafe9800e521e714,SME,1,,2015-2019,EST
294fe8edb3068f2f6e3d00ee9554ad36b2086d25e09657cc497b57e47ab68011,SME,1,,2015-2019,EST
53d27e24a084f147f410c92737049b08142a222fe25f9653badebf2c46f6c81a,SME,0,fbe95b84ddf7b4d980d6e26e0dc92ac6ede0b22d33dfed3e449d1df81ad54fed,2005-2009,EST
35639dac5ef83d47914bc05438c40511997ad18fa5c7ea6ecc8f26661ab22c91,SME,0,fcd95bbdc5905948cec39421f3eff2a358a713159a24c843043cecdb3d5f1413,2005-2009,EST
a11ca40d1c4592e9374c4f7c2b83850ec1003257b9d7f8e950d0831fc781476f,SME,0,fd6261b0e10571e3486ea066b33c3a83814266f2ee89ff493e0c088c4d7c05d5,2005-2009,EST
e50a9a0b5e4be801b954bc392e94e0b498ac887e5840a1c64e5e0dc76b33ee88,SME,1,,2015-2019,RUS
a4212a02a5c02807d03c940db4acc9ecf5a09c8995aea46dc22a760eb95d23b8,SME,0,95052cb12d6d12b12fdafdcb5bebbf43ddbe710c3b7861bd41a31b32f31a4837,1995-1999,EST
52bb34bd85d99c4b81344a4868eca80892c13051c395f1d5dc033c44777ae280,SME,1,,1995-1999,EST
0f78ad0d38362296adf1a5e60bad3299c7b7b1d8f5562906192a751eeba8593f,SME,0,a98e56fed5a31ff0cb742931d8f04e55a17667ed3d2150a25798218b73ad7355,2000-2004,EST
e227fd496aaa92da64ffd8e34d0e40dffba6be3f3f5323cf991d398bff89c55b,SME,1,,1990-1994,EST
d5f11e2f6231c37bb3f872601f8beddeb7bdc74716f4566a037ffb4165c7acd0,SME,0,91b4a1746b65cce15e50d8c427350015771aad3c5e21971dcf66cf005b2e6ba9,2010-2014,RUS
f90e69be53b8c9c76bc5cf1ee0339ec4c61ba2c8e12a2d74f0520ad5f3f6481a,SME,1,,1995-1999,EST
dbefd6c57be398622b2ffc23328942f658489b0383de77d0a15b7b33a78b74a8,SME,0,ea82ef2ca2824bfe0d59e8d02e12c69223810e7c130118630d5c64d472cfd29e,2005-2009,EST
59a61e01ddaab2494d0db5d393d53632fd18328b38e7f0e9f66fd639e863d443,SME,1,,2015-2019,ENG
da012007ef20bc77895521f7bfabda81e24a7678761a42262e3f9656deaa6dc1,SME,1,,2015-2019,RUS
ba1cf1c9365d89c05f35e2bb0ecc422302440b39851611204bbce718c4539b9b,SME,1,,2005-2009,EST
556b5d40b355a71021d1ddbdc72b3b26c2a8c76411e952c17557064edb9a2c53,SME,0,7c809d9dc3520699c032cd5f20e3935d3898c1815dad79e7013ffc6b025c3ab5,2010-2014,EST
14fb9bcc4552db9de7d6cc83925025363240ae0a0d4e28b4e512f4d41059a409,SME,1,,2015-2019,EST
14cfdd37f94027ca01981f8e7409994bd4673875504b58797fd5578930ac6cac,SME,1,,2000-2004,EST
5819ded7c83b227db01c55ac45c87f671426658ca8fee8092bef36c3c3175cb4,SME,1,,1995-1999,ENG
64048b309e23979c23dfb79c1ba20d5e72e71c6a4f7e85c0de59004d3b98cb0f,SME,1,,1990-1994,ENG
7b1d489df9cad8c26cc044133ea5418d2f1021a0aa81252a9211288020a8f6d1,SME,0,4fd6d56bcb2a095818d1bbe809240d31c25ac190331bbf9e0b9c48f2a3aedec6,2015-2019,EST
f87916138b129c4d5f239484e7b16170c3056d9857b79dd375fe8b34f200d262,SME,1,,2015-2019,EST
8ccccf0e44460be6d5a2bac31bd7b4200711a726d0b4a8b0a700628c5688468c,SME,0,0f80a330c109c4c4e89e8c5e32351089335c2cfcddc59512e50a6aa1cfc197c8,2015-2019,EST
f7d9dc52ea0870c3352af8a7ecfca4c44c07eaa91f2ded414fd383f2a8ab5128,SME,1,,2015-2019,RUS
d45ebea7393e80c04c5fd51328a01130bc3168c6fba93d94139f857bd26473c7,SME,1,,2015-2019,EST
304247a2f900f2d44b435b203024cb77e788eb32a1d5a76943bfd764ccaaa747,SME,0,17a30c154a025f3ecac81a28329f21ac82cb1898843212c9f36d9bb2e0a6cd37,2010-2014,EST
5366f4fae5b3bb260dcd918f63349035d84217861251de0bb43fcf1905031c51,SME,1,,1995-1999,EST
e7028c1e3ecb33047929260cda8ffce8faa9103d1e8b86776549c0431eb188dd,SME,1,,1995-1999,EST
7926c87d1725c68b748fdab8eb62748302778deb33795a51917187b164ea4f12,SME,1,,2010-2014,EST
5b3948e6f6a1315c7aa3d080488e18c50924cb534c0218e279ddf29ce2bb4995,SME,1,,2005-2009,EST
2373caccd6826093255268a87ee6a5732ba63d3ad428303781606ff94293ea79,SME,1,,1995-1999,EST
eb5c489b0eb710a5a5303e0dc5b352b66e3b759cc07b33688e82a8bccab7ec83,SME,1,,2015-2019,EST
14fa8f1d9f39764fec3bff60697bc34349cbae380465e6662397cac598c28e91,SME,1,,2010-2014,EST
e7c0eb0e75d8a5712e6f1c48c5f4a8cb03fc840afaa940480d362e88ad2c2369,SME,0,759f4cbd21000915d95e985a39111820a8327d063287980aa04db85eee038d9a,2005-2009,EST
2cbd1149f220ca281fd3e1287c0d3165cf5bb0f9984e4f9419924cdf8bd1007b,SME,0,4868b67a8184f9de1b84a47a5fa45dcc7ff8d8f8ec6ef474cadab4a7f5c9c740,2015-2019,EST
589cbe529a22b04291bf72fbbc7217176f93df466ab9157ed9ba1f45c609dcfb,SME,1,,2010-2014,EST
bc4ac7521b7f763c761b6861a8fe696cde04ff47e203c80134e8f4460e72fa00,SME,1,,2015-2019,EST
eb0b2c00a30b26aecf5984a4007862c2721449029be4eb44fe93f70c2d462b84,SME,1,,2010-2014,EST
a62a190d1f045bc62f58b39ed7d48864132751cf7f30cae53fbafb47a8aefed1,SME,0,c4b7237ce1b71c8659a52a0673606cbdf14d75f9982e86f34d9e7d897fbb9951,2020-2024,RUS
30b75dcd4d61584063ef82942c4145fea77e86e0a8dc9751003f9098e7698957,SME,1,,2015-2019,EST
377ff51a73d1cbcdfec7db83d57c71d4ae7c451abdc58a9e966a1d91cee6ad6c,SME,1,,2015-2019,EST
20daa1bb1c43a50adb6c505d7ce60642959c41d65395cb23e22c0d789f36a4e4,SME,0,29fd9067c18e7e205f68978906f64522e9ec83825445cf7854f4425487fb295d,1995-1999,RUS
3e4e7c4fcb3dc38a369ce059a9b0b1580ecd6d22e96c82c1cfdc88ad0b8909c9,SME,1,,2015-2019,EST
4787de8e5fbd66545cdc518d41e31de4eac9768c8f67793014722a709ee1678f,SME,1,,2005-2009,EST
46d9c65a4a22465faf35326f6dd3ca405a11dd948f229f69a9222ed8bcf1aaf2,SME,0,039fef0675abc9c900898d5eb77ddf9106ac278408049c65b934588310eed6fa,2005-2009,EST
b42e58162444e0839c20be0a3941767bbcce976439369924ce4828e7064f9d4a,SME,1,,2015-2019,RUS
3c9b819a282317efe5a502774c6c1ba6fc62b2dbd49ef8540f560855e5c66818,SME,1,,1995-1999,EST
1571d1ab43be4903d4b6b322ed84e34e2f3704886abbf0ce76864088b405b2bf,SME,1,,1995-1999,EST
d0b2ef938a9d4126544cd3cb4b661b3ca08f2bf6e8ce50e08077847b13650348,SME,0,7dab115a60014014401354eb219a0a97fbe46ae393f83f681d21451f2ee00f4d,2015-2019,EST
d52186e0fb209211511bac3b77c0b4cb3b4af496d04f1c0911fa758b98134b94,SME,1,,2005-2009,EST
3eee02d1e8473b962a1e0bc6bf46f9e7b3a1784353d76f056a82cba55706abcb,SME,0,d465cc228f37ff4689daf46b2ba2b5d2b31196de4079e0dd3846312ff0f84181,2000-2004,EST
3b52a0d01d4e3724d617bf8a11afebae20af979bae39c32823f6df181d1457a4,SME,0,f5e61f0e89792ab82ce82e7dbaa54bdc436a354f7ba0c9062089b433a6776581,1995-1999,EST
891b21e845f154de94c13b6d0e748d22ab66e82b00d0b8056de074b800930e94,SME,1,,2010-2014,EST
5d4c54bcd1a1f24d0d12e878164fedff3cc361ac82e764a2c4bbc68e13f985ae,SME,0,f2bacb2d51c380e6d47dcb56dbad6107e52ec2525476feee163180aa483830c3,2000-2004,EST
fe3ae185583b9cec7f223d7f96337bcbf09c66034478771e194ca3e550c36628,SME,0,be1a452b484e69e416f18806be20d27cb9add75d2e3c95914c1418273cf6b08c,2015-2019,EST
70a064a8178c343b30dd63f08cc5ca2f6eaeb8b03aef59c8f9135b3570347036,SME,1,,2000-2004,EST
c795ece6b08fb97fe20f3fcadf0aa4f9d2ec9c840766abc0e6c3358991ebefda,SME,1,,1900-1904,EST
0d8255e40090f76c5420d066151c126680490c140765ace18311f53a9c3f317a,SME,0,acd08558fd3c907b31cfc65a8ffb8a91ebd25782d2bc1a5ae025411158a0c3ad,2015-2019,EST
c08734f32c9961b529af0cdee342cdbecf29aa692c455a92bd61c55541693730,SME,1,,2010-2014,EST
d6591747c782480a305ba4a34fe799327dd9b595d10001faa9e3f42c30c50b9c,SME,1,,2005-2009,EST
d0811806f58dee1a26b3bb63ac149ad5b5273345a3e655599d530140e2ff8143,SME,0,2f119b719d3075df1783aca4e8c55a9038f59f8df54d1ed8276c47423542b0c7,1995-1999,EST
817bb03b7e42f5f3137213c30857f504a05e7ac1bc64e7a0989a0557a8a2bf88,SME,1,,2000-2004,RUS
1f53ebcc58bf761efd5dc3ad520d2c0ef6d76dd72a49198ff501f065c06c0b1f,SME,0,246a0bc3aefb1322d750096a5f62bacef014224d6929cd31a88bcebb711548cb,2000-2004,EST
15ddfb0d84a436a93048739b47f8b3349a72886a5803c9b604f1acce2f2f0ab7,SME,0,d63aa33c98e28b7d0b290443788f925db8a9ad321b0423d6cbb0b7b6e9db6582,2000-2004,EST
db26d5741c04e2f6a09a4f46d0289a8629909b8c80a96f390c09b4489bf6964c,SME,0,897ca24f38a0c61037964c59975dd89b1d64cfaaf9371643d8d8c393f3c7c61c,1995-1999,EST
1a5e466cb1644a91d17284fd97e47a88dcedd756a16ae833fc4734a5afd45108,SME,0,7e20eb1996c34bdb276bc794c01f389eb0268ed8d5a248ba7cfa93834a1692b0,2010-2014,EST
5086efdf6cb6853d8d349a92bd55b24e3bfc77e1d129e30edb3e069064acc160,SME,1,,2015-2019,EST
f7af8bee1b0c7be2c04e324a66ffd963a1f9896ce737beb4c895d14c65f02bcb,SME,1,,2015-2019,RUS
c13d70e9ff34e68cdb25231372f9afe59dfab7b37f32dbe47418103edf0cc628,SME,1,,2020-2024,RUS
051ddeed8ac2c0fe2a8ad4b94e8e4710c16da24dad25756df2e8f0396667ab29,SME,1,,2015-2019,EST
44f3c0ca7e9e2a5227e7a734b443816aac1f4da17ee5bef847f99dd369a9ea2d,SME,1,,2005-2009,RUS
ef3c9b66fdc89fe50f3b82132c4931e126ae4376a5a28bf522989f7318ccc55e,SME,1,,2010-2014,EST
56d8c44eb08e2894c676b8904ad70424d36075b0004eb0e995733f7d9d6e240a,SME,1,,2010-2014,EST
3dfd0426b8b61e966424dc460177007158a420afdd941c4926438569a5868f7f,SME,1,,2000-2004,ENG
2104ea4d7b8c500f946f5f1213136be8f73f54aec2e912a6e1c897e0dc1c0d32,SME,0,65bc5a8660aa8d78069b5eefe0e0cf9f03ab2c1a7abdc8565036dad11f4b7b71,2000-2004,EST
446be2dcdc36e771642dfddc31295316b557a79d669cbf515a83c92810f3717a,SME,1,,2005-2009,EST
84a4ef164ee857e33963369349c8c3b200934da024494a0ab81256f652cbb124,SME,1,,2015-2019,EST
2ba0b14417376252c9b96c94886bc3416d2480b1c1c1d957163e0cf8186dc0c8,SME,0,72b5b337a25b991a979f43c566502a63c7d4303a7864e8e63c6e2e29e55e2c29,2005-2009,EST
c133d2d22d2ef5b90f624bbab30a5c696ff38dd06bb5aa600b7b141db8389330,SME,0,c86227b44fb7b73a133dc210aae0ee6a70a4ad6356ae74429d50f307a0b26738,2010-2014,EST
57cdb37491ff259f2b3bfc3d411ef23957fe29472c997288f016b08b016f2802,SME,1,,2020-2024,RUS
05178c7df708439424bc1232aa8e17a976d1e7bdd72f1d13de8a64fe70f66c12,SME,0,d2030ef923e6b80ff4d88cf8843e4526a2322fc27b8b6817fcd1b4a8b5195394,2020-2024,EST
3e37364d145b979e161df5317eb4461e35b92a6d3e03ec391b312b5c23d6d2b8,SME,1,,2000-2004,EST
b3e5ba14546990e8ba7fe0d38f1c703a7975b1520220ae4a6b431045974d3377,SME,1,,2015-2019,RUS
4e8d13c2f3981ac91951ee00790652a3737c0c474b50a8a20d62fb2b64928079,SME,1,,2015-2019,EST
60ab29770211c5bc262428683e8421ebd3827da733b1b5a7e47731c8705eabb1,SME,1,,2010-2014,EST
0766bb3f1b436e28ba51a8e48b4528c60a04f296f94de69c71b793628cacac7f,SME,1,5423a589578ad829a4d0d256bdeb049b3eb888c4a51c6015479b82a0b4d31055,1990-1994,EST
f2a30d536da8bdd38dfea1e91c8314c7c08a0ce7838eecbad8c6ef12c369797d,SME,0,242b06004b60eb3b4014f752620debe332055f030fa086282d480ba55659d6de,1995-1999,EST
c050fc4147666ea905cb9d908d18a705f68c8d6d07b9a421382c63512cfc01a0,SME,1,,2015-2019,EST
49a9c27d3f74406c52bc1212a67620b858f207455626a5fdb58046618f0427ee,SME,0,43cd9d83b0acfc455c33ebfc2630e6653d1378f9a1f406782b8f55681f1acc01,1995-1999,EST
5558d0e6421bee5f829e9551e325a7f101b14a9b304cdebf97ced72a6c386f4f,SME,0,687e6dfd39676aeb0912e45ef22fdf365ea1f294238dc901c410b1075a6677ce,2005-2009,EST
e92abf50821c7e6569a189b5ea04460ffee462bac0641047d402ec318d03a9c4,SME,1,,1995-1999,EST
8e548646db5e1cb1ba89cbb1d1b901171176089de5fa5eaf744e3f5bf8f8bd23,SME,1,,2010-2014,EST
2ed96ef5704c014241b449e39d4ee9b1c2eabd706de07c4646d2887b374f9432,SME,1,,2010-2014,EST
fc21f6dc4fa40eef6ef5672bb55dd5462b926f2111c13887062ee64bc65da38e,SME,0,c54446fac12c21c52430668033e9e7b3d028f3f8441e7656a4c9c0a2306ebefc,1995-1999,EST
f1611669071f4e39a4683b660737030ef402df0092dac7b4f68c67323a22b2a7,SME,1,,2020-2024,ENG
5fac79e6c3d098472b9c094110534b5c43fdbd5b91cb8ae85ea992c02a81026e,SME,1,,2010-2014,EST
fbe14c07ec1f37cc13cd6804af883c6f297aeb711a2c85dcb8566753e10a9fbc,SME,1,,2005-2009,EST
d96f913578f1238238d09beaee3f3fa8c8ab825cc0f30c68e8824a3337e41272,SME,1,,2005-2009,EST
7422febaa9774c2792f462410f1a719a3d0702930c8c83e5eb8de7178320b3fa,SME,1,,2015-2019,EST
2080a359f681ff707d6a57f0db2821daf97b3c43a1d9f26db7b0d2fa1f9e3813,SME,0,e2063d8fafc6cabd5760a5dec09fc0ee5a5bc39324d8d5f632fc101fa5438779,2005-2009,EST
8f0f8e0abc6de964ee07ab09db09f81e59038ba33c24d09eadb87c59e296dbf0,SME,1,,1995-1999,EST
37fcc88a61d5969d25489fa07550ecb4f91be10dbfa4664ec5d0978df253cc2d,SME,1,,2005-2009,EST
a27aeda587fe3d135f977cd2bb76aa426497ad48f385046198bd40c06216c47c,SME,0,dd636c882c5a5ca9f40ea38256e56e4e782980d28fa1fc1da90e76c7122cd1ab,2010-2014,EST
36f90ea9aae86bb37de4763c270ff0965c644113f74455c92a3f6e8863c272a6,SME,1,,2010-2014,EST
d914f6653d025090feb4142414853bf81316f4a398267dc2bfe4b8033c8098bb,SME,1,,2015-2019,RUS
e9026654d11ef20beb111e29dd29435684c703ebeb3e7b2c74e198b70c0aff4c,SME,0,e590f99158dd7b6ed1c7d8c7e35a581f4ef7fa853439f40fcd5c0f3b3ab096cd,1995-1999,EST
4f0e388f56c75ce76007124398bb9d34023e7dc58c6d54821272a76b70db60b5,SME,0,58d98b3ec6ebc5e7a48753cd899e87d1bd74c722aef1e8d1ac00271cea5da132,2015-2019,EST
8e9ef31d8abafa5314ba085e17702fe6107b6d4aafa4c27c7cceff9ca36b3b9e,SME,0,edde427cc26e56ce0f4e3480e7fbd21aee62e0743ad3bd2e57b82acd2b06e7bd,2015-2019,EST
d2a9d46443e64cce12291dba9c278e3a436885861e542161a6a56a95b080ed00,SME,1,,2015-2019,EST
88683dc6643e42b5b6622cc47a9260e36dff51d7ef8ea46aeaa857e0c09dc104,SME,0,b0b40d84dc928c9b18c51c4a99417d3f661868d9b152e24d2c7c694d9894be2a,2010-2014,EST
f63c56103a8985519c695a815da30a803e1645b14de50a3024ca75e949b4f30d,SME,1,,1995-1999,EST
878a9a981f7f0b7c63da1ad0781c621ca781c64ef3247cdfc554c03bbcaefc6c,SME,0,7f89ec9c675dbb9255bca85efdcdf514387f885203f5b58706132aac9a1d28fc,1995-1999,EST
c5e08e05088ca34be097ca074dd4b34239363820d667c9777d4aa0a21093a43f,SME,1,,2015-2019,EST
0e93dec39644e7a0360057a6ec7b9a305457dbcd33a5204e71e3da12561687d0,SME,0,95957f6d331d99c66846a833b491c059d077af91dc50e7bec12fb435db4f0c2e,2015-2019,EST
724f653edcf2ce7c1fe53a8df9385eee98561b2c3fd2941c1b9ee37b71f26871,SME,0,8e301fb0c297c0f59f1433079617a4e3893649833910ffdcb57129899befc6af,2005-2009,EST
a55655e1f3f5691a648c89ee6960e4724538e877c8a95cb321db1c5da12e4ede,SME,1,,2010-2014,EST
e0668800a42b58d55f400cab495e3208353b894333d59ec102ad01666e3eef62,SME,1,,2010-2014,EST
d44bd14bae1557199edd5e46eb26dd4a8930391d078b67cdfd29554178d09d4f,SME,1,,1995-1999,EST
882102a94b45cfe851fce6677cae0f300617cb695469f2dccd3115a397096a75,SME,0,fdb09926f138ddce4889f5c73ca4e85efced289442617d7e663b07941063e637,2005-2009,RUS
5d973b540fc29fba3d0b48c052a1e24117e6a68e310cd5358c18d866f90a0662,SME,1,,2020-2024,EST
2dd85459b0d9a5143e10aa58a0fc0ccc64025d5a8122c1ccba83c227b5177020,SME,0,85a710542bdf52c01fc683939795b993292c6b77f7d80637b231c5ea1aedc952,2010-2014,EST
a837dc489fcfb2bf882dfc4051f073998b02bbf5800aa49d1bfc1b94bc3cd36c,SME,0,a412ea95ea5905ca8b95151e3ae443493f6a0c011f4a05e7809deae01c5d66e5,1995-1999,EST
25861dec5c1856841fb3b4c5d4a55cedd81def9a9def877239187eb07c9448fa,SME,0,02bb56833637c64fef4a207813dc55a699e8aba25459f7185ca37ad9674f3672,2005-2009,EST
1227b31c8d95af8e6cb0fe0c0bc6952e4c6fb6f39c9df2b5baa02e4cddf0cff0,SME,0,7f968c5f436e4df8711be9ff6e6516dadd4ba5b5c6d92faf30f5112ee5cd3863,2010-2014,EST
dd84c444ea5b5db0b37bb06dab3e386e0f5626d2c9c9c437e648aa88f9192f6e,SME,0,73b179d2bfe105524a973d059dc5aab6d946535f76a64303a11a66972a44e85e,1995-1999,EST
846200bb592f2d9ec3a8bfe527982c0d00d8902c6512bae33362a465b33df354,SME,1,,2015-2019,EST
ebba38c9d7e582ab5a3970fd45ab5f05e9609264abd90a68715c1e93b954d1dc,SME,1,,1995-1999,EST
5844fafadf435e91a8b8acd2ccbfba239b556ac4e17cbbe117bdc51599cf6811,SME,1,,2000-2004,EST
f0f1e6eeadafa4c2ba936f2fa3638c507edea18c819fd3f12e21725e9a7fd273,SME,0,3e2b1e404bf5fcdc3913a1e5af82fb71b4817a08879e79a34d17ac7c9d54618d,2015-2019,EST
ea392781e1efb4750f25934c9ab4501aef9367fd2103dca4c04d9c989cdbb584,SME,1,,2015-2019,EST
7d296056d8f23d2288815338ad1c88055b841fe51db550c707d7e718e0d55752,SME,0,5b9d14a7a6750ac43224ef380cb47e6cb11d88ec688360a2fcc13c152f73b68d,2015-2019,EST
f18247bf40d704fe0b2889d1207dd6de59f5acadced22feca320b7c10abd612e,SME,1,,2020-2024,RUS
49de9c460b0822030b3300eda3f6f743dd33754e623fd2715faa03de87f13982,SME,0,049c7fa2085f89cc4737c0fef012000c48185cd4b13a0b4f4d819497a9940669,2005-2009,EST
4e925f15b1497704bf8f9e37ad5554fa9297097c6ada30fafc42ba1e7f755379,SME,0,5ad70d9ba9e80e861e7c39a84ef56ffcf611a7e9cc9accb905e5ce449731ec88,2000-2004,EST
b261b8eb5ebd571efd3f911de8892ddc292638d192fd6964b7b39a0a2027f865,SME,0,4c46a3b02ee3eb24a0dc4e98f2c101c2edd0d1fe4337a2a650ba07ac73602778,2010-2014,EST
3399ee6deb69f38a183bf242fecf8079c263b7d5e5867a210372ead1410411fe,SME,0,1396686141f8aa8c52da345e234ed358b6b0fde65dfe6c6e8b899b878e3529e2,2005-2009,EST
05acfb20da63f0587952318992b4f135bb1208f549ea6d307959e04e86a3073b,SME,0,d1aa61a7bd5404acf4bc6da5bca9b0fe0c0e57bfcf06fc4f3a915c651693e721,2005-2009,RUS
ac32abac233c1491365a501687fcdd83b216fca5135851db10d2668a48ff65d3,SME,1,,2015-2019,EST
ba0eeffac58c26533146cdd66b18ebae28b3af28c00c41cb177591271542fd8a,SME,1,,2005-2009,RUS
945b15ecec7d5402b87e697a06a7c5f2eb9dc603bc9776db1e2fede328beaede,SME,0,7556fb7064bcc0e69f4ccc8f84925fe58753b55da97a43c2ff909fdb73b79698,2015-2019,EST
1a63f3cb238717ad0800429e13d111cbb00345ba7d1fdb914dd5ca5a7d50f786,SME,1,,2005-2009,EST
e269907375ed996a8e20fa3a4d0ec1d8678d8bb68632e179c166210e095e1673,SME,0,,2010-2014,EST
7ca7a6bdc52f5c1c58d7b339028fcc2a09a432299107ec3fe25000063003276d,SME,1,,2005-2009,EST
4e4115a79a8aceebf22ff25889d2e69d8a3f4c0d4c3c87aee33fb4663ae27950,SME,0,89c459320d4b558e388e211c4bae5275e595b0aa475f4e1d226cbd4c41e00079,2005-2009,RUS
ea03574952d3b34b94156ab566941943288d9c75312e16c81f754d884355c9f6,SME,1,,2015-2019,RUS
55c62a96a5b5a7ce35e9218cd608ebd4674ba35629d6c52635f7557b766d17fb,SME,0,bf7c44489fa73f9c9ad54ad2afc81a3a69b8e19ff11adc30203d00f3ca687d17,1995-1999,RUS
09a88bd6bf2a4135c00e618894eb0c0e63a9160cc6314f9c5c21a221fed05854,SME,1,,2005-2009,EST
63cd43af8ed7e605c04bbeab3a1afb2f704fe7016fc18992e113785508e7fe53,SME,1,,2015-2019,EST
470a6ef003a5912be3abb21def8cfe3190db6dbc821950f6f41271959fb8289d,SME,0,ee5f3b660714a2cfb52f599a5555e15038eedbfc0da4c3166b0fb8b6cacced0a,2010-2014,EST
8ba1fe0f43598fd8dc8cdc67408dbd0f8e9e3786f683173d4c2b65709b4cc703,SME,1,,2015-2019,EST
24c021578bb29ae7c35cd326a2495c0382cdafaa4599867b98a7434ae4d2f48a,SME,0,2bfbfff7aeaa56ac5591a53d25c9c00cadba24d47c0dd91617f9b0cb6a276562,2000-2004,EST
f9839d45f0bfecd4127225209160eb1e64a7ddd96a3756083f4f79c8e5a55bb8,SME,1,,2015-2019,EST
ea417ba6f462145ad050d1749be032918cc8dd4d3a02495b94087522679b418b,SME,0,,2015-2019,EST
0e460369d7ce535d3e0f3f8aae5a0d0be25ffb37f027fa41f274fd06f336e956,SME,1,,1995-1999,EST
1130f7aa3f169c51d23c06e5ad6572535d4bec8ee748722b524d43478026a023,SME,1,,2015-2019,EST
3e8145753cf09b7d036a80a639b0145886dced4a406cfe7fa111293013da3001,SME,1,,2015-2019,EST
cff62afaf46cd7edc81cdc6ded9e3caf10a5fbc1150322b8458e2bf3849ac289,SME,1,,2010-2014,EST
7d52113813696c00a85bf1abf89a40fd87d600e15e30e2c374d89892f38d2299,SME,1,,2020-2024,EST
ea533909b850bc203cd8a1def0cbc22426b06ac46b95242cd3a6c5177e0e9ce0,SME,1,,2015-2019,EST
6415d7f56d7dd1098add7076cab6a41819fa137cc66a74ffc097b8344ea611f9,SME,0,ce4bec33e904559e7eed84f3b1334a523e7770d367a1b3fe71bb7740b1e4ae48,2010-2014,EST
61811f0916c70bf29c343321214f9c24024a9c2fb659b5bf15412988c57f0346,SME,0,8569d7c4e094568c1036345e732d84ccf5b2716276cbd4e82a0d7520e92ea768,2010-2014,EST
65552e77888567630526db2d6dd9a6c2a8b9a0654aebdf139dc1c45254003791,SME,1,,1995-1999,RUS
bb67b4b1d8b50161077614a85297ec7fd11d636223c44c16fbfc5f00bf01b78e,SME,0,e4a6843fc5c9560029c286722b9179b47e4f912bba8f6f7921ebdf62f268ca51,2010-2014,EST
9a8b3fdee96a2ecbc1e68b6678dc3326c7cfe43110d87fb678d78ed10f3b96dd,SME,0,579722f28aea6416b07e840cec52fe4c80b4e2fc6952a9f7fd9f7897660201d0,2005-2009,EST
72fa9d86eb01f07ca79532e407dc248ea8ed027b058591ab535ceef4e8b66ef4,SME,1,,1995-1999,ENG
f76fd73e00d575e0e849c31802f9e8d599a4049141196ee8a0d3a5fd501b49ad,SME,1,,2000-2004,EST
ec2cead90d22cb5b0d764b5ee0ef1585dc06ea07fdb64b729dbea6b6fc47c3f1,SME,1,,2015-2019,EST
bf9c8abd6c742ea5a72c553c7014a4aa77851770cc5dba6a0f27cb72519ea740,SME,1,,2005-2009,EST
d97e7891f2ec9241bbc5f6d544f1d6cae59c47ecca8515858c8dd066053e1cb2,SME,0,6e04efd1ae797372e49685b8d522cfaf6235b8d3b3c4c4198352190d0ff470fa,2015-2019,ENG
c37813396f301c7bddacff6a9c4e4d794f7f0c2300107d5a10d7c130cee3de6c,SME,1,,2005-2009,EST
428c11541d707071c188a327752a1d509ef684db8815b452d407417257e2a798,SME,1,,2015-2019,EST
729d6ed70ab491b42afe13629b817d7b6725f36d39092c2473f45a8148333843,SME,1,,2005-2009,EST
3f32baefea6eacfc6c5ced2feaa728c93090f1ddac34e2e0e1df738b5635fa94,SME,1,,2015-2019,EST
71bf0df88bbfc263cf84f70a98adcbad180e42b70cd855d58d28a272c1caacc3,SME,1,,2010-2014,RUS
7f5e8dcd3ef3a4931dd2a64946c9ffff36d25c41c155620d64d38abdb09e856f,SME,1,,2020-2024,EST
62f041fe3357b503c62d41f167ab2568d1905e608374009c843bb16db6606ef5,SME,1,,2000-2004,EST
e28ca0097531ddc5e0dbc39746a3aaf075f4ef40e09efab040966518ffc02cd2,SME,1,,2005-2009,EST
b8af0037b5ec6e7b11884379d089d42e527508d5ec23c0054d7aeb7e78cad142,SME,1,,2015-2019,EST
cb8559f8169dbc3dd617631189fe49f24a9678fe0e91653a0b2bab105e746746,SME,0,4608283df7e3b852ba7da1912df1e1ed7beadfbd591c55c287a21ca59c574d4e,2015-2019,EST
2880282b01ef49bedf943486a0c88aa425cac704cbff5d187e53815bae669899,SME,0,bfef1a642cc00a405577bdacb3989e4a1a77df06d8b083b4f76b59920e6d2096,2000-2004,EST
e60881fc546f298f70faaaac1df40f027bc29b4d31b270056b81bb090b08ec38,SME,1,,2000-2004,RUS
e557d2be8c65129878a064753c65b72ef9af750cdf52c9f6ac910d989343a00c,SME,1,,1995-1999,EST
c931bd9528a2b730cdea4b0ea572f588017d51cd6bd18d9d8ac7e8a6efd6d200,SME,1,,2015-2019,EST
e33d22964744861b4b1504220f8a4fa4f26185a54058e9eb87211c219feff6e8,SME,1,,2005-2009,EST
db6445e037832435eabdd1de0f0f89a5808eab36bccf27bd4c876a7199c90f7e,SME,1,,2015-2019,EST
04bc585317db96de88088dee4de9a57ae59f0a3a6e50c2977bde0b62676eb4da,SME,1,,2020-2024,EST
982d9d33dbdc911bdef2dc648df424c8365bded3160539930525a8d5391ba662,SME,1,,2015-2019,EST
3892a80f1e2a40925889f63682522ef928a47c922ce8f4837944abfd83ffc2fb,SME,1,,2015-2019,ENG
df7ef4748e9abccda1c262192e702954e37730458f552ba1d909d9d8b2ae526e,SME,1,,1995-1999,EST
e6642eb8dc2077435b9f8275e8e08ed0b9e820ae630f78868cd7d703d63a6146,SME,0,a01b828deb8d288675df069ef72f556b4bc0ff82e953f3fed19cd2925074b89a,1995-1999,RUS
b78924943b3e5e0d12ac7358eebd3484ee09c773bb631395a88f720d069df86c,SME,1,,2005-2009,EST
8f8c623bd34ace23cb79e0756d38ce67520af0abe249f28917caec718c6f19e6,SME,1,,2005-2009,EST
3b389a8f446198afa21bc91a994099f562e10ce9f69bdf5eafe87c58015efc8c,SME,1,,2010-2014,RUS
5d0a5a4edbf7abbb97007c47301fb70c7c5979827803b6e3110bbce7ee43d42e,SME,1,,2010-2014,EST
2a6aaed671a357b769ce85a06ab3b49019fd171ae8d335edde38b27b800f181b,SME,0,d9c8e7fff21633b9936bc7c7f12d6203a0c488530e859eeb3534df567f1c0b57,1995-1999,EST
1da539eb7b5f3e8d252f04dd289e56bac3e4865b061dd5b4e6b749bf2548d244,SME,1,,2010-2014,EST
bf542fd0bf309b65dc9da3b8bab93018fe1498b8293a02ac814486baed04ae44,SME,1,,1995-1999,EST
6d1b87018cbf3f0aa4d2defe8a3411b873b0ae8e6b97e54b39e247ead1b008aa,SME,1,86924ebfead1d0abc84bf74846b42cb81a2f9890fb2203a38368c71c8f7d9525,2000-2004,EST
a35385aeba056fd8dfc92c5eec89709a7065319eb13097b25a8cbc303b28dcd6,SME,1,,2000-2004,EST
22e869eae83e9318041e73d9f729234ffd79447a99232ada2e0331392cb90482,SME,1,,2005-2009,EST
896fe6c708ac90bdd1c0b774f8a731247376b2f6d293dbb2bb274a9046805be3,SME,0,,2010-2014,EST
14a5580815088fd5d1e4eb1ac1859cee1dae754a21805d789b53eae080453d9a,SME,1,,2015-2019,EST
28bc2bf4833b27e5ebca8d3f7ae39bd0834df1c21eafa1389cc44148d781caf1,SME,1,,2010-2014,RUS
